{"created_at": "Sat Jan 18 13:26:33 +0000 2020", "id": 1218525082819223553, "id_str": "1218525082819223553", "text": "Protect yourself &amp; others from getting sick:\n5\u20e3 Practice #FoodSafety \ud83c\udf7d \n\n\ud83d\udc49\ud83c\udffc https://t.co/Dcv7C9iBGy\n\n#coronavirus https://t.co/8Fpsgjtop7", "truncated": false, "entities": {"hashtags": [{"text": "FoodSafety", "indices": [61, 72]}, {"text": "coronavirus", "indices": [105, 117]}], "symbols": [], "user_mentions": [], "urls": [{"url": "https://t.co/Dcv7C9iBGy", "expanded_url": "http://bit.ly/2I4vOBd", "display_url": "bit.ly/2I4vOBd", "indices": [80, 103]}], "media": [{"id": 1218525073881141249, "id_str": "1218525073881141249", "indices": [118, 141], "media_url": "http://pbs.twimg.com/media/EOkSGUKXkAEqPEB.jpg", "media_url_https": "https://pbs.twimg.com/media/EOkSGUKXkAEqPEB.jpg", "url": "https://t.co/8Fpsgjtop7", "display_url": "pic.twitter.com/8Fpsgjtop7", "expanded_url": "https://twitter.com/WHO/status/1218525082819223553/photo/1", "type": "photo", "sizes": {"thumb": {"w": 150, "h": 150, "resize": "crop"}, "large": {"w": 722, "h": 1024, "resize": "fit"}, "small": {"w": 479, "h": 680, "resize": "fit"}, "medium": {"w": 722, "h": 1024, "resize": "fit"}}}]}, "extended_entities": {"media": [{"id": 1218525073881141249, "id_str": "1218525073881141249", "indices": [118, 141], "media_url": "http://pbs.twimg.com/media/EOkSGUKXkAEqPEB.jpg", "media_url_https": "https://pbs.twimg.com/media/EOkSGUKXkAEqPEB.jpg", "url": "https://t.co/8Fpsgjtop7", "display_url": "pic.twitter.com/8Fpsgjtop7", "expanded_url": "https://twitter.com/WHO/status/1218525082819223553/photo/1", "type": "photo", "sizes": {"thumb": {"w": 150, "h": 150, "resize": "crop"}, "large": {"w": 722, "h": 1024, "resize": "fit"}, "small": {"w": 479, "h": 680, "resize": "fit"}, "medium": {"w": 722, "h": 1024, "resize": "fit"}}}]}, "source": "<a href=\"http://twitter.com/download/iphone\" rel=\"nofollow\">Twitter for iPhone</a>", "in_reply_to_status_id": 1218517559701594113, "in_reply_to_status_id_str": "1218517559701594113", "in_reply_to_user_id": 14499829, "in_reply_to_user_id_str": "14499829", "in_reply_to_screen_name": "WHO", "user": {"id": 14499829, "id_str": "14499829", "name": "World Health Organization (WHO)", "screen_name": "WHO", "location": "Geneva, Switzerland", "description": "We are the #UnitedNations\u2019 health agency - #HealthForAll.\n\u25b6\ufe0f Always check our latest tweets on #COVID19 for updated advice/information.", "url": "https://t.co/wVulKuROWG", "entities": {"url": {"urls": [{"url": "https://t.co/wVulKuROWG", "expanded_url": "http://www.who.int", "display_url": "who.int", "indices": [0, 23]}]}, "description": {"urls": []}}, "protected": false, "followers_count": 9230732, "friends_count": 1737, "listed_count": 33459, "created_at": "Wed Apr 23 19:56:27 +0000 2008", "favourites_count": 11728, "utc_offset": null, "time_zone": null, "geo_enabled": true, "verified": true, "statuses_count": 60455, "lang": null, "contributors_enabled": false, "is_translator": false, "is_translation_enabled": false, "profile_background_color": "D0ECF8", "profile_background_image_url": "http://abs.twimg.com/images/themes/theme1/bg.png", "profile_background_image_url_https": "https://abs.twimg.com/images/themes/theme1/bg.png", "profile_background_tile": true, "profile_image_url": "http://pbs.twimg.com/profile_images/875476478988886016/_l61qZdR_normal.jpg", "profile_image_url_https": "https://pbs.twimg.com/profile_images/875476478988886016/_l61qZdR_normal.jpg", "profile_banner_url": "https://pbs.twimg.com/profile_banners/14499829/1610970935", "profile_link_color": "0396DB", "profile_sidebar_border_color": "8C8C8C", "profile_sidebar_fill_color": "D9D9D9", "profile_text_color": "000000", "profile_use_background_image": true, "has_extended_profile": true, "default_profile": false, "default_profile_image": false, "following": false, "follow_request_sent": false, "notifications": false, "translator_type": "regular"}, "geo": null, "coordinates": null, "place": null, "contributors": null, "is_quote_status": false, "retweet_count": 352, "favorite_count": 431, "favorited": false, "retweeted": false, "possibly_sensitive": false, "lang": "en"}