{"created_at": "Fri Jan 17 19:14:05 +0000 2020", "id": 1218250153901076482, "id_str": "1218250153901076482", "text": "@WHOThailand @WHOKobe @WHOSEARO @WHOWPRO Q: What are the symptoms of #coronavirus infection?\n\nA: It depends on the\u2026 https://t.co/5BY96ByKlk", "truncated": true, "entities": {"hashtags": [{"text": "coronavirus", "indices": [69, 81]}], "symbols": [], "user_mentions": [{"screen_name": "WHOThailand", "name": "WHO Thailand", "id": 479264032, "id_str": "479264032", "indices": [0, 12]}, {"screen_name": "WHOKobe", "name": "WHO Centre for Health Development", "id": 538804810, "id_str": "538804810", "indices": [13, 21]}, {"screen_name": "WHOSEARO", "name": "WHO South-East Asia", "id": 1545915336, "id_str": "1545915336", "indices": [22, 31]}, {"screen_name": "WHOWPRO", "name": "World Health Organization (WHO) Western Pacific", "id": 3794682452, "id_str": "3794682452", "indices": [32, 40]}], "urls": [{"url": "https://t.co/5BY96ByKlk", "expanded_url": "https://twitter.com/i/web/status/1218250153901076482", "display_url": "twitter.com/i/web/status/1\u2026", "indices": [116, 139]}]}, "source": "<a href=\"https://mobile.twitter.com\" rel=\"nofollow\">Twitter Web App</a>", "in_reply_to_status_id": 1218234203361480704, "in_reply_to_status_id_str": "1218234203361480704", "in_reply_to_user_id": 14499829, "in_reply_to_user_id_str": "14499829", "in_reply_to_screen_name": "WHO", "user": {"id": 14499829, "id_str": "14499829", "name": "World Health Organization (WHO)", "screen_name": "WHO", "location": "Geneva, Switzerland", "description": "We are the #UnitedNations\u2019 health agency - #HealthForAll.\n\u25b6\ufe0f Always check our latest tweets on #COVID19 for updated advice/information.", "url": "https://t.co/wVulKuROWG", "entities": {"url": {"urls": [{"url": "https://t.co/wVulKuROWG", "expanded_url": "http://www.who.int", "display_url": "who.int", "indices": [0, 23]}]}, "description": {"urls": []}}, "protected": false, "followers_count": 9230732, "friends_count": 1737, "listed_count": 33459, "created_at": "Wed Apr 23 19:56:27 +0000 2008", "favourites_count": 11728, "utc_offset": null, "time_zone": null, "geo_enabled": true, "verified": true, "statuses_count": 60455, "lang": null, "contributors_enabled": false, "is_translator": false, "is_translation_enabled": false, "profile_background_color": "D0ECF8", "profile_background_image_url": "http://abs.twimg.com/images/themes/theme1/bg.png", "profile_background_image_url_https": "https://abs.twimg.com/images/themes/theme1/bg.png", "profile_background_tile": true, "profile_image_url": "http://pbs.twimg.com/profile_images/875476478988886016/_l61qZdR_normal.jpg", "profile_image_url_https": "https://pbs.twimg.com/profile_images/875476478988886016/_l61qZdR_normal.jpg", "profile_banner_url": "https://pbs.twimg.com/profile_banners/14499829/1610970935", "profile_link_color": "0396DB", "profile_sidebar_border_color": "8C8C8C", "profile_sidebar_fill_color": "D9D9D9", "profile_text_color": "000000", "profile_use_background_image": true, "has_extended_profile": true, "default_profile": false, "default_profile_image": false, "following": false, "follow_request_sent": false, "notifications": false, "translator_type": "regular"}, "geo": null, "coordinates": null, "place": null, "contributors": null, "is_quote_status": false, "retweet_count": 220, "favorite_count": 244, "favorited": false, "retweeted": false, "possibly_sensitive": false, "lang": "en"}