{"created_at": "Sat Jan 18 14:41:51 +0000 2020", "id": 1218544031409545216, "id_str": "1218544031409545216", "text": "Practise #FoodSafety:\n\u274cSick animals and animals that have died of diseases should not be eaten.\n\n#coronavirus https://t.co/mF3Tage79E", "truncated": false, "entities": {"hashtags": [{"text": "FoodSafety", "indices": [9, 20]}, {"text": "coronavirus", "indices": [97, 109]}], "symbols": [], "user_mentions": [], "urls": [], "media": [{"id": 1218544025210433538, "id_str": "1218544025210433538", "indices": [110, 133], "media_url": "http://pbs.twimg.com/media/EOkjVbXXsAIPC9C.jpg", "media_url_https": "https://pbs.twimg.com/media/EOkjVbXXsAIPC9C.jpg", "url": "https://t.co/mF3Tage79E", "display_url": "pic.twitter.com/mF3Tage79E", "expanded_url": "https://twitter.com/WHO/status/1218544031409545216/photo/1", "type": "photo", "sizes": {"large": {"w": 1080, "h": 1080, "resize": "fit"}, "thumb": {"w": 150, "h": 150, "resize": "crop"}, "medium": {"w": 1080, "h": 1080, "resize": "fit"}, "small": {"w": 680, "h": 680, "resize": "fit"}}}]}, "extended_entities": {"media": [{"id": 1218544025210433538, "id_str": "1218544025210433538", "indices": [110, 133], "media_url": "http://pbs.twimg.com/media/EOkjVbXXsAIPC9C.jpg", "media_url_https": "https://pbs.twimg.com/media/EOkjVbXXsAIPC9C.jpg", "url": "https://t.co/mF3Tage79E", "display_url": "pic.twitter.com/mF3Tage79E", "expanded_url": "https://twitter.com/WHO/status/1218544031409545216/photo/1", "type": "photo", "sizes": {"large": {"w": 1080, "h": 1080, "resize": "fit"}, "thumb": {"w": 150, "h": 150, "resize": "crop"}, "medium": {"w": 1080, "h": 1080, "resize": "fit"}, "small": {"w": 680, "h": 680, "resize": "fit"}}}]}, "source": "<a href=\"http://twitter.com/download/iphone\" rel=\"nofollow\">Twitter for iPhone</a>", "in_reply_to_status_id": 1218530492619853824, "in_reply_to_status_id_str": "1218530492619853824", "in_reply_to_user_id": 14499829, "in_reply_to_user_id_str": "14499829", "in_reply_to_screen_name": "WHO", "user": {"id": 14499829, "id_str": "14499829", "name": "World Health Organization (WHO)", "screen_name": "WHO", "location": "Geneva, Switzerland", "description": "We are the #UnitedNations\u2019 health agency - #HealthForAll.\n\u25b6\ufe0f Always check our latest tweets on #COVID19 for updated advice/information.", "url": "https://t.co/wVulKuROWG", "entities": {"url": {"urls": [{"url": "https://t.co/wVulKuROWG", "expanded_url": "http://www.who.int", "display_url": "who.int", "indices": [0, 23]}]}, "description": {"urls": []}}, "protected": false, "followers_count": 9230732, "friends_count": 1737, "listed_count": 33459, "created_at": "Wed Apr 23 19:56:27 +0000 2008", "favourites_count": 11728, "utc_offset": null, "time_zone": null, "geo_enabled": true, "verified": true, "statuses_count": 60455, "lang": null, "contributors_enabled": false, "is_translator": false, "is_translation_enabled": false, "profile_background_color": "D0ECF8", "profile_background_image_url": "http://abs.twimg.com/images/themes/theme1/bg.png", "profile_background_image_url_https": "https://abs.twimg.com/images/themes/theme1/bg.png", "profile_background_tile": true, "profile_image_url": "http://pbs.twimg.com/profile_images/875476478988886016/_l61qZdR_normal.jpg", "profile_image_url_https": "https://pbs.twimg.com/profile_images/875476478988886016/_l61qZdR_normal.jpg", "profile_banner_url": "https://pbs.twimg.com/profile_banners/14499829/1610970935", "profile_link_color": "0396DB", "profile_sidebar_border_color": "8C8C8C", "profile_sidebar_fill_color": "D9D9D9", "profile_text_color": "000000", "profile_use_background_image": true, "has_extended_profile": true, "default_profile": false, "default_profile_image": false, "following": false, "follow_request_sent": false, "notifications": false, "translator_type": "regular"}, "geo": null, "coordinates": null, "place": null, "contributors": null, "is_quote_status": false, "retweet_count": 258, "favorite_count": 385, "favorited": false, "retweeted": false, "possibly_sensitive": false, "lang": "en"}