{
    "entities": {
        "annotations": [
            {
                "start": 219,
                "end": 223,
                "probability": 0.9856,
                "type": "Place",
                "normalized_text": "Japan"
            },
            {
                "start": 226,
                "end": 230,
                "probability": 0.9622,
                "type": "Place",
                "normalized_text": "Korea"
            },
            {
                "start": 233,
                "end": 240,
                "probability": 0.9914,
                "type": "Place",
                "normalized_text": "Thailand"
            },
            {
                "start": 242,
                "end": 250,
                "probability": 0.9592,
                "type": "Place",
                "normalized_text": "Hong Kong"
            }
        ],
        "mentions": [
            {
                "start": 0,
                "end": 4,
                "username": "WHO",
                "id": "14499829"
            },
            {
                "start": 5,
                "end": 17,
                "username": "WHOThailand",
                "id": "479264032"
            },
            {
                "start": 18,
                "end": 26,
                "username": "WHOKobe",
                "id": "538804810"
            },
            {
                "start": 27,
                "end": 36,
                "username": "WHOSEARO",
                "id": "1545915336"
            },
            {
                "start": 37,
                "end": 45,
                "username": "WHOWPRO",
                "id": "3794682452"
            }
        ]
    },
    "in_reply_to_user_id": "14499829",
    "created_at": "2020-01-21T09:18:58.000Z",
    "id": "1219549941187497984",
    "text": "@WHO @WHOThailand @WHOKobe @WHOSEARO @WHOWPRO WHO is incapable to control the virus transmission now because they are so passive in asking the Chinese government to provide more information. So far, the virus spread to Japan, Korea, Thailand,Hong Kong.I can't see any solution or measure suggested by WHO. fold it up.",
    "source": "Twitter Web App"
}