{"created_at": "Wed Jan 22 13:36:27 +0000 2020", "id": 1219977126742544384, "id_str": "1219977126742544384", "text": "@DrTedros @WHOWPRO @WHOSEARO @pahowho @WHOEMRO @WHO_Europe @WHOAFRO Q: What are the International Health Regulation\u2026 https://t.co/ntDtZZNq80", "truncated": true, "entities": {"hashtags": [], "symbols": [], "user_mentions": [{"screen_name": "DrTedros", "name": "Tedros Adhanom Ghebreyesus", "id": 189868631, "id_str": "189868631", "indices": [0, 9]}, {"screen_name": "WHOWPRO", "name": "World Health Organization (WHO) Western Pacific", "id": 3794682452, "id_str": "3794682452", "indices": [10, 18]}, {"screen_name": "WHOSEARO", "name": "WHO South-East Asia", "id": 1545915336, "id_str": "1545915336", "indices": [19, 28]}, {"screen_name": "pahowho", "name": "PAHO/WHO", "id": 20629893, "id_str": "20629893", "indices": [29, 37]}, {"screen_name": "WHOEMRO", "name": "WHO EMRO", "id": 259372802, "id_str": "259372802", "indices": [38, 46]}, {"screen_name": "WHO_Europe", "name": "WHO/Europe", "id": 125403342, "id_str": "125403342", "indices": [47, 58]}, {"screen_name": "WHOAFRO", "name": "WHO African Region", "id": 544389588, "id_str": "544389588", "indices": [59, 67]}], "urls": [{"url": "https://t.co/ntDtZZNq80", "expanded_url": "https://twitter.com/i/web/status/1219977126742544384", "display_url": "twitter.com/i/web/status/1\u2026", "indices": [117, 140]}]}, "source": "<a href=\"https://mobile.twitter.com\" rel=\"nofollow\">Twitter Web App</a>", "in_reply_to_status_id": 1219974435681308672, "in_reply_to_status_id_str": "1219974435681308672", "in_reply_to_user_id": 14499829, "in_reply_to_user_id_str": "14499829", "in_reply_to_screen_name": "WHO", "user": {"id": 14499829, "id_str": "14499829", "name": "World Health Organization (WHO)", "screen_name": "WHO", "location": "Geneva, Switzerland", "description": "We are the #UnitedNations\u2019 health agency - #HealthForAll.\n\u25b6\ufe0f Always check our latest tweets on #COVID19 for updated advice/information.", "url": "https://t.co/wVulKuROWG", "entities": {"url": {"urls": [{"url": "https://t.co/wVulKuROWG", "expanded_url": "http://www.who.int", "display_url": "who.int", "indices": [0, 23]}]}, "description": {"urls": []}}, "protected": false, "followers_count": 9230733, "friends_count": 1737, "listed_count": 33459, "created_at": "Wed Apr 23 19:56:27 +0000 2008", "favourites_count": 11728, "utc_offset": null, "time_zone": null, "geo_enabled": true, "verified": true, "statuses_count": 60455, "lang": null, "contributors_enabled": false, "is_translator": false, "is_translation_enabled": false, "profile_background_color": "D0ECF8", "profile_background_image_url": "http://abs.twimg.com/images/themes/theme1/bg.png", "profile_background_image_url_https": "https://abs.twimg.com/images/themes/theme1/bg.png", "profile_background_tile": true, "profile_image_url": "http://pbs.twimg.com/profile_images/875476478988886016/_l61qZdR_normal.jpg", "profile_image_url_https": "https://pbs.twimg.com/profile_images/875476478988886016/_l61qZdR_normal.jpg", "profile_banner_url": "https://pbs.twimg.com/profile_banners/14499829/1610970935", "profile_link_color": "0396DB", "profile_sidebar_border_color": "8C8C8C", "profile_sidebar_fill_color": "D9D9D9", "profile_text_color": "000000", "profile_use_background_image": true, "has_extended_profile": true, "default_profile": false, "default_profile_image": false, "following": false, "follow_request_sent": false, "notifications": false, "translator_type": "regular"}, "geo": null, "coordinates": null, "place": null, "contributors": null, "is_quote_status": false, "retweet_count": 29, "favorite_count": 64, "favorited": false, "retweeted": false, "possibly_sensitive": false, "lang": "en"}