{
    "entities": {
        "mentions": [
            {
                "start": 0,
                "end": 4,
                "username": "WHO",
                "id": "14499829"
            },
            {
                "start": 5,
                "end": 14,
                "username": "DrTedros",
                "id": "189868631"
            },
            {
                "start": 15,
                "end": 23,
                "username": "WHOWPRO",
                "id": "3794682452"
            },
            {
                "start": 24,
                "end": 33,
                "username": "WHOSEARO",
                "id": "1545915336"
            },
            {
                "start": 34,
                "end": 42,
                "username": "pahowho",
                "id": "20629893"
            },
            {
                "start": 43,
                "end": 51,
                "username": "WHOEMRO",
                "id": "259372802"
            },
            {
                "start": 52,
                "end": 63,
                "username": "WHO_Europe",
                "id": "125403342"
            },
            {
                "start": 64,
                "end": 72,
                "username": "WHOAFRO",
                "id": "544389588"
            }
        ]
    },
    "source": "Twitter Web App",
    "id": "1220066842171133953",
    "created_at": "2020-01-22T19:32:57.000Z",
    "in_reply_to_user_id": "14499829",
    "text": "@WHO @DrTedros @WHOWPRO @WHOSEARO @pahowho @WHOEMRO @WHO_Europe @WHOAFRO Question: When is the meeting due to finish?\n\nThanks!"
}