{
    "entities": {
        "mentions": [
            {
                "start": 0,
                "end": 4,
                "username": "WHO",
                "id": "14499829"
            },
            {
                "start": 5,
                "end": 17,
                "username": "WHOThailand",
                "id": "479264032"
            },
            {
                "start": 18,
                "end": 26,
                "username": "WHOKobe",
                "id": "538804810"
            },
            {
                "start": 27,
                "end": 36,
                "username": "WHOSEARO",
                "id": "1545915336"
            },
            {
                "start": 37,
                "end": 45,
                "username": "WHOWPRO",
                "id": "3794682452"
            }
        ]
    },
    "in_reply_to_user_id": "14499829",
    "created_at": "2020-01-23T22:10:20.000Z",
    "id": "1220468837142929409",
    "text": "@WHO @WHOThailand @WHOKobe @WHOSEARO @WHOWPRO WHO is a joke, it's a pandemic now Ffs",
    "source": "Twitter Web App"
}