{
    "source": "Twitter for iPad",
    "created_at": "2020-01-27T14:33:33.000Z",
    "id": "1221803433302249474",
    "text": "@WHO @WHOWPRO @WHOSEARO @WHO_Europe @pahowho @WHOEMRO @WHOAFRO @WHO I think people should call coronavirus something different because coronavirus is a type of virus but this one confuses the internet if I search it up like if I wanta learn about the type I only find this one instead of the type",
    "entities": {
        "mentions": [
            {
                "start": 0,
                "end": 4,
                "username": "WHO",
                "id": "14499829"
            },
            {
                "start": 5,
                "end": 13,
                "username": "WHOWPRO",
                "id": "3794682452"
            },
            {
                "start": 14,
                "end": 23,
                "username": "WHOSEARO",
                "id": "1545915336"
            },
            {
                "start": 24,
                "end": 35,
                "username": "WHO_Europe",
                "id": "125403342"
            },
            {
                "start": 36,
                "end": 44,
                "username": "pahowho",
                "id": "20629893"
            },
            {
                "start": 45,
                "end": 53,
                "username": "WHOEMRO",
                "id": "259372802"
            },
            {
                "start": 54,
                "end": 62,
                "username": "WHOAFRO",
                "id": "544389588"
            },
            {
                "start": 63,
                "end": 67,
                "username": "WHO",
                "id": "14499829"
            }
        ]
    },
    "in_reply_to_user_id": "14499829"
}