{
    "created_at": "2020-01-26 15:48:08+00:00",
    "id": 1221459816624939009,
    "text": "@WTEpaminondas @IsraelMatzav #nCoV2019 \nHow long does the virus survive on surfaces? \nAnswer:\nAt ambient ATs (around 20\u00b0C), coronaviruses can survive for 2 days ...\nhttps://t.co/t3Z1sjgR7e",
    "entities": {
        "mentions": [
            {
                "start": 0,
                "end": 14,
                "username": "WTEpaminondas",
                "id": "1849304827"
            },
            {
                "start": 15,
                "end": 28,
                "username": "IsraelMatzav",
                "id": "18585712"
            }
        ],
        "urls": [
            {
                "start": 165,
                "end": 188,
                "url": "https://t.co/t3Z1sjgR7e",
                "expanded_url": "https://www.ncbi.nlm.nih.gov/pmc/articles/PMC2863430/",
                "display_url": "ncbi.nlm.nih.gov/pmc/articles/P\u2026",
                "images": [
                    {
                        "url": "https://pbs.twimg.com/news_img/1486422355895148545/Rar2v-MJ?format=png&name=orig",
                        "width": 144,
                        "height": 144
                    },
                    {
                        "url": "https://pbs.twimg.com/news_img/1486422355895148545/Rar2v-MJ?format=png&name=150x150",
                        "width": 144,
                        "height": 144
                    }
                ],
                "status": 200,
                "title": "Effects of Air Temperature and Relative Humidity on Coronavirus Survival on Surfaces",
                "description": "Assessment of the risks posed by severe acute respiratory syndrome (SARS) coronavirus (SARS-CoV) on surfaces requires data on survival of this virus on environmental surfaces and on how survival is affected by environmental variables, such as air temperature ...",
                "unwound_url": "https://www.ncbi.nlm.nih.gov/pmc/articles/PMC2863430/"
            }
        ],
        "hashtags": [
            {
                "start": 29,
                "end": 38,
                "tag": "nCoV2019"
            }
        ]
    },
    "source": "Twitter Web App",
    "in_reply_to_user_id": 1849304827
}