{
    "created_at": "2020-01-27 14:52:47+00:00",
    "id": 1221808274414026755,
    "text": "@conor17147 @WHO @WHOWPRO @WHOSEARO @WHO_Europe @pahowho @WHOEMRO @WHOAFRO Wearing masks?!",
    "entities": {
        "mentions": [
            {
                "start": 12,
                "end": 16,
                "username": "WHO",
                "id": "14499829"
            },
            {
                "start": 17,
                "end": 25,
                "username": "WHOWPRO",
                "id": "3794682452"
            },
            {
                "start": 26,
                "end": 35,
                "username": "WHOSEARO",
                "id": "1545915336"
            },
            {
                "start": 36,
                "end": 47,
                "username": "WHO_Europe",
                "id": "125403342"
            },
            {
                "start": 48,
                "end": 56,
                "username": "pahowho",
                "id": "20629893"
            },
            {
                "start": 57,
                "end": 65,
                "username": "WHOEMRO",
                "id": "259372802"
            },
            {
                "start": 66,
                "end": 74,
                "username": "WHOAFRO",
                "id": "544389588"
            }
        ]
    },
    "source": "Twitter for Android",
    "in_reply_to_user_id": 84966091
}