{"created_at": "Mon Jan 27 09:35:59 +0000 2020", "id": 1221728548848713729, "id_str": "1221728548848713729", "text": "@WHOPhilippines @WHO_Mongolia @takeshi_kasai @DOHgov @KKMPutrajaya @KoreaCDC @WHOKobe @AMRCRC_JAPAN @MHLWitter\u2026 https://t.co/bt6a20BtI4", "truncated": true, "entities": {"hashtags": [], "symbols": [], "user_mentions": [{"screen_name": "WHOPhilippines", "name": "World Health Organization Philippines", "id": 2218026914, "id_str": "2218026914", "indices": [0, 15]}, {"screen_name": "takeshi_kasai", "name": "Dr Takeshi Kasai", "id": 918829268372635648, "id_str": "918829268372635648", "indices": [30, 44]}, {"screen_name": "KKMPutrajaya", "name": "KKMalaysia\ud83c\uddf2\ud83c\uddfe", "id": 531041640, "id_str": "531041640", "indices": [53, 66]}, {"screen_name": "WHOKobe", "name": "WHO Centre for Health Development", "id": 538804810, "id_str": "538804810", "indices": [77, 85]}, {"screen_name": "AMRCRC_JAPAN", "name": "AMR\u81e8\u5e8a\u30ea\u30d5\u30a1\u30ec\u30f3\u30b9\u30bb\u30f3\u30bf\u30fc", "id": 855223341581336576, "id_str": "855223341581336576", "indices": [86, 99]}, {"screen_name": "MHLWitter", "name": "\u539a\u751f\u52b4\u50cd\u7701", "id": 180585090, "id_str": "180585090", "indices": [100, 110]}], "urls": [{"url": "https://t.co/bt6a20BtI4", "expanded_url": "https://twitter.com/i/web/status/1221728548848713729", "display_url": "twitter.com/i/web/status/1\u2026", "indices": [112, 135]}]}, "source": "<a href=\"https://mobile.twitter.com\" rel=\"nofollow\">Twitter Web App</a>", "in_reply_to_status_id": 1220520711078342657, "in_reply_to_status_id_str": "1220520711078342657", "in_reply_to_user_id": 3794682452, "in_reply_to_user_id_str": "3794682452", "in_reply_to_screen_name": "WHOWPRO", "user": {"id": 3794682452, "id_str": "3794682452", "name": "World Health Organization (WHO) Western Pacific", "screen_name": "WHOWPRO", "location": "Manila, Philippines", "description": "World Health Organization @WHO in Western Pacific Region, home to 1.9B people. See latest tweets for updated #COVID19 advice. Regional Director @takeshi_kasai.", "url": "https://t.co/EblVamM8WW", "entities": {"url": {"urls": [{"url": "https://t.co/EblVamM8WW", "expanded_url": "http://www.who.int/westernpacific", "display_url": "who.int/westernpacific", "indices": [0, 23]}]}, "description": {"urls": []}}, "protected": false, "followers_count": 197139, "friends_count": 1207, "listed_count": 589, "created_at": "Mon Oct 05 18:08:31 +0000 2015", "favourites_count": 5703, "utc_offset": null, "time_zone": null, "geo_enabled": true, "verified": true, "statuses_count": 8766, "lang": null, "contributors_enabled": false, "is_translator": false, "is_translation_enabled": false, "profile_background_color": "000000", "profile_background_image_url": "http://abs.twimg.com/images/themes/theme1/bg.png", "profile_background_image_url_https": "https://abs.twimg.com/images/themes/theme1/bg.png", "profile_background_tile": false, "profile_image_url": "http://pbs.twimg.com/profile_images/899826905532125184/yPM5mxkX_normal.jpg", "profile_image_url_https": "https://pbs.twimg.com/profile_images/899826905532125184/yPM5mxkX_normal.jpg", "profile_banner_url": "https://pbs.twimg.com/profile_banners/3794682452/1616740141", "profile_link_color": "3B94D9", "profile_sidebar_border_color": "000000", "profile_sidebar_fill_color": "000000", "profile_text_color": "000000", "profile_use_background_image": false, "has_extended_profile": true, "default_profile": false, "default_profile_image": false, "following": false, "follow_request_sent": false, "notifications": false, "translator_type": "none"}, "geo": null, "coordinates": null, "place": null, "contributors": null, "is_quote_status": false, "retweet_count": 39, "favorite_count": 54, "favorited": false, "retweeted": false, "possibly_sensitive": false, "lang": "en"}