{"created_at": "Sun Jan 26 21:31:24 +0000 2020", "id": 1221546201679568898, "id_str": "1221546201679568898", "text": "Protect others from getting sick:\n3\u20e3 \n\ud83d\udd3aAvoid close contact when you are experiencing fever &amp; cold or flu-like sympt\u2026 https://t.co/bsHcT2kaKd", "truncated": true, "entities": {"hashtags": [], "symbols": [], "user_mentions": [], "urls": [{"url": "https://t.co/bsHcT2kaKd", "expanded_url": "https://twitter.com/i/web/status/1221546201679568898", "display_url": "twitter.com/i/web/status/1\u2026", "indices": [121, 144]}]}, "source": "<a href=\"http://twitter.com/download/android\" rel=\"nofollow\">Twitter for Android</a>", "in_reply_to_status_id": 1221545686363246592, "in_reply_to_status_id_str": "1221545686363246592", "in_reply_to_user_id": 235771210, "in_reply_to_user_id_str": "235771210", "in_reply_to_screen_name": "Precious_Ajunwa", "user": {"id": 235771210, "id_str": "235771210", "name": "Precious", "screen_name": "Precious_Ajunwa", "location": "Nigeria", "description": "Social Impact Leader | SDG16 Lover| Teach professionals & companies constructive ways to handle conflict & complaint to avoid escalation| Learning UI/UX Design", "url": "https://t.co/87wQfPb3XL", "entities": {"url": {"urls": [{"url": "https://t.co/87wQfPb3XL", "expanded_url": "https://linktr.ee/precious_ajunwa", "display_url": "linktr.ee/precious_ajunwa", "indices": [0, 23]}]}, "description": {"urls": []}}, "protected": false, "followers_count": 2035, "friends_count": 624, "listed_count": 66, "created_at": "Sun Jan 09 01:52:22 +0000 2011", "favourites_count": 11709, "utc_offset": null, "time_zone": null, "geo_enabled": true, "verified": false, "statuses_count": 30370, "lang": null, "contributors_enabled": false, "is_translator": false, "is_translation_enabled": false, "profile_background_color": "642D8B", "profile_background_image_url": "http://abs.twimg.com/images/themes/theme10/bg.gif", "profile_background_image_url_https": "https://abs.twimg.com/images/themes/theme10/bg.gif", "profile_background_tile": true, "profile_image_url": "http://pbs.twimg.com/profile_images/1323314857320611846/kB2lStor_normal.jpg", "profile_image_url_https": "https://pbs.twimg.com/profile_images/1323314857320611846/kB2lStor_normal.jpg", "profile_banner_url": "https://pbs.twimg.com/profile_banners/235771210/1601930721", "profile_link_color": "19CF86", "profile_sidebar_border_color": "000000", "profile_sidebar_fill_color": "7AC3EE", "profile_text_color": "3D1957", "profile_use_background_image": true, "has_extended_profile": true, "default_profile": false, "default_profile_image": false, "following": false, "follow_request_sent": false, "notifications": false, "translator_type": "none"}, "geo": null, "coordinates": null, "place": null, "contributors": null, "is_quote_status": false, "retweet_count": 2, "favorite_count": 3, "favorited": false, "retweeted": false, "possibly_sensitive": false, "lang": "en"}