{
    "created_at": "2020-01-28 03:04:25+00:00",
    "id": 1221992396721926145,
    "text": "@WHO @WHOWPRO @WHOSEARO @WHO_Europe @pahowho @WHOEMRO @WHOAFRO When WHEN ! will you make a GLOBAL news media announcement?? You know CHINA\u2019s data is bad and it\u2019s now wildly unconfined.. and Flights are going ALL over the world with no symptoms YET can infect!!! DO SOMETHING!! What is ure PLAN when GLOBE is like CHINA?",
    "entities": {
        "mentions": [
            {
                "start": 0,
                "end": 4,
                "username": "WHO",
                "id": "14499829"
            },
            {
                "start": 5,
                "end": 13,
                "username": "WHOWPRO",
                "id": "3794682452"
            },
            {
                "start": 14,
                "end": 23,
                "username": "WHOSEARO",
                "id": "1545915336"
            },
            {
                "start": 24,
                "end": 35,
                "username": "WHO_Europe",
                "id": "125403342"
            },
            {
                "start": 36,
                "end": 44,
                "username": "pahowho",
                "id": "20629893"
            },
            {
                "start": 45,
                "end": 53,
                "username": "WHOEMRO",
                "id": "259372802"
            },
            {
                "start": 54,
                "end": 62,
                "username": "WHOAFRO",
                "id": "544389588"
            }
        ],
        "annotations": [
            {
                "start": 133,
                "end": 137,
                "probability": 0.962,
                "type": "Place",
                "normalized_text": "CHINA"
            },
            {
                "start": 313,
                "end": 317,
                "probability": 0.9828,
                "type": "Place",
                "normalized_text": "CHINA"
            }
        ]
    },
    "source": "Twitter for iPhone",
    "in_reply_to_user_id": 14499829
}