{"created_at": "Mon Jan 27 16:47:49 +0000 2020", "id": 1221837222858588160, "id_str": "1221837222858588160", "text": "@WHO @WHOWPRO @WHOSEARO @WHO_Europe @pahowho @WHOEMRO @WHOAFRO \"5G weakens the immune system. Wuhan, China is the t\u2026 https://t.co/kGnVVCicBL", "truncated": true, "entities": {"hashtags": [], "symbols": [], "user_mentions": [{"screen_name": "WHO", "name": "World Health Organization (WHO)", "id": 14499829, "id_str": "14499829", "indices": [0, 4]}, {"screen_name": "WHOWPRO", "name": "World Health Organization (WHO) Western Pacific", "id": 3794682452, "id_str": "3794682452", "indices": [5, 13]}, {"screen_name": "WHOSEARO", "name": "WHO South-East Asia", "id": 1545915336, "id_str": "1545915336", "indices": [14, 23]}, {"screen_name": "WHO_Europe", "name": "WHO/Europe", "id": 125403342, "id_str": "125403342", "indices": [24, 35]}, {"screen_name": "pahowho", "name": "PAHO/WHO", "id": 20629893, "id_str": "20629893", "indices": [36, 44]}, {"screen_name": "WHOEMRO", "name": "WHO EMRO", "id": 259372802, "id_str": "259372802", "indices": [45, 53]}, {"screen_name": "WHOAFRO", "name": "WHO African Region", "id": 544389588, "id_str": "544389588", "indices": [54, 62]}], "urls": [{"url": "https://t.co/kGnVVCicBL", "expanded_url": "https://twitter.com/i/web/status/1221837222858588160", "display_url": "twitter.com/i/web/status/1\u2026", "indices": [117, 140]}]}, "source": "<a href=\"https://mobile.twitter.com\" rel=\"nofollow\">Twitter Web App</a>", "in_reply_to_status_id": 1221834674386997249, "in_reply_to_status_id_str": "1221834674386997249", "in_reply_to_user_id": 14499829, "in_reply_to_user_id_str": "14499829", "in_reply_to_screen_name": "WHO", "user": {"id": 14881820, "id_str": "14881820", "name": "npsgirl", "screen_name": "npsgirl", "location": "New York", "description": "No Police State Girls blog is about everything No Police State and other random thoughts.", "url": "http://t.co/fTXAQyWYIl", "entities": {"url": {"urls": [{"url": "http://t.co/fTXAQyWYIl", "expanded_url": "http://www.nopolicestate.blogspot.com", "display_url": "nopolicestate.blogspot.com", "indices": [0, 22]}]}, "description": {"urls": []}}, "protected": false, "followers_count": 1148, "friends_count": 2340, "listed_count": 39, "created_at": "Fri May 23 14:11:42 +0000 2008", "favourites_count": 6413, "utc_offset": null, "time_zone": null, "geo_enabled": false, "verified": false, "statuses_count": 17265, "lang": null, "contributors_enabled": false, "is_translator": false, "is_translation_enabled": false, "profile_background_color": "C0DEED", "profile_background_image_url": "http://abs.twimg.com/images/themes/theme1/bg.png", "profile_background_image_url_https": "https://abs.twimg.com/images/themes/theme1/bg.png", "profile_background_tile": true, "profile_image_url": "http://pbs.twimg.com/profile_images/54576517/10149210_normal.jpg", "profile_image_url_https": "https://pbs.twimg.com/profile_images/54576517/10149210_normal.jpg", "profile_banner_url": "https://pbs.twimg.com/profile_banners/14881820/1593787334", "profile_link_color": "0084B4", "profile_sidebar_border_color": "C0DEED", "profile_sidebar_fill_color": "DDEEF6", "profile_text_color": "333333", "profile_use_background_image": true, "has_extended_profile": false, "default_profile": false, "default_profile_image": false, "following": false, "follow_request_sent": false, "notifications": false, "translator_type": "none"}, "geo": null, "coordinates": null, "place": null, "contributors": null, "is_quote_status": false, "retweet_count": 0, "favorite_count": 2, "favorited": false, "retweeted": false, "lang": "en"}