{
    "created_at": "2020-01-27 15:07:44+00:00",
    "id": 1221812037249949701,
    "text": "@WHO @MIB_India @WHOWPRO @WHOSEARO @WHO_Europe @pahowho @WHOEMRO @WHOAFRO Must telecast in all NEWS channels all over the universe...in all languages...\nProtection thur AWARENESS...\nIN ALL VERTICALS...",
    "entities": {
        "mentions": [
            {
                "start": 0,
                "end": 4,
                "username": "WHO",
                "id": "14499829"
            },
            {
                "start": 5,
                "end": 15,
                "username": "MIB_India",
                "id": "920488039"
            },
            {
                "start": 16,
                "end": 24,
                "username": "WHOWPRO",
                "id": "3794682452"
            },
            {
                "start": 25,
                "end": 34,
                "username": "WHOSEARO",
                "id": "1545915336"
            },
            {
                "start": 35,
                "end": 46,
                "username": "WHO_Europe",
                "id": "125403342"
            },
            {
                "start": 47,
                "end": 55,
                "username": "pahowho",
                "id": "20629893"
            },
            {
                "start": 56,
                "end": 64,
                "username": "WHOEMRO",
                "id": "259372802"
            },
            {
                "start": 65,
                "end": 73,
                "username": "WHOAFRO",
                "id": "544389588"
            }
        ]
    },
    "source": "Twitter for Android",
    "in_reply_to_user_id": 14499829
}