{"created_at": "Sun Jan 26 18:05:07 +0000 2020", "id": 1221494290678980608, "id_str": "1221494290678980608", "text": "Have you heard of #Coronavirus?\n\n#Coronavirus are family of viruses that range from the common cold to #MERS Corona\u2026 https://t.co/pbz286Nd5g", "truncated": true, "entities": {"hashtags": [{"text": "Coronavirus", "indices": [18, 30]}, {"text": "Coronavirus", "indices": [33, 45]}, {"text": "MERS", "indices": [103, 108]}], "symbols": [], "user_mentions": [], "urls": [{"url": "https://t.co/pbz286Nd5g", "expanded_url": "https://twitter.com/i/web/status/1221494290678980608", "display_url": "twitter.com/i/web/status/1\u2026", "indices": [117, 140]}]}, "source": "<a href=\"http://twitter.com/download/android\" rel=\"nofollow\">Twitter for Android</a>", "in_reply_to_status_id": null, "in_reply_to_status_id_str": null, "in_reply_to_user_id": null, "in_reply_to_user_id_str": null, "in_reply_to_screen_name": null, "user": {"id": 235771210, "id_str": "235771210", "name": "Precious", "screen_name": "Precious_Ajunwa", "location": "Nigeria", "description": "Social Impact Leader | SDG16 Lover| Teach professionals & companies constructive ways to handle conflict & complaint to avoid escalation| Learning UI/UX Design", "url": "https://t.co/87wQfPb3XL", "entities": {"url": {"urls": [{"url": "https://t.co/87wQfPb3XL", "expanded_url": "https://linktr.ee/precious_ajunwa", "display_url": "linktr.ee/precious_ajunwa", "indices": [0, 23]}]}, "description": {"urls": []}}, "protected": false, "followers_count": 2035, "friends_count": 624, "listed_count": 66, "created_at": "Sun Jan 09 01:52:22 +0000 2011", "favourites_count": 11709, "utc_offset": null, "time_zone": null, "geo_enabled": true, "verified": false, "statuses_count": 30370, "lang": null, "contributors_enabled": false, "is_translator": false, "is_translation_enabled": false, "profile_background_color": "642D8B", "profile_background_image_url": "http://abs.twimg.com/images/themes/theme10/bg.gif", "profile_background_image_url_https": "https://abs.twimg.com/images/themes/theme10/bg.gif", "profile_background_tile": true, "profile_image_url": "http://pbs.twimg.com/profile_images/1323314857320611846/kB2lStor_normal.jpg", "profile_image_url_https": "https://pbs.twimg.com/profile_images/1323314857320611846/kB2lStor_normal.jpg", "profile_banner_url": "https://pbs.twimg.com/profile_banners/235771210/1601930721", "profile_link_color": "19CF86", "profile_sidebar_border_color": "000000", "profile_sidebar_fill_color": "7AC3EE", "profile_text_color": "3D1957", "profile_use_background_image": true, "has_extended_profile": true, "default_profile": false, "default_profile_image": false, "following": false, "follow_request_sent": false, "notifications": false, "translator_type": "none"}, "geo": null, "coordinates": null, "place": null, "contributors": null, "is_quote_status": true, "quoted_status_id": 1221429919206592513, "quoted_status_id_str": "1221429919206592513", "quoted_status": {"created_at": "Sun Jan 26 13:49:20 +0000 2020", "id": 1221429919206592513, "id_str": "1221429919206592513", "text": "How prepared is @Fmohnigeria &amp; other related agencies ready to prevent #Coronavirus?\n\n@NigeriaGov need to make sure\u2026 https://t.co/gQ5yYEkdhs", "truncated": true, "entities": {"hashtags": [{"text": "Coronavirus", "indices": [75, 87]}], "symbols": [], "user_mentions": [{"screen_name": "Fmohnigeria", "name": "Federal Ministry of Health, NIGERIA", "id": 346680340, "id_str": "346680340", "indices": [16, 28]}, {"screen_name": "NigeriaGov", "name": "Government of Nigeria", "id": 3133543325, "id_str": "3133543325", "indices": [90, 101]}], "urls": [{"url": "https://t.co/gQ5yYEkdhs", "expanded_url": "https://twitter.com/i/web/status/1221429919206592513", "display_url": "twitter.com/i/web/status/1\u2026", "indices": [121, 144]}]}, "source": "<a href=\"http://twitter.com/download/android\" rel=\"nofollow\">Twitter for Android</a>", "in_reply_to_status_id": null, "in_reply_to_status_id_str": null, "in_reply_to_user_id": null, "in_reply_to_user_id_str": null, "in_reply_to_screen_name": null, "user": {"id": 235771210, "id_str": "235771210", "name": "Precious", "screen_name": "Precious_Ajunwa", "location": "Nigeria", "description": "Social Impact Leader | SDG16 Lover| Teach professionals & companies constructive ways to handle conflict & complaint to avoid escalation| Learning UI/UX Design", "url": "https://t.co/87wQfPb3XL", "entities": {"url": {"urls": [{"url": "https://t.co/87wQfPb3XL", "expanded_url": "https://linktr.ee/precious_ajunwa", "display_url": "linktr.ee/precious_ajunwa", "indices": [0, 23]}]}, "description": {"urls": []}}, "protected": false, "followers_count": 2035, "friends_count": 624, "listed_count": 66, "created_at": "Sun Jan 09 01:52:22 +0000 2011", "favourites_count": 11709, "utc_offset": null, "time_zone": null, "geo_enabled": true, "verified": false, "statuses_count": 30370, "lang": null, "contributors_enabled": false, "is_translator": false, "is_translation_enabled": false, "profile_background_color": "642D8B", "profile_background_image_url": "http://abs.twimg.com/images/themes/theme10/bg.gif", "profile_background_image_url_https": "https://abs.twimg.com/images/themes/theme10/bg.gif", "profile_background_tile": true, "profile_image_url": "http://pbs.twimg.com/profile_images/1323314857320611846/kB2lStor_normal.jpg", "profile_image_url_https": "https://pbs.twimg.com/profile_images/1323314857320611846/kB2lStor_normal.jpg", "profile_banner_url": "https://pbs.twimg.com/profile_banners/235771210/1601930721", "profile_link_color": "19CF86", "profile_sidebar_border_color": "000000", "profile_sidebar_fill_color": "7AC3EE", "profile_text_color": "3D1957", "profile_use_background_image": true, "has_extended_profile": true, "default_profile": false, "default_profile_image": false, "following": false, "follow_request_sent": false, "notifications": false, "translator_type": "none"}, "geo": null, "coordinates": null, "place": null, "contributors": null, "is_quote_status": false, "retweet_count": 2, "favorite_count": 1, "favorited": false, "retweeted": false, "lang": "en"}, "retweet_count": 2, "favorite_count": 2, "favorited": false, "retweeted": false, "possibly_sensitive": false, "lang": "en"}