{
    "created_at": "2020-01-27 16:23:48+00:00",
    "id": 1221831180657614850,
    "text": "@WHOWPRO @WHOPhilippines @WHO_Mongolia @takeshi_kasai @DOHgov @KKMPutrajaya @KoreaCDC @WHOKobe @AMRCRC_JAPAN @MHLWitter @jameschau @minhealthnz @MoHFW_INDIA @minhealthci @sporeMOH @loyingru @SonjaTanevska @DrRasul_WHO @WHO @healthgovau @fijiconsulate @Fiji_MOFA Q: Chinese doctors said, we will use HIV drug to treat this virus firstly ! does this useful ? or just trial and error in Chinese treatment methodology ?\nhttps://t.co/Qy43gnNFgi",
    "entities": {
        "urls": [
            {
                "start": 416,
                "end": 439,
                "url": "https://t.co/Qy43gnNFgi",
                "expanded_url": "https://www.bloomberg.com/news/articles/2020-01-26/china-names-abbvie-s-hiv-drugs-in-treatment-plan-for-new-virus",
                "display_url": "bloomberg.com/news/articles/\u2026",
                "images": [
                    {
                        "url": "https://pbs.twimg.com/news_img/1512391531566714882/xw4-22of?format=jpg&name=orig",
                        "width": 1200,
                        "height": 799
                    },
                    {
                        "url": "https://pbs.twimg.com/news_img/1512391531566714882/xw4-22of?format=jpg&name=150x150",
                        "width": 150,
                        "height": 150
                    }
                ],
                "status": 200,
                "title": "China Names HIV Drugs in Treatment Plan for New Virus",
                "description": "China is using AbbVie Inc\u2019s HIV drugs as an ad-hoc treatment for pneumonia caused by the novel coronavirus while the global search for a cure continues.",
                "unwound_url": "https://www.bloomberg.com/news/articles/2020-01-26/china-names-abbvie-s-hiv-drugs-in-treatment-plan-for-new-virus"
            }
        ],
        "mentions": [
            {
                "start": 0,
                "end": 8,
                "username": "WHOWPRO",
                "id": "3794682452"
            },
            {
                "start": 9,
                "end": 24,
                "username": "WHOPhilippines",
                "id": "2218026914"
            },
            {
                "start": 39,
                "end": 53,
                "username": "takeshi_kasai",
                "id": "918829268372635648"
            },
            {
                "start": 62,
                "end": 75,
                "username": "KKMPutrajaya",
                "id": "531041640"
            },
            {
                "start": 86,
                "end": 94,
                "username": "WHOKobe",
                "id": "538804810"
            },
            {
                "start": 95,
                "end": 108,
                "username": "AMRCRC_JAPAN",
                "id": "855223341581336576"
            },
            {
                "start": 109,
                "end": 119,
                "username": "MHLWitter",
                "id": "180585090"
            },
            {
                "start": 120,
                "end": 130,
                "username": "jameschau",
                "id": "20897050"
            },
            {
                "start": 131,
                "end": 143,
                "username": "minhealthnz",
                "id": "46540286"
            },
            {
                "start": 144,
                "end": 156,
                "username": "MoHFW_INDIA",
                "id": "2596143056"
            },
            {
                "start": 157,
                "end": 169,
                "username": "minhealthci",
                "id": "898336321906671616"
            },
            {
                "start": 170,
                "end": 179,
                "username": "sporeMOH",
                "id": "78772642"
            },
            {
                "start": 180,
                "end": 189,
                "username": "loyingru",
                "id": "2776334448"
            },
            {
                "start": 190,
                "end": 204,
                "username": "SonjaTanevska",
                "id": "280490935"
            },
            {
                "start": 205,
                "end": 217,
                "username": "DrRasul_WHO",
                "id": "353244164"
            },
            {
                "start": 218,
                "end": 222,
                "username": "WHO",
                "id": "14499829"
            },
            {
                "start": 223,
                "end": 235,
                "username": "healthgovau",
                "id": "125215990"
            },
            {
                "start": 251,
                "end": 261,
                "username": "Fiji_MOFA",
                "id": "1071536989197881344"
            }
        ],
        "annotations": [
            {
                "start": 299,
                "end": 301,
                "probability": 0.5833,
                "type": "Other",
                "normalized_text": "HIV"
            }
        ]
    },
    "source": "Twitter Web App",
    "in_reply_to_user_id": 3794682452
}