{
    "source": "Twitter for Android",
    "entities": {
        "mentions": [
            {
                "start": 0,
                "end": 10,
                "username": "Owais1171",
                "id": "1159536862601650177"
            },
            {
                "start": 11,
                "end": 15,
                "username": "WHO",
                "id": "14499829"
            },
            {
                "start": 16,
                "end": 24,
                "username": "WHOWPRO",
                "id": "3794682452"
            },
            {
                "start": 25,
                "end": 34,
                "username": "WHOSEARO",
                "id": "1545915336"
            },
            {
                "start": 35,
                "end": 46,
                "username": "WHO_Europe",
                "id": "125403342"
            },
            {
                "start": 47,
                "end": 55,
                "username": "pahowho",
                "id": "20629893"
            },
            {
                "start": 56,
                "end": 64,
                "username": "WHOEMRO",
                "id": "259372802"
            },
            {
                "start": 65,
                "end": 73,
                "username": "WHOAFRO",
                "id": "544389588"
            }
        ]
    },
    "created_at": "2020-01-27T15:01:31.000Z",
    "id": "1221810472212746240",
    "text": "@Owais1171 @WHO @WHOWPRO @WHOSEARO @WHO_Europe @pahowho @WHOEMRO @WHOAFRO Cure wouldn't be ready for at least another month or too... then they gotta test them with monkeys,  the it's a human experiment... they cant just make a vaccine and stick it in ppl"
}