{
    "entities": {
        "hashtags": [
            {
                "start": 268,
                "end": 281,
                "tag": "coronarvirus"
            }
        ],
        "urls": [
            {
                "start": 282,
                "end": 305,
                "url": "https://t.co/CZmIL541MW",
                "expanded_url": "https://twitter.com/WHOEMRO/status/1221449203068608512/photo/1",
                "display_url": "pic.twitter.com/CZmIL541MW"
            }
        ]
    },
    "text": "Protect yourself &amp; others from getting sick:\nWash your hands\n🧼after coughing or sneezing\n🧼when caring for the sick\n🧼before, during &amp; after you prepare food\n🧼before eating\n🧼after toilet use\n🧼when hands are visibly dirty\n🧼after handling animals or animal waste\n\n#coronarvirus https://t.co/CZmIL541MW",
    "created_at": "2020-01-26T15:05:58.000Z",
    "id": "1221449203068608512",
    "in_reply_to_user_id": "259372802",
    "source": "Twitter Web Client"
}