{
    "source": "Twitter for iPhone",
    "entities": {
        "mentions": [
            {
                "start": 0,
                "end": 4,
                "username": "WHO",
                "id": "14499829"
            },
            {
                "start": 5,
                "end": 13,
                "username": "WHOWPRO",
                "id": "3794682452"
            },
            {
                "start": 14,
                "end": 23,
                "username": "WHOSEARO",
                "id": "1545915336"
            },
            {
                "start": 24,
                "end": 35,
                "username": "WHO_Europe",
                "id": "125403342"
            },
            {
                "start": 36,
                "end": 44,
                "username": "pahowho",
                "id": "20629893"
            },
            {
                "start": 45,
                "end": 53,
                "username": "WHOEMRO",
                "id": "259372802"
            },
            {
                "start": 54,
                "end": 62,
                "username": "WHOAFRO",
                "id": "544389588"
            }
        ],
        "hashtags": [
            {
                "start": 129,
                "end": 135,
                "tag": "Wuhan"
            }
        ]
    },
    "created_at": "2020-01-27T15:42:12.000Z",
    "id": "1221820712383545347",
    "text": "@WHO @WHOWPRO @WHOSEARO @WHO_Europe @pahowho @WHOEMRO @WHOAFRO La France qui souhaite rapatrier ses ressortissants de la vile de #Wuhan en a t’elle les moyens et participez-vous également dans cette démarche la France et d’autres pays qui souhaiteraient agir de la même façon ?"
}