{
    "created_at": "2020-01-28 03:17:55+00:00",
    "id": 1221995793403588608,
    "text": "@who your Tweet was quoted in an article by @BreitbartNews  https://t.co/FWCiFyxLZ8",
    "entities": {
        "mentions": [
            {
                "start": 0,
                "end": 4,
                "username": "WHO",
                "id": "14499829"
            },
            {
                "start": 44,
                "end": 58,
                "username": "BreitbartNews",
                "id": "457984599"
            }
        ],
        "urls": [
            {
                "start": 60,
                "end": 83,
                "url": "https://t.co/FWCiFyxLZ8",
                "expanded_url": "https://www.breitbart.com/politics/2020/01/27/physicians-doubt-cdc-who-readiness-for-possible-coronavirus-pandemic/",
                "display_url": "breitbart.com/politics/2020/\u2026",
                "status": 200,
                "unwound_url": "https://www.breitbart.com/politics/2020/01/27/physicians-doubt-cdc-who-readiness-for-possible-coronavirus-pandemic/"
            }
        ]
    },
    "source": "Recite News",
    "in_reply_to_user_id": 14499829
}