{"created_at": "Mon Jan 27 17:40:08 +0000 2020", "id": 1221850388665532421, "id_str": "1221850388665532421", "text": "@WHO @WHOWPRO @WHOSEARO @WHO_Europe @pahowho @WHOEMRO @WHOAFRO Why don't you do the right thing and declare a globa\u2026 https://t.co/Isf6SNdPJB", "truncated": true, "entities": {"hashtags": [], "symbols": [], "user_mentions": [{"screen_name": "WHO", "name": "World Health Organization (WHO)", "id": 14499829, "id_str": "14499829", "indices": [0, 4]}, {"screen_name": "WHOWPRO", "name": "World Health Organization (WHO) Western Pacific", "id": 3794682452, "id_str": "3794682452", "indices": [5, 13]}, {"screen_name": "WHOSEARO", "name": "WHO South-East Asia", "id": 1545915336, "id_str": "1545915336", "indices": [14, 23]}, {"screen_name": "WHO_Europe", "name": "WHO/Europe", "id": 125403342, "id_str": "125403342", "indices": [24, 35]}, {"screen_name": "pahowho", "name": "PAHO/WHO", "id": 20629893, "id_str": "20629893", "indices": [36, 44]}, {"screen_name": "WHOEMRO", "name": "WHO EMRO", "id": 259372802, "id_str": "259372802", "indices": [45, 53]}, {"screen_name": "WHOAFRO", "name": "WHO African Region", "id": 544389588, "id_str": "544389588", "indices": [54, 62]}], "urls": [{"url": "https://t.co/Isf6SNdPJB", "expanded_url": "https://twitter.com/i/web/status/1221850388665532421", "display_url": "twitter.com/i/web/status/1\u2026", "indices": [117, 140]}]}, "source": "<a href=\"https://mobile.twitter.com\" rel=\"nofollow\">Twitter Web App</a>", "in_reply_to_status_id": 1221834674386997249, "in_reply_to_status_id_str": "1221834674386997249", "in_reply_to_user_id": 14499829, "in_reply_to_user_id_str": "14499829", "in_reply_to_screen_name": "WHO", "user": {"id": 79975924, "id_str": "79975924", "name": "Yoni Maisel", "screen_name": "Primary_Immune", "location": "Haifa", "description": "Has 2 rare diseases: CVID, a #PrimaryImmunodeficiency & Sweets syndrome. Patient advocate, advisor, and consultant. #RareDisease #genomics #immunology #dogs", "url": "https://t.co/QadCqolS9I", "entities": {"url": {"urls": [{"url": "https://t.co/QadCqolS9I", "expanded_url": "https://www.mutationwatch.com/journal", "display_url": "mutationwatch.com/journal", "indices": [0, 23]}]}, "description": {"urls": []}}, "protected": false, "followers_count": 25517, "friends_count": 22690, "listed_count": 709, "created_at": "Mon Oct 05 09:23:34 +0000 2009", "favourites_count": 36932, "utc_offset": null, "time_zone": null, "geo_enabled": false, "verified": false, "statuses_count": 43528, "lang": null, "contributors_enabled": false, "is_translator": false, "is_translation_enabled": false, "profile_background_color": "131516", "profile_background_image_url": "http://abs.twimg.com/images/themes/theme14/bg.gif", "profile_background_image_url_https": "https://abs.twimg.com/images/themes/theme14/bg.gif", "profile_background_tile": true, "profile_image_url": "http://pbs.twimg.com/profile_images/1068161511317782528/p_SjfHsP_normal.jpg", "profile_image_url_https": "https://pbs.twimg.com/profile_images/1068161511317782528/p_SjfHsP_normal.jpg", "profile_banner_url": "https://pbs.twimg.com/profile_banners/79975924/1583330999", "profile_link_color": "009999", "profile_sidebar_border_color": "FFFFFF", "profile_sidebar_fill_color": "EFEFEF", "profile_text_color": "333333", "profile_use_background_image": false, "has_extended_profile": true, "default_profile": false, "default_profile_image": false, "following": false, "follow_request_sent": false, "notifications": false, "translator_type": "none"}, "geo": null, "coordinates": null, "place": null, "contributors": null, "is_quote_status": false, "retweet_count": 0, "favorite_count": 8, "favorited": false, "retweeted": false, "lang": "en"}