{
    "entities": {
        "hashtags": [
            {
                "start": 139,
                "end": 152,
                "tag": "coronarvirus"
            }
        ],
        "urls": [
            {
                "start": 153,
                "end": 176,
                "url": "https://t.co/l4STCM9Uuu",
                "expanded_url": "https://twitter.com/WHOEMRO/status/1221502415117193216/photo/1",
                "display_url": "pic.twitter.com/l4STCM9Uuu"
            }
        ]
    },
    "text": "Avoiding unprotected contact with sick people 🤒 (including touching one’s eyes, nose or mouth) and with live farm 🐓🐖🐄🐪 or wild animals 🦇🐒\n\n#coronarvirus https://t.co/l4STCM9Uuu",
    "created_at": "2020-01-26T18:37:24.000Z",
    "id": "1221502415117193216",
    "in_reply_to_user_id": "259372802",
    "source": "Twitter Web Client"
}