{
    "entities": {
        "annotations": [
            {
                "start": 78,
                "end": 82,
                "probability": 0.9946,
                "type": "Place",
                "normalized_text": "China"
            },
            {
                "start": 271,
                "end": 275,
                "probability": 0.9975,
                "type": "Place",
                "normalized_text": "China"
            }
        ],
        "mentions": [
            {
                "start": 0,
                "end": 4,
                "username": "WHO",
                "id": "14499829"
            },
            {
                "start": 5,
                "end": 17,
                "username": "WHOThailand",
                "id": "479264032"
            },
            {
                "start": 18,
                "end": 26,
                "username": "WHOKobe",
                "id": "538804810"
            },
            {
                "start": 27,
                "end": 36,
                "username": "WHOSEARO",
                "id": "1545915336"
            },
            {
                "start": 37,
                "end": 45,
                "username": "WHOWPRO",
                "id": "3794682452"
            }
        ]
    },
    "in_reply_to_user_id": "14499829",
    "created_at": "2020-01-25T15:41:18.000Z",
    "id": "1221095710780616704",
    "text": "@WHO @WHOThailand @WHOKobe @WHOSEARO @WHOWPRO The virus has been spreading in China, supplies in the affected areas have been seriously lacking, and doctors are overworked.Could WHO deploy the necessary medical supplies to contain the spread of the contagious disease in China?",
    "source": "Twitter for iPhone"
}