{
    "created_at": "2020-01-27 14:34:38+00:00",
    "id": 1221803705780932608,
    "text": "@WHO @WHOWPRO @WHOSEARO @WHO_Europe @pahowho @WHOEMRO @WHOAFRO \ud83d\udccc CORONAVIRUS UPDATE\n\nDEATHS\n\n\ud83c\udde8\ud83c\uddf3 China 81\n\nCONFIRMED CASES\n\n\ud83c\udde8\ud83c\uddf3 China 2700\n\ud83c\uddfa\ud83c\uddf8 US 5\n\ud83c\udde6\ud83c\uddfaAustralia 5\n\ud83c\uddeb\ud83c\uddf7 France 3\n\ud83c\uddf3\ud83c\uddf5Nepal 1\n\ud83c\uddef\ud83c\uddf5 Japan 4\n\ud83c\uddf8\ud83c\uddec Singapore 4\n\ud83c\uddf0\ud83c\uddf7 South Korea 4\n\ud83c\uddf9\ud83c\uddfc Taiwan 5\n\ud83c\uddf9\ud83c\udded Thailand 8\n\ud83c\uddfb\ud83c\uddf3 Vietnam 2 \n\ud83c\uddf2\ud83c\uddfeMalaysia 4\n\ud83c\uddf0\ud83c\udded Cambodia 1\n\n(Source: VOA/ AFP)",
    "entities": {
        "annotations": [
            {
                "start": 99,
                "end": 103,
                "probability": 0.5709,
                "type": "Place",
                "normalized_text": "China"
            },
            {
                "start": 229,
                "end": 239,
                "probability": 0.3829,
                "type": "Place",
                "normalized_text": "South Korea"
            },
            {
                "start": 248,
                "end": 253,
                "probability": 0.6716,
                "type": "Place",
                "normalized_text": "Taiwan"
            },
            {
                "start": 278,
                "end": 284,
                "probability": 0.5481,
                "type": "Place",
                "normalized_text": "Vietnam"
            }
        ],
        "mentions": [
            {
                "start": 0,
                "end": 4,
                "username": "WHO",
                "id": "14499829"
            },
            {
                "start": 5,
                "end": 13,
                "username": "WHOWPRO",
                "id": "3794682452"
            },
            {
                "start": 14,
                "end": 23,
                "username": "WHOSEARO",
                "id": "1545915336"
            },
            {
                "start": 24,
                "end": 35,
                "username": "WHO_Europe",
                "id": "125403342"
            },
            {
                "start": 36,
                "end": 44,
                "username": "pahowho",
                "id": "20629893"
            },
            {
                "start": 45,
                "end": 53,
                "username": "WHOEMRO",
                "id": "259372802"
            },
            {
                "start": 54,
                "end": 62,
                "username": "WHOAFRO",
                "id": "544389588"
            }
        ]
    },
    "source": "Twitter for iPhone",
    "in_reply_to_user_id": 14499829
}