{"created_at": "Tue Jan 28 03:09:33 +0000 2020", "id": 1221993689729335296, "id_str": "1221993689729335296", "text": "@WHO @WHOWPRO @WHOSEARO @WHO_Europe @pahowho @WHOEMRO @WHOAFRO I don\u2019t understand the laidback approach to this. Ar\u2026 https://t.co/qLAhXrCsRg", "truncated": true, "entities": {"hashtags": [], "symbols": [], "user_mentions": [{"screen_name": "WHO", "name": "World Health Organization (WHO)", "id": 14499829, "id_str": "14499829", "indices": [0, 4]}, {"screen_name": "WHOWPRO", "name": "World Health Organization (WHO) Western Pacific", "id": 3794682452, "id_str": "3794682452", "indices": [5, 13]}, {"screen_name": "WHOSEARO", "name": "WHO South-East Asia", "id": 1545915336, "id_str": "1545915336", "indices": [14, 23]}, {"screen_name": "WHO_Europe", "name": "WHO/Europe", "id": 125403342, "id_str": "125403342", "indices": [24, 35]}, {"screen_name": "pahowho", "name": "PAHO/WHO", "id": 20629893, "id_str": "20629893", "indices": [36, 44]}, {"screen_name": "WHOEMRO", "name": "WHO EMRO", "id": 259372802, "id_str": "259372802", "indices": [45, 53]}, {"screen_name": "WHOAFRO", "name": "WHO African Region", "id": 544389588, "id_str": "544389588", "indices": [54, 62]}], "urls": [{"url": "https://t.co/qLAhXrCsRg", "expanded_url": "https://twitter.com/i/web/status/1221993689729335296", "display_url": "twitter.com/i/web/status/1\u2026", "indices": [117, 140]}]}, "source": "<a href=\"http://twitter.com/download/iphone\" rel=\"nofollow\">Twitter for iPhone</a>", "in_reply_to_status_id": 1221834674386997249, "in_reply_to_status_id_str": "1221834674386997249", "in_reply_to_user_id": 14499829, "in_reply_to_user_id_str": "14499829", "in_reply_to_screen_name": "WHO", "user": {"id": 1151925304816001024, "id_str": "1151925304816001024", "name": "Tee Holland \ud83c\udff3\ufe0f\u200d\ud83c\udf08 \ud83c\udf0a\ud83c\uddfa\ud83c\uddf8", "screen_name": "THollandParker1", "location": "Charleston, SC", "description": "Retired Nurse. Tiny Tenacious \u201cBoomer,\u201d Organic Foodie* *PLEASE WEAR A MASK*\ud83d\ude37 Typos, misspelled words, and opinions are my own \ud83d\ude09", "url": "https://t.co/CnzOqqO7PS", "entities": {"url": {"urls": [{"url": "https://t.co/CnzOqqO7PS", "expanded_url": "http://buildbackbetter.gov", "display_url": "buildbackbetter.gov", "indices": [0, 23]}]}, "description": {"urls": []}}, "protected": false, "followers_count": 1403, "friends_count": 2909, "listed_count": 3, "created_at": "Thu Jul 18 18:42:49 +0000 2019", "favourites_count": 140980, "utc_offset": null, "time_zone": null, "geo_enabled": true, "verified": false, "statuses_count": 40877, "lang": null, "contributors_enabled": false, "is_translator": false, "is_translation_enabled": false, "profile_background_color": "F5F8FA", "profile_background_image_url": null, "profile_background_image_url_https": null, "profile_background_tile": false, "profile_image_url": "http://pbs.twimg.com/profile_images/1302777340984987648/I8nHEH8t_normal.jpg", "profile_image_url_https": "https://pbs.twimg.com/profile_images/1302777340984987648/I8nHEH8t_normal.jpg", "profile_banner_url": "https://pbs.twimg.com/profile_banners/1151925304816001024/1603272824", "profile_link_color": "1DA1F2", "profile_sidebar_border_color": "C0DEED", "profile_sidebar_fill_color": "DDEEF6", "profile_text_color": "333333", "profile_use_background_image": true, "has_extended_profile": false, "default_profile": true, "default_profile_image": false, "following": false, "follow_request_sent": false, "notifications": false, "translator_type": "none"}, "geo": null, "coordinates": null, "place": null, "contributors": null, "is_quote_status": false, "retweet_count": 0, "favorite_count": 3, "favorited": false, "retweeted": false, "lang": "en"}