{
    "entities": {
        "urls": [
            {
                "start": 96,
                "end": 119,
                "url": "https://t.co/y1d9c0TZZi",
                "expanded_url": "https://www.caixinglobal.com/2020-01-22/wuhan-virus-latest-china-reports-second-pneumonia-linked-death-101505300.html",
                "display_url": "caixinglobal.com/2020-01-22/wuh…"
            },
            {
                "start": 120,
                "end": 143,
                "url": "https://t.co/ykwVOgpiTj",
                "expanded_url": "https://twitter.com/Primal_Digest/status/1221339115842686977/photo/1",
                "display_url": "pic.twitter.com/ykwVOgpiTj"
            }
        ],
        "mentions": [
            {
                "start": 0,
                "end": 4,
                "username": "WHO",
                "id": "14499829"
            },
            {
                "start": 5,
                "end": 20,
                "username": "vincentmenezes",
                "id": "113050169"
            }
        ]
    },
    "in_reply_to_user_id": "14499829",
    "created_at": "2020-01-26T07:48:31.000Z",
    "id": "1221339115842686977",
    "text": "@WHO @vincentmenezes Wuhan Virus Latest: Official Infection Count Nears 450 as Outbreak Spreads\nhttps://t.co/y1d9c0TZZi https://t.co/ykwVOgpiTj",
    "source": "Primal for Twitter"
}