{
    "created_at": "2020-01-27 14:24:44+00:00",
    "id": 1221801213919776768,
    "text": "@Watchmaker69 @WHO @WHOWPRO @WHOSEARO @WHO_Europe @pahowho @WHOEMRO @WHOAFRO Robert humans conjured smallpox polio etc and we also lived through Black Death multiple times so I don\u2019t think we should worry the most ever",
    "entities": {
        "annotations": [
            {
                "start": 77,
                "end": 82,
                "probability": 0.7376,
                "type": "Person",
                "normalized_text": "Robert"
            },
            {
                "start": 145,
                "end": 155,
                "probability": 0.3601,
                "type": "Other",
                "normalized_text": "Black Death"
            }
        ],
        "mentions": [
            {
                "start": 0,
                "end": 13,
                "username": "Watchmaker69",
                "id": "981266373098614785"
            },
            {
                "start": 14,
                "end": 18,
                "username": "WHO",
                "id": "14499829"
            },
            {
                "start": 19,
                "end": 27,
                "username": "WHOWPRO",
                "id": "3794682452"
            },
            {
                "start": 28,
                "end": 37,
                "username": "WHOSEARO",
                "id": "1545915336"
            },
            {
                "start": 38,
                "end": 49,
                "username": "WHO_Europe",
                "id": "125403342"
            },
            {
                "start": 50,
                "end": 58,
                "username": "pahowho",
                "id": "20629893"
            },
            {
                "start": 59,
                "end": 67,
                "username": "WHOEMRO",
                "id": "259372802"
            },
            {
                "start": 68,
                "end": 76,
                "username": "WHOAFRO",
                "id": "544389588"
            }
        ]
    },
    "source": "Twitter for iPad",
    "in_reply_to_user_id": 981266373098614785
}