{
    "created_at": "2020-01-27 18:46:41+00:00",
    "id": 1221867138878566407,
    "text": "@WHO @WHOWPRO @WHOSEARO @WHO_Europe @pahowho @WHOEMRO @WHOAFRO #Taiwancanhelp #coronarvirus https://t.co/E0VxJMF9GC",
    "entities": {
        "mentions": [
            {
                "start": 0,
                "end": 4,
                "username": "WHO",
                "id": "14499829"
            },
            {
                "start": 5,
                "end": 13,
                "username": "WHOWPRO",
                "id": "3794682452"
            },
            {
                "start": 14,
                "end": 23,
                "username": "WHOSEARO",
                "id": "1545915336"
            },
            {
                "start": 24,
                "end": 35,
                "username": "WHO_Europe",
                "id": "125403342"
            },
            {
                "start": 36,
                "end": 44,
                "username": "pahowho",
                "id": "20629893"
            },
            {
                "start": 45,
                "end": 53,
                "username": "WHOEMRO",
                "id": "259372802"
            },
            {
                "start": 54,
                "end": 62,
                "username": "WHOAFRO",
                "id": "544389588"
            }
        ],
        "hashtags": [
            {
                "start": 63,
                "end": 77,
                "tag": "Taiwancanhelp"
            },
            {
                "start": 78,
                "end": 91,
                "tag": "coronarvirus"
            }
        ],
        "urls": [
            {
                "start": 92,
                "end": 115,
                "url": "https://t.co/E0VxJMF9GC",
                "expanded_url": "https://twitter.com/Iam_Yu_W/status/1221867138878566407/photo/1",
                "display_url": "pic.twitter.com/E0VxJMF9GC"
            }
        ]
    },
    "source": "Twitter for iPhone",
    "in_reply_to_user_id": 14499829
}