{
    "created_at": "2020-01-28 00:58:59+00:00",
    "id": 1221960828389224449,
    "text": "@WHO @WHOWPRO @WHOSEARO @WHO_Europe @pahowho @WHOEMRO @WHOAFRO sos \u6551\u6551\u6b66\u6c49\u5e02\u6c11\uff01\u6211\u6bcd\u4eb2\u611f\u67d3\u6b66\u6c49\u80ba\u708e \u533b\u9662\u9690\u7792\u75c5\u60c5 \u5728\u5bb6\u9ad8\u70e7\u5367\u5e8a12\u5929\u3002\u6211\u5bb6\u4f4d\u4e8e\u6b66\u6c49\u5e02\u785a\u53e3\u533a\u97e9\u5bb6\u58a9\u65b0\u534e\u793e\u533a \u5171\u4ea7\u515a\u6307\u6d3e\u7684\u793e\u533a\u4e2d\u5fc3\u5468\u4e3b\u4efb(132XX7786)\u8bf4\u65e0\u6cd5\u5b89\u6392\u75c5\u5e8a \u5efa\u8bae\u5728\u5bb6\u7b49\u6b7b\u3002\u6211\u7238\u4ea6\u88ab\u4f20\u67d3\u8fd8\u5f97\u7167\u987e\u6211\u5988\u7cbe\u795e\u5df2\u7ecf\u5d29\u6e83\u3002\u4ed6\u4eec\u65e0\u836f\u7269\u65e0\u98df\u54c1\u65e0\u533b\u7597\u3002\u8bf7\u6551\u6551\u4ed6\u4eec\u5427\uff01",
    "entities": {
        "mentions": [
            {
                "start": 0,
                "end": 4,
                "username": "WHO",
                "id": "14499829"
            },
            {
                "start": 5,
                "end": 13,
                "username": "WHOWPRO",
                "id": "3794682452"
            },
            {
                "start": 14,
                "end": 23,
                "username": "WHOSEARO",
                "id": "1545915336"
            },
            {
                "start": 24,
                "end": 35,
                "username": "WHO_Europe",
                "id": "125403342"
            },
            {
                "start": 36,
                "end": 44,
                "username": "pahowho",
                "id": "20629893"
            },
            {
                "start": 45,
                "end": 53,
                "username": "WHOEMRO",
                "id": "259372802"
            },
            {
                "start": 54,
                "end": 62,
                "username": "WHOAFRO",
                "id": "544389588"
            }
        ]
    },
    "source": "Twitter for iPhone",
    "in_reply_to_user_id": 14499829
}