{
    "created_at": "2020-01-28 03:52:44+00:00",
    "id": 1222004557380612097,
    "text": "@WHO @WHOWPRO @WHOSEARO @WHO_Europe @pahowho @WHOEMRO @WHOAFRO Thanks for notification, try @moayush for remedy \n\n#coronavirus #CoronaOutbreak",
    "entities": {
        "mentions": [
            {
                "start": 0,
                "end": 4,
                "username": "WHO",
                "id": "14499829"
            },
            {
                "start": 5,
                "end": 13,
                "username": "WHOWPRO",
                "id": "3794682452"
            },
            {
                "start": 14,
                "end": 23,
                "username": "WHOSEARO",
                "id": "1545915336"
            },
            {
                "start": 24,
                "end": 35,
                "username": "WHO_Europe",
                "id": "125403342"
            },
            {
                "start": 36,
                "end": 44,
                "username": "pahowho",
                "id": "20629893"
            },
            {
                "start": 45,
                "end": 53,
                "username": "WHOEMRO",
                "id": "259372802"
            },
            {
                "start": 54,
                "end": 62,
                "username": "WHOAFRO",
                "id": "544389588"
            },
            {
                "start": 92,
                "end": 100,
                "username": "moayush",
                "id": "2650295678"
            }
        ],
        "hashtags": [
            {
                "start": 114,
                "end": 126,
                "tag": "coronavirus"
            },
            {
                "start": 127,
                "end": 142,
                "tag": "CoronaOutbreak"
            }
        ]
    },
    "source": "Twitter Web App",
    "in_reply_to_user_id": 14499829
}