{
    "created_at": "2020-01-28 04:14:33+00:00",
    "id": 1222010046785236992,
    "text": "Protect others from getting sick:\n3\u20e3 \n\ud83d\udd3aAvoid close contact when you are experiencing fever and cold or flu-like symptoms \ud83e\udd27.\n\ud83d\udd3aAvoid spitting in public.\n\ud83d\udd3aSeek medical care \ud83d\udc69\ud83c\udffb\u200d\u2695\ufe0f\ud83d\udc68\ud83c\udffb\u200d\u2695\ufe0f if you have a fever \ud83e\udd12, cough and difficulty breathing.\n\n#coronavirus https://t.co/ZIWeuzmRaw",
    "entities": {
        "urls": [
            {
                "start": 250,
                "end": 273,
                "url": "https://t.co/ZIWeuzmRaw",
                "expanded_url": "https://twitter.com/WHOSriLanka/status/1222010046785236992/photo/1",
                "display_url": "pic.twitter.com/ZIWeuzmRaw"
            }
        ],
        "hashtags": [
            {
                "start": 237,
                "end": 249,
                "tag": "coronavirus"
            }
        ]
    },
    "source": "Twitter Web App",
    "in_reply_to_user_id": 945574325645590528
}