{"created_at": "Thu Jan 30 17:07:38 +0000 2020", "id": 1222929373587701760, "id_str": "1222929373587701760", "text": "@WHO @DrTedros @WHOWPRO @WHOSEARO @WHO_Europe @pahowho @WHOEMRO @WHOAFRO Declare the emergency - The deployment of\u2026 https://t.co/H4u8dHZWM0", "truncated": true, "entities": {"hashtags": [], "symbols": [], "user_mentions": [{"screen_name": "WHO", "name": "World Health Organization (WHO)", "id": 14499829, "id_str": "14499829", "indices": [0, 4]}, {"screen_name": "DrTedros", "name": "Tedros Adhanom Ghebreyesus", "id": 189868631, "id_str": "189868631", "indices": [5, 14]}, {"screen_name": "WHOWPRO", "name": "World Health Organization (WHO) Western Pacific", "id": 3794682452, "id_str": "3794682452", "indices": [15, 23]}, {"screen_name": "WHOSEARO", "name": "WHO South-East Asia", "id": 1545915336, "id_str": "1545915336", "indices": [24, 33]}, {"screen_name": "WHO_Europe", "name": "WHO/Europe", "id": 125403342, "id_str": "125403342", "indices": [34, 45]}, {"screen_name": "pahowho", "name": "PAHO/WHO", "id": 20629893, "id_str": "20629893", "indices": [46, 54]}, {"screen_name": "WHOEMRO", "name": "WHO EMRO", "id": 259372802, "id_str": "259372802", "indices": [55, 63]}, {"screen_name": "WHOAFRO", "name": "WHO African Region", "id": 544389588, "id_str": "544389588", "indices": [64, 72]}], "urls": [{"url": "https://t.co/H4u8dHZWM0", "expanded_url": "https://twitter.com/i/web/status/1222929373587701760", "display_url": "twitter.com/i/web/status/1\u2026", "indices": [116, 139]}]}, "source": "<a href=\"https://mobile.twitter.com\" rel=\"nofollow\">Twitter Web App</a>", "in_reply_to_status_id": 1222929006967869442, "in_reply_to_status_id_str": "1222929006967869442", "in_reply_to_user_id": 14499829, "in_reply_to_user_id_str": "14499829", "in_reply_to_screen_name": "WHO", "user": {"id": 2359256112, "id_str": "2359256112", "name": "Tim Robinson", "screen_name": "TimTim081", "location": "Portsmouth, England", "description": "Married, Kid. Numbers guy. Huge #Chuck Fan + General Nerd. Hope my posts interest you", "url": "https://t.co/dlIyfxvurN", "entities": {"url": {"urls": [{"url": "https://t.co/dlIyfxvurN", "expanded_url": "https://twitter.com/TimTim081", "display_url": "twitter.com/TimTim081", "indices": [0, 23]}]}, "description": {"urls": []}}, "protected": false, "followers_count": 17813, "friends_count": 167, "listed_count": 10, "created_at": "Mon Feb 24 09:51:00 +0000 2014", "favourites_count": 22436, "utc_offset": null, "time_zone": null, "geo_enabled": false, "verified": false, "statuses_count": 5749, "lang": null, "contributors_enabled": false, "is_translator": false, "is_translation_enabled": false, "profile_background_color": "C0DEED", "profile_background_image_url": "http://abs.twimg.com/images/themes/theme1/bg.png", "profile_background_image_url_https": "https://abs.twimg.com/images/themes/theme1/bg.png", "profile_background_tile": false, "profile_image_url": "http://pbs.twimg.com/profile_images/897136899453792258/ix0VYxqW_normal.jpg", "profile_image_url_https": "https://pbs.twimg.com/profile_images/897136899453792258/ix0VYxqW_normal.jpg", "profile_banner_url": "https://pbs.twimg.com/profile_banners/2359256112/1581452170", "profile_link_color": "1DA1F2", "profile_sidebar_border_color": "C0DEED", "profile_sidebar_fill_color": "DDEEF6", "profile_text_color": "333333", "profile_use_background_image": true, "has_extended_profile": true, "default_profile": true, "default_profile_image": false, "following": false, "follow_request_sent": false, "notifications": false, "translator_type": "none"}, "geo": null, "coordinates": null, "place": null, "contributors": null, "is_quote_status": false, "retweet_count": 0, "favorite_count": 9, "favorited": false, "retweeted": false, "lang": "en"}