{"created_at": "Thu Jan 30 17:25:52 +0000 2020", "id": 1222933964400123905, "id_str": "1222933964400123905", "text": "@WHO @DrTedros @WHOWPRO @WHOSEARO @WHO_Europe @pahowho @WHOEMRO @WHOAFRO \u6211\u76f8\u4fe1\u6211\u4eec\u7684\u653f\u5e9c", "truncated": false, "entities": {"hashtags": [], "symbols": [], "user_mentions": [{"screen_name": "WHO", "name": "World Health Organization (WHO)", "id": 14499829, "id_str": "14499829", "indices": [0, 4]}, {"screen_name": "DrTedros", "name": "Tedros Adhanom Ghebreyesus", "id": 189868631, "id_str": "189868631", "indices": [5, 14]}, {"screen_name": "WHOWPRO", "name": "World Health Organization (WHO) Western Pacific", "id": 3794682452, "id_str": "3794682452", "indices": [15, 23]}, {"screen_name": "WHOSEARO", "name": "WHO South-East Asia", "id": 1545915336, "id_str": "1545915336", "indices": [24, 33]}, {"screen_name": "WHO_Europe", "name": "WHO/Europe", "id": 125403342, "id_str": "125403342", "indices": [34, 45]}, {"screen_name": "pahowho", "name": "PAHO/WHO", "id": 20629893, "id_str": "20629893", "indices": [46, 54]}, {"screen_name": "WHOEMRO", "name": "WHO EMRO", "id": 259372802, "id_str": "259372802", "indices": [55, 63]}, {"screen_name": "WHOAFRO", "name": "WHO African Region", "id": 544389588, "id_str": "544389588", "indices": [64, 72]}], "urls": []}, "source": "<a href=\"http://twitter.com/download/android\" rel=\"nofollow\">Twitter for Android</a>", "in_reply_to_status_id": 1222929006967869442, "in_reply_to_status_id_str": "1222929006967869442", "in_reply_to_user_id": 14499829, "in_reply_to_user_id_str": "14499829", "in_reply_to_screen_name": "WHO", "user": {"id": 1165841686599065600, "id_str": "1165841686599065600", "name": "\u6797\u83ab\u8a00", "screen_name": "lSpOIwhCiyEdDVZ", "location": "", "description": "\u865a\u6784\u4eba\u7269", "url": null, "entities": {"description": {"urls": []}}, "protected": false, "followers_count": 1, "friends_count": 31, "listed_count": 0, "created_at": "Mon Aug 26 04:21:43 +0000 2019", "favourites_count": 3, "utc_offset": null, "time_zone": null, "geo_enabled": false, "verified": false, "statuses_count": 10, "lang": null, "contributors_enabled": false, "is_translator": false, "is_translation_enabled": false, "profile_background_color": "F5F8FA", "profile_background_image_url": null, "profile_background_image_url_https": null, "profile_background_tile": false, "profile_image_url": "http://pbs.twimg.com/profile_images/1266728353374932992/uKDRhWlC_normal.jpg", "profile_image_url_https": "https://pbs.twimg.com/profile_images/1266728353374932992/uKDRhWlC_normal.jpg", "profile_link_color": "1DA1F2", "profile_sidebar_border_color": "C0DEED", "profile_sidebar_fill_color": "DDEEF6", "profile_text_color": "333333", "profile_use_background_image": true, "has_extended_profile": true, "default_profile": true, "default_profile_image": false, "following": false, "follow_request_sent": false, "notifications": false, "translator_type": "none"}, "geo": null, "coordinates": null, "place": null, "contributors": null, "is_quote_status": false, "retweet_count": 1, "favorite_count": 7, "favorited": false, "retweeted": false, "lang": "zh"}