{"created_at": "Tue Jan 28 15:38:52 +0000 2020", "id": 1222182262130823168, "id_str": "1222182262130823168", "text": "Are there any specific medicines to prevent or treat the new coronavirus?\n\nTo date, there is no specific medicine r\u2026 https://t.co/EQxaWik2ot", "truncated": true, "entities": {"hashtags": [], "symbols": [], "user_mentions": [], "urls": [{"url": "https://t.co/EQxaWik2ot", "expanded_url": "https://twitter.com/i/web/status/1222182262130823168", "display_url": "twitter.com/i/web/status/1\u2026", "indices": [117, 140]}]}, "source": "<a href=\"http://twitter.com/download/android\" rel=\"nofollow\">Twitter for Android</a>", "in_reply_to_status_id": null, "in_reply_to_status_id_str": null, "in_reply_to_user_id": null, "in_reply_to_user_id_str": null, "in_reply_to_screen_name": null, "user": {"id": 1107300908323557376, "id_str": "1107300908323557376", "name": "A Raja", "screen_name": "a_asr97", "location": "Lahore, Pakistan", "description": "Currently working on e-commerce project @EBuildPakistan Previously @_nervecenter @indusdotnews Digital & Broadcast Media", "url": "https://t.co/5h3k51O1e7", "entities": {"url": {"urls": [{"url": "https://t.co/5h3k51O1e7", "expanded_url": "https://instagram.com/anam.sattar.raja?igshid=1im2cmdqqq4nu", "display_url": "instagram.com/anam.sattar.ra\u2026", "indices": [0, 23]}]}, "description": {"urls": []}}, "protected": false, "followers_count": 484, "friends_count": 508, "listed_count": 0, "created_at": "Sun Mar 17 15:21:23 +0000 2019", "favourites_count": 5511, "utc_offset": null, "time_zone": null, "geo_enabled": true, "verified": false, "statuses_count": 2469, "lang": null, "contributors_enabled": false, "is_translator": false, "is_translation_enabled": false, "profile_background_color": "F5F8FA", "profile_background_image_url": null, "profile_background_image_url_https": null, "profile_background_tile": false, "profile_image_url": "http://pbs.twimg.com/profile_images/1376191943491911681/eFGhRTiI_normal.jpg", "profile_image_url_https": "https://pbs.twimg.com/profile_images/1376191943491911681/eFGhRTiI_normal.jpg", "profile_banner_url": "https://pbs.twimg.com/profile_banners/1107300908323557376/1584037170", "profile_link_color": "1DA1F2", "profile_sidebar_border_color": "C0DEED", "profile_sidebar_fill_color": "DDEEF6", "profile_text_color": "333333", "profile_use_background_image": true, "has_extended_profile": true, "default_profile": true, "default_profile_image": false, "following": false, "follow_request_sent": false, "notifications": false, "translator_type": "none"}, "geo": null, "coordinates": null, "place": null, "contributors": null, "is_quote_status": false, "retweet_count": 0, "favorite_count": 2, "favorited": false, "retweeted": false, "possibly_sensitive": false, "lang": "en"}