{"created_at": "Thu Jan 30 07:45:23 +0000 2020", "id": 1222787878138155008, "id_str": "1222787878138155008", "text": "@Primary_Immune @WHO @WHOWPRO @WHOSEARO @WHO_Europe @pahowho @WHOEMRO @WHOAFRO \u56e0\u4e3a\u5728\u4e2d\u56fd\u6709\u5f88\u591a\u5ba0\u7269\u88ab\u4eba\u4eec\u629b\u5f03\u4e86\u3002", "truncated": false, "entities": {"hashtags": [], "symbols": [], "user_mentions": [{"screen_name": "Primary_Immune", "name": "Yoni Maisel", "id": 79975924, "id_str": "79975924", "indices": [0, 15]}, {"screen_name": "WHO", "name": "World Health Organization (WHO)", "id": 14499829, "id_str": "14499829", "indices": [16, 20]}, {"screen_name": "WHOWPRO", "name": "World Health Organization (WHO) Western Pacific", "id": 3794682452, "id_str": "3794682452", "indices": [21, 29]}, {"screen_name": "WHOSEARO", "name": "WHO South-East Asia", "id": 1545915336, "id_str": "1545915336", "indices": [30, 39]}, {"screen_name": "WHO_Europe", "name": "WHO/Europe", "id": 125403342, "id_str": "125403342", "indices": [40, 51]}, {"screen_name": "pahowho", "name": "PAHO/WHO", "id": 20629893, "id_str": "20629893", "indices": [52, 60]}, {"screen_name": "WHOEMRO", "name": "WHO EMRO", "id": 259372802, "id_str": "259372802", "indices": [61, 69]}, {"screen_name": "WHOAFRO", "name": "WHO African Region", "id": 544389588, "id_str": "544389588", "indices": [70, 78]}], "urls": []}, "source": "<a href=\"http://twitter.com/download/iphone\" rel=\"nofollow\">Twitter for iPhone</a>", "in_reply_to_status_id": 1221850388665532421, "in_reply_to_status_id_str": "1221850388665532421", "in_reply_to_user_id": 79975924, "in_reply_to_user_id_str": "79975924", "in_reply_to_screen_name": "Primary_Immune", "user": {"id": 328063171, "id_str": "328063171", "name": "\u5382\u91cc\u7684\u517b\u732b\u5927\u6237\u3002", "screen_name": "ashitakara_an", "location": "H.O.M.E", "description": "\u5382\u91cc\u7684\u517b\u732b\u5927\u6237\u3002", "url": "https://t.co/83uGAeUN3l", "entities": {"url": {"urls": [{"url": "https://t.co/83uGAeUN3l", "expanded_url": "http://www.instagram.com/archi_cat/", "display_url": "instagram.com/archi_cat/", "indices": [0, 23]}]}, "description": {"urls": []}}, "protected": false, "followers_count": 101, "friends_count": 677, "listed_count": 0, "created_at": "Sat Jul 02 17:22:06 +0000 2011", "favourites_count": 384, "utc_offset": null, "time_zone": null, "geo_enabled": true, "verified": false, "statuses_count": 1084, "lang": null, "contributors_enabled": false, "is_translator": false, "is_translation_enabled": false, "profile_background_color": "ABB8C2", "profile_background_image_url": "http://abs.twimg.com/images/themes/theme1/bg.png", "profile_background_image_url_https": "https://abs.twimg.com/images/themes/theme1/bg.png", "profile_background_tile": true, "profile_image_url": "http://pbs.twimg.com/profile_images/1201557524471668736/DmH33cGs_normal.jpg", "profile_image_url_https": "https://pbs.twimg.com/profile_images/1201557524471668736/DmH33cGs_normal.jpg", "profile_banner_url": "https://pbs.twimg.com/profile_banners/328063171/1479110706", "profile_link_color": "ABB8C2", "profile_sidebar_border_color": "FFFFFF", "profile_sidebar_fill_color": "DDEEF6", "profile_text_color": "333333", "profile_use_background_image": true, "has_extended_profile": true, "default_profile": false, "default_profile_image": false, "following": false, "follow_request_sent": false, "notifications": false, "translator_type": "none"}, "geo": null, "coordinates": null, "place": null, "contributors": null, "is_quote_status": false, "retweet_count": 0, "favorite_count": 1, "favorited": false, "retweeted": false, "lang": "zh"}