{
    "created_at": "2020-01-28 16:43:24+00:00",
    "id": 1222198501976621056,
    "text": "@WHO @WHOSEARO @WHOWPRO @WHO_Europe @pahowho @WHOEMRO @WHOAFRO Outbreak of a new virus is soon followed by the development of a new costly vaccine.\n\nIs it a business trick ?",
    "entities": {
        "mentions": [
            {
                "start": 0,
                "end": 4,
                "username": "WHO",
                "id": "14499829"
            },
            {
                "start": 5,
                "end": 14,
                "username": "WHOSEARO",
                "id": "1545915336"
            },
            {
                "start": 15,
                "end": 23,
                "username": "WHOWPRO",
                "id": "3794682452"
            },
            {
                "start": 24,
                "end": 35,
                "username": "WHO_Europe",
                "id": "125403342"
            },
            {
                "start": 36,
                "end": 44,
                "username": "pahowho",
                "id": "20629893"
            },
            {
                "start": 45,
                "end": 53,
                "username": "WHOEMRO",
                "id": "259372802"
            },
            {
                "start": 54,
                "end": 62,
                "username": "WHOAFRO",
                "id": "544389588"
            }
        ]
    },
    "source": "Twitter for Android",
    "in_reply_to_user_id": 14499829
}