{
    "created_at": "2020-01-30 05:33:20+00:00",
    "id": 1222754647481487361,
    "text": "@WHO @WHOWPRO @WHOSEARO @WHO_Europe @pahowho @WHOEMRO @WHOAFRO Gobernaci\u00f3n divina... la \u00fanica esperanza de toda la humanidad\nJehov\u00e1 Dios, el Creador no va a dejar que la raza humana sea borrada de la Tierra, ni virus, ni bombas nucleares, ni por el hombre ni por sus fuerzas de ejecuci\u00f3n. https://t.co/taMhxUbiVJ -",
    "entities": {
        "mentions": [
            {
                "start": 0,
                "end": 4,
                "username": "WHO",
                "id": "14499829"
            },
            {
                "start": 5,
                "end": 13,
                "username": "WHOWPRO",
                "id": "3794682452"
            },
            {
                "start": 14,
                "end": 23,
                "username": "WHOSEARO",
                "id": "1545915336"
            },
            {
                "start": 24,
                "end": 35,
                "username": "WHO_Europe",
                "id": "125403342"
            },
            {
                "start": 36,
                "end": 44,
                "username": "pahowho",
                "id": "20629893"
            },
            {
                "start": 45,
                "end": 53,
                "username": "WHOEMRO",
                "id": "259372802"
            },
            {
                "start": 54,
                "end": 62,
                "username": "WHOAFRO",
                "id": "544389588"
            }
        ],
        "urls": [
            {
                "start": 289,
                "end": 312,
                "url": "https://t.co/taMhxUbiVJ",
                "expanded_url": "http://Jw.org",
                "display_url": "Jw.org"
            }
        ]
    },
    "source": "Twitter for iPhone",
    "in_reply_to_user_id": 14499829
}