{
    "entities": {
        "hashtags": [
            {
                "start": 136,
                "end": 148,
                "tag": "coronavirus"
            }
        ],
        "urls": [
            {
                "start": 329,
                "end": 352,
                "url": "https://t.co/9aIRahO4R9",
                "expanded_url": "https://twitter.com/WHO/status/1222917985863598080/photo/1",
                "display_url": "pic.twitter.com/9aIRahO4R9"
            },
            {
                "start": 329,
                "end": 352,
                "url": "https://t.co/9aIRahO4R9",
                "expanded_url": "https://twitter.com/WHO/status/1222917985863598080/photo/1",
                "display_url": "pic.twitter.com/9aIRahO4R9"
            }
        ],
        "mentions": [
            {
                "start": 0,
                "end": 9,
                "username": "DrTedros",
                "id": "189868631"
            },
            {
                "start": 10,
                "end": 18,
                "username": "WHOWPRO",
                "id": "3794682452"
            },
            {
                "start": 19,
                "end": 28,
                "username": "WHOSEARO",
                "id": "1545915336"
            },
            {
                "start": 29,
                "end": 40,
                "username": "WHO_Europe",
                "id": "125403342"
            },
            {
                "start": 41,
                "end": 49,
                "username": "pahowho",
                "id": "20629893"
            },
            {
                "start": 50,
                "end": 58,
                "username": "WHOEMRO",
                "id": "259372802"
            },
            {
                "start": 59,
                "end": 67,
                "username": "WHOAFRO",
                "id": "544389588"
            }
        ],
        "annotations": [
            {
                "start": 68,
                "end": 123,
                "probability": 0.4892,
                "type": "Organization",
                "normalized_text": "The International Health Regulations Emergency Committee"
            }
        ]
    },
    "source": "Twitter Web App",
    "text": "@DrTedros @WHOWPRO @WHOSEARO @WHO_Europe @pahowho @WHOEMRO @WHOAFRO The International Health Regulations Emergency Committee on the new #coronavirus (2019-nCoV) meet again today to ascertain whether the outbreak constitutes a public health emergency of international concern, and what recommendations should be made to manage it https://t.co/9aIRahO4R9",
    "created_at": "2020-01-30T16:22:23.000Z",
    "id": "1222917985863598080",
    "in_reply_to_user_id": "14499829"
}