{"created_at": "Thu Jan 30 10:54:28 +0000 2020", "id": 1222835464052322305, "id_str": "1222835464052322305", "text": "@WHO @WHOWPRO @WHOSEARO @WHO_Europe @pahowho @WHOEMRO @WHOAFRO There's no evidence that companion pets (dogs/cats)b\u2026 https://t.co/gIqRBMNouU", "truncated": true, "entities": {"hashtags": [], "symbols": [], "user_mentions": [{"screen_name": "WHO", "name": "World Health Organization (WHO)", "id": 14499829, "id_str": "14499829", "indices": [0, 4]}, {"screen_name": "WHOWPRO", "name": "World Health Organization (WHO) Western Pacific", "id": 3794682452, "id_str": "3794682452", "indices": [5, 13]}, {"screen_name": "WHOSEARO", "name": "WHO South-East Asia", "id": 1545915336, "id_str": "1545915336", "indices": [14, 23]}, {"screen_name": "WHO_Europe", "name": "WHO/Europe", "id": 125403342, "id_str": "125403342", "indices": [24, 35]}, {"screen_name": "pahowho", "name": "PAHO/WHO", "id": 20629893, "id_str": "20629893", "indices": [36, 44]}, {"screen_name": "WHOEMRO", "name": "WHO EMRO", "id": 259372802, "id_str": "259372802", "indices": [45, 53]}, {"screen_name": "WHOAFRO", "name": "WHO African Region", "id": 544389588, "id_str": "544389588", "indices": [54, 62]}], "urls": [{"url": "https://t.co/gIqRBMNouU", "expanded_url": "https://twitter.com/i/web/status/1222835464052322305", "display_url": "twitter.com/i/web/status/1\u2026", "indices": [117, 140]}]}, "source": "<a href=\"http://twitter.com/download/iphone\" rel=\"nofollow\">Twitter for iPhone</a>", "in_reply_to_status_id": 1221834674386997249, "in_reply_to_status_id_str": "1221834674386997249", "in_reply_to_user_id": 14499829, "in_reply_to_user_id_str": "14499829", "in_reply_to_screen_name": "WHO", "user": {"id": 893854795710070784, "id_str": "893854795710070784", "name": "\ud83d\udc8bWendy\ud83c\udf38", "screen_name": "YdneW_OwO", "location": "Shanghai China", "description": "", "url": null, "entities": {"description": {"urls": []}}, "protected": false, "followers_count": 119, "friends_count": 150, "listed_count": 2, "created_at": "Sat Aug 05 15:22:45 +0000 2017", "favourites_count": 1917, "utc_offset": null, "time_zone": null, "geo_enabled": false, "verified": false, "statuses_count": 3865, "lang": null, "contributors_enabled": false, "is_translator": false, "is_translation_enabled": false, "profile_background_color": "000000", "profile_background_image_url": "http://abs.twimg.com/images/themes/theme1/bg.png", "profile_background_image_url_https": "https://abs.twimg.com/images/themes/theme1/bg.png", "profile_background_tile": false, "profile_image_url": "http://pbs.twimg.com/profile_images/1349943829529415683/UEpxkdiF_normal.jpg", "profile_image_url_https": "https://pbs.twimg.com/profile_images/1349943829529415683/UEpxkdiF_normal.jpg", "profile_banner_url": "https://pbs.twimg.com/profile_banners/893854795710070784/1580530582", "profile_link_color": "F58EA8", "profile_sidebar_border_color": "000000", "profile_sidebar_fill_color": "000000", "profile_text_color": "000000", "profile_use_background_image": false, "has_extended_profile": true, "default_profile": false, "default_profile_image": false, "following": false, "follow_request_sent": false, "notifications": false, "translator_type": "none"}, "geo": null, "coordinates": null, "place": null, "contributors": null, "is_quote_status": false, "retweet_count": 0, "favorite_count": 1, "favorited": false, "retweeted": false, "lang": "en"}