{"created_at": "Tue Jan 28 17:45:00 +0000 2020", "id": 1222214001737785344, "id_str": "1222214001737785344", "text": "@AnamSattarRaja1 How Corona virus started.whats the reason .", "truncated": false, "entities": {"hashtags": [], "symbols": [], "user_mentions": [], "urls": []}, "source": "<a href=\"http://twitter.com/download/android\" rel=\"nofollow\">Twitter for Android</a>", "in_reply_to_status_id": 1222182262130823168, "in_reply_to_status_id_str": "1222182262130823168", "in_reply_to_user_id": 1107300908323557376, "in_reply_to_user_id_str": "1107300908323557376", "in_reply_to_screen_name": "a_asr97", "user": {"id": 49728782, "id_str": "49728782", "name": "faisal nazar", "screen_name": "faisalnazar", "location": "", "description": "", "url": null, "entities": {"description": {"urls": []}}, "protected": false, "followers_count": 157, "friends_count": 692, "listed_count": 2, "created_at": "Mon Jun 22 19:08:43 +0000 2009", "favourites_count": 449, "utc_offset": null, "time_zone": null, "geo_enabled": false, "verified": false, "statuses_count": 24337, "lang": null, "contributors_enabled": false, "is_translator": false, "is_translation_enabled": false, "profile_background_color": "C0DEED", "profile_background_image_url": "http://abs.twimg.com/images/themes/theme1/bg.png", "profile_background_image_url_https": "https://abs.twimg.com/images/themes/theme1/bg.png", "profile_background_tile": false, "profile_image_url": "http://pbs.twimg.com/profile_images/868738627093876738/SDQhYwGp_normal.jpg", "profile_image_url_https": "https://pbs.twimg.com/profile_images/868738627093876738/SDQhYwGp_normal.jpg", "profile_banner_url": "https://pbs.twimg.com/profile_banners/49728782/1476115418", "profile_link_color": "1DA1F2", "profile_sidebar_border_color": "C0DEED", "profile_sidebar_fill_color": "DDEEF6", "profile_text_color": "333333", "profile_use_background_image": true, "has_extended_profile": false, "default_profile": true, "default_profile_image": false, "following": false, "follow_request_sent": false, "notifications": false, "translator_type": "none"}, "geo": null, "coordinates": null, "place": null, "contributors": null, "is_quote_status": false, "retweet_count": 0, "favorite_count": 0, "favorited": false, "retweeted": false, "lang": "en"}