{
    "source": "Twitter for Android",
    "entities": {
        "mentions": [
            {
                "start": 0,
                "end": 16,
                "username": "gozluklufangirl",
                "id": "721707044525486080"
            },
            {
                "start": 17,
                "end": 21,
                "username": "WHO",
                "id": "14499829"
            },
            {
                "start": 22,
                "end": 30,
                "username": "WHOWPRO",
                "id": "3794682452"
            },
            {
                "start": 31,
                "end": 40,
                "username": "WHOSEARO",
                "id": "1545915336"
            },
            {
                "start": 41,
                "end": 52,
                "username": "WHO_Europe",
                "id": "125403342"
            },
            {
                "start": 53,
                "end": 61,
                "username": "pahowho",
                "id": "20629893"
            },
            {
                "start": 62,
                "end": 70,
                "username": "WHOEMRO",
                "id": "259372802"
            },
            {
                "start": 71,
                "end": 79,
                "username": "WHOAFRO",
                "id": "544389588"
            }
        ]
    },
    "created_at": "2020-01-30T16:46:44.000Z",
    "id": "1222924113381089283",
    "text": "@gozluklufangirl @WHO @WHOWPRO @WHOSEARO @WHO_Europe @pahowho @WHOEMRO @WHOAFRO no is a global level dangerous. if you live nearby infected zones it is advisable to take the necessary precautions. for example you could wear mask"
}