{"created_at": "Thu Jan 30 19:26:49 +0000 2020", "id": 1222964399545233409, "id_str": "1222964399545233409", "text": "@WHO @DrTedros @WHOWPRO @WHOSEARO @WHO_Europe @pahowho @WHOEMRO @WHOAFRO No need to click the link I have the answe\u2026 https://t.co/odPC3DdMbL", "truncated": true, "entities": {"hashtags": [], "symbols": [], "user_mentions": [{"screen_name": "WHO", "name": "World Health Organization (WHO)", "id": 14499829, "id_str": "14499829", "indices": [0, 4]}, {"screen_name": "DrTedros", "name": "Tedros Adhanom Ghebreyesus", "id": 189868631, "id_str": "189868631", "indices": [5, 14]}, {"screen_name": "WHOWPRO", "name": "World Health Organization (WHO) Western Pacific", "id": 3794682452, "id_str": "3794682452", "indices": [15, 23]}, {"screen_name": "WHOSEARO", "name": "WHO South-East Asia", "id": 1545915336, "id_str": "1545915336", "indices": [24, 33]}, {"screen_name": "WHO_Europe", "name": "WHO/Europe", "id": 125403342, "id_str": "125403342", "indices": [34, 45]}, {"screen_name": "pahowho", "name": "PAHO/WHO", "id": 20629893, "id_str": "20629893", "indices": [46, 54]}, {"screen_name": "WHOEMRO", "name": "WHO EMRO", "id": 259372802, "id_str": "259372802", "indices": [55, 63]}, {"screen_name": "WHOAFRO", "name": "WHO African Region", "id": 544389588, "id_str": "544389588", "indices": [64, 72]}], "urls": [{"url": "https://t.co/odPC3DdMbL", "expanded_url": "https://twitter.com/i/web/status/1222964399545233409", "display_url": "twitter.com/i/web/status/1\u2026", "indices": [117, 140]}]}, "source": "<a href=\"http://twitter.com/download/android\" rel=\"nofollow\">Twitter for Android</a>", "in_reply_to_status_id": 1222929006967869442, "in_reply_to_status_id_str": "1222929006967869442", "in_reply_to_user_id": 14499829, "in_reply_to_user_id_str": "14499829", "in_reply_to_screen_name": "WHO", "user": {"id": 935965290684444673, "id_str": "935965290684444673", "name": "ColiomaC", "screen_name": "ColiMcchristie1", "location": "", "description": "Twitter is a source for useful information, a source for bad information and home to a lot of crazy people! Always take it with a pinch of salt!", "url": null, "entities": {"description": {"urls": []}}, "protected": false, "followers_count": 36, "friends_count": 152, "listed_count": 2, "created_at": "Wed Nov 29 20:14:49 +0000 2017", "favourites_count": 1001, "utc_offset": null, "time_zone": null, "geo_enabled": false, "verified": false, "statuses_count": 2223, "lang": null, "contributors_enabled": false, "is_translator": false, "is_translation_enabled": false, "profile_background_color": "F5F8FA", "profile_background_image_url": null, "profile_background_image_url_https": null, "profile_background_tile": false, "profile_image_url": "http://pbs.twimg.com/profile_images/935972698810912769/-vkKYq8r_normal.jpg", "profile_image_url_https": "https://pbs.twimg.com/profile_images/935972698810912769/-vkKYq8r_normal.jpg", "profile_banner_url": "https://pbs.twimg.com/profile_banners/935965290684444673/1511988254", "profile_link_color": "1DA1F2", "profile_sidebar_border_color": "C0DEED", "profile_sidebar_fill_color": "DDEEF6", "profile_text_color": "333333", "profile_use_background_image": true, "has_extended_profile": false, "default_profile": true, "default_profile_image": false, "following": false, "follow_request_sent": false, "notifications": false, "translator_type": "none"}, "geo": null, "coordinates": null, "place": null, "contributors": null, "is_quote_status": false, "retweet_count": 0, "favorite_count": 0, "favorited": false, "retweeted": false, "possibly_sensitive": false, "lang": "en"}