{
    "created_at": "2020-01-28 04:14:28+00:00",
    "id": 1222010026610524160,
    "text": "Protect others from getting sick:\n2\u20e3 Completely cover your mouth &amp; nose with a tissue or a sleeve or flexed elbow when coughing or sneezing \ud83e\udd27\n\ud83e\uddfb Throw the used tissue into a closed bin immediately after use\n\ud83e\uddfc Clean hands with soap and water or alcohol-based handrub after https://t.co/JKiK16CxLW",
    "entities": {
        "urls": [
            {
                "start": 275,
                "end": 298,
                "url": "https://t.co/JKiK16CxLW",
                "expanded_url": "https://twitter.com/WHOSriLanka/status/1222010026610524160/photo/1",
                "display_url": "pic.twitter.com/JKiK16CxLW"
            }
        ]
    },
    "source": "Twitter Web App",
    "in_reply_to_user_id": 945574325645590528
}