{"created_at": "Thu Jan 30 17:51:20 +0000 2020", "id": 1222940370717163521, "id_str": "1222940370717163521", "text": "@WHO @DrTedros @WHOWPRO @WHOSEARO @WHO_Europe @pahowho @WHOEMRO @WHOAFRO \u6211\u76f8\u4fe1\u4e2d\u56fd\u653f\u5e9c\u5b8c\u5168\u53ef\u4ee5\u63a7\u5236\u75ab\u60c5", "truncated": false, "entities": {"hashtags": [], "symbols": [], "user_mentions": [{"screen_name": "WHO", "name": "World Health Organization (WHO)", "id": 14499829, "id_str": "14499829", "indices": [0, 4]}, {"screen_name": "DrTedros", "name": "Tedros Adhanom Ghebreyesus", "id": 189868631, "id_str": "189868631", "indices": [5, 14]}, {"screen_name": "WHOWPRO", "name": "World Health Organization (WHO) Western Pacific", "id": 3794682452, "id_str": "3794682452", "indices": [15, 23]}, {"screen_name": "WHOSEARO", "name": "WHO South-East Asia", "id": 1545915336, "id_str": "1545915336", "indices": [24, 33]}, {"screen_name": "WHO_Europe", "name": "WHO/Europe", "id": 125403342, "id_str": "125403342", "indices": [34, 45]}, {"screen_name": "pahowho", "name": "PAHO/WHO", "id": 20629893, "id_str": "20629893", "indices": [46, 54]}, {"screen_name": "WHOEMRO", "name": "WHO EMRO", "id": 259372802, "id_str": "259372802", "indices": [55, 63]}, {"screen_name": "WHOAFRO", "name": "WHO African Region", "id": 544389588, "id_str": "544389588", "indices": [64, 72]}], "urls": []}, "source": "<a href=\"http://twitter.com/download/iphone\" rel=\"nofollow\">Twitter for iPhone</a>", "in_reply_to_status_id": 1222929006967869442, "in_reply_to_status_id_str": "1222929006967869442", "in_reply_to_user_id": 14499829, "in_reply_to_user_id_str": "14499829", "in_reply_to_screen_name": "WHO", "user": {"id": 1217809659806879744, "id_str": "1217809659806879744", "name": "\u8521\u9526\u6d9b", "screen_name": "awbRSt4YTq78dLK", "location": "", "description": "", "url": null, "entities": {"description": {"urls": []}}, "protected": false, "followers_count": 1, "friends_count": 16, "listed_count": 0, "created_at": "Thu Jan 16 14:03:55 +0000 2020", "favourites_count": 0, "utc_offset": null, "time_zone": null, "geo_enabled": false, "verified": false, "statuses_count": 9, "lang": null, "contributors_enabled": false, "is_translator": false, "is_translation_enabled": false, "profile_background_color": "F5F8FA", "profile_background_image_url": null, "profile_background_image_url_https": null, "profile_background_tile": false, "profile_image_url": "http://pbs.twimg.com/profile_images/1241606686583844864/wr-PEwzh_normal.jpg", "profile_image_url_https": "https://pbs.twimg.com/profile_images/1241606686583844864/wr-PEwzh_normal.jpg", "profile_banner_url": "https://pbs.twimg.com/profile_banners/1217809659806879744/1584857078", "profile_link_color": "1DA1F2", "profile_sidebar_border_color": "C0DEED", "profile_sidebar_fill_color": "DDEEF6", "profile_text_color": "333333", "profile_use_background_image": true, "has_extended_profile": false, "default_profile": true, "default_profile_image": false, "following": false, "follow_request_sent": false, "notifications": false, "translator_type": "none"}, "geo": null, "coordinates": null, "place": null, "contributors": null, "is_quote_status": false, "retweet_count": 1, "favorite_count": 4, "favorited": false, "retweeted": false, "lang": "zh"}