{
    "created_at": "2020-01-30T17:35:20.000Z",
    "entities": {
        "mentions": [
            {
                "start": 0,
                "end": 4,
                "username": "WHO",
                "id": "14499829"
            },
            {
                "start": 5,
                "end": 14,
                "username": "DrTedros",
                "id": "189868631"
            },
            {
                "start": 15,
                "end": 23,
                "username": "WHOWPRO",
                "id": "3794682452"
            },
            {
                "start": 24,
                "end": 33,
                "username": "WHOSEARO",
                "id": "1545915336"
            },
            {
                "start": 34,
                "end": 45,
                "username": "WHO_Europe",
                "id": "125403342"
            },
            {
                "start": 46,
                "end": 54,
                "username": "pahowho",
                "id": "20629893"
            },
            {
                "start": 55,
                "end": 63,
                "username": "WHOEMRO",
                "id": "259372802"
            },
            {
                "start": 64,
                "end": 72,
                "username": "WHOAFRO",
                "id": "544389588"
            }
        ],
        "annotations": [
            {
                "start": 113,
                "end": 117,
                "probability": 0.5968,
                "type": "Place",
                "normalized_text": "china"
            }
        ]
    },
    "source": "Twitter for Android",
    "id": "1222936346907627520",
    "text": "@WHO @DrTedros @WHOWPRO @WHOSEARO @WHO_Europe @pahowho @WHOEMRO @WHOAFRO Children are dying and people have left china before the outback was announced. ITS ALREADY EVERYWHERE BUT YALL WAITING ON MORE PEOPLE TO DIE! WHY???? JUST DECLARE THE EMERGENCY ALREADY PLEASE! HAVE A HEART!",
    "in_reply_to_user_id": "14499829"
}