{"created_at": "Thu Jan 30 19:21:16 +0000 2020", "id": 1222963003198324736, "id_str": "1222963003198324736", "text": "@WHO @DrTedros @WHOWPRO @WHOSEARO @WHO_Europe @pahowho @WHOEMRO @WHOAFRO I believe Chinese government has the abili\u2026 https://t.co/ZxI99fie5l", "truncated": true, "entities": {"hashtags": [], "symbols": [], "user_mentions": [{"screen_name": "WHO", "name": "World Health Organization (WHO)", "id": 14499829, "id_str": "14499829", "indices": [0, 4]}, {"screen_name": "DrTedros", "name": "Tedros Adhanom Ghebreyesus", "id": 189868631, "id_str": "189868631", "indices": [5, 14]}, {"screen_name": "WHOWPRO", "name": "World Health Organization (WHO) Western Pacific", "id": 3794682452, "id_str": "3794682452", "indices": [15, 23]}, {"screen_name": "WHOSEARO", "name": "WHO South-East Asia", "id": 1545915336, "id_str": "1545915336", "indices": [24, 33]}, {"screen_name": "WHO_Europe", "name": "WHO/Europe", "id": 125403342, "id_str": "125403342", "indices": [34, 45]}, {"screen_name": "pahowho", "name": "PAHO/WHO", "id": 20629893, "id_str": "20629893", "indices": [46, 54]}, {"screen_name": "WHOEMRO", "name": "WHO EMRO", "id": 259372802, "id_str": "259372802", "indices": [55, 63]}, {"screen_name": "WHOAFRO", "name": "WHO African Region", "id": 544389588, "id_str": "544389588", "indices": [64, 72]}], "urls": [{"url": "https://t.co/ZxI99fie5l", "expanded_url": "https://twitter.com/i/web/status/1222963003198324736", "display_url": "twitter.com/i/web/status/1\u2026", "indices": [117, 140]}]}, "source": "<a href=\"http://twitter.com/download/android\" rel=\"nofollow\">Twitter for Android</a>", "in_reply_to_status_id": 1222922750546923521, "in_reply_to_status_id_str": "1222922750546923521", "in_reply_to_user_id": 14499829, "in_reply_to_user_id_str": "14499829", "in_reply_to_screen_name": "WHO", "user": {"id": 2967384693, "id_str": "2967384693", "name": "Jana Tse", "screen_name": "jana_tse", "location": "Xining,Qinghai", "description": "\u6ed1\u96ea\u26f7/\u6ed1\u51b0\u26f8/\u9a6c\u672f\ud83d\udc34/\u6e38\u6cf3\ud83c\udfca\ud83c\udffb/\u9a91\u884c\ud83d\udeb2", "url": "https://t.co/yow4pA2BU5", "entities": {"url": {"urls": [{"url": "https://t.co/yow4pA2BU5", "expanded_url": "https://instagram.com/janatse/", "display_url": "instagram.com/janatse/", "indices": [0, 23]}]}, "description": {"urls": []}}, "protected": false, "followers_count": 77, "friends_count": 66, "listed_count": 0, "created_at": "Thu Jan 08 07:52:27 +0000 2015", "favourites_count": 8, "utc_offset": null, "time_zone": null, "geo_enabled": true, "verified": false, "statuses_count": 148, "lang": null, "contributors_enabled": false, "is_translator": false, "is_translation_enabled": false, "profile_background_color": "C0DEED", "profile_background_image_url": "http://abs.twimg.com/images/themes/theme1/bg.png", "profile_background_image_url_https": "https://abs.twimg.com/images/themes/theme1/bg.png", "profile_background_tile": false, "profile_image_url": "http://pbs.twimg.com/profile_images/1222965326494621696/JNMC0VdZ_normal.jpg", "profile_image_url_https": "https://pbs.twimg.com/profile_images/1222965326494621696/JNMC0VdZ_normal.jpg", "profile_banner_url": "https://pbs.twimg.com/profile_banners/2967384693/1584922652", "profile_link_color": "1DA1F2", "profile_sidebar_border_color": "C0DEED", "profile_sidebar_fill_color": "DDEEF6", "profile_text_color": "333333", "profile_use_background_image": true, "has_extended_profile": true, "default_profile": true, "default_profile_image": false, "following": false, "follow_request_sent": false, "notifications": false, "translator_type": "none"}, "geo": null, "coordinates": null, "place": null, "contributors": null, "is_quote_status": false, "retweet_count": 0, "favorite_count": 0, "favorited": false, "retweeted": false, "lang": "en"}