{
    "source": "Twitter for iPad",
    "text": "@WHO @DrTedros @WHOWPRO @WHOSEARO @WHO_Europe @pahowho @WHOEMRO @WHOAFRO Question: Since they are still learning about this virus , i .e. It is a new one that they haven’t seen before, wouldn’t it be the best measure to declare an emergency?! Just based on the high contagion rate? Then WHO can modify once under control, vaccine developed etc.",
    "entities": {
        "mentions": [
            {
                "start": 0,
                "end": 4,
                "username": "WHO",
                "id": "14499829"
            },
            {
                "start": 5,
                "end": 14,
                "username": "DrTedros",
                "id": "189868631"
            },
            {
                "start": 15,
                "end": 23,
                "username": "WHOWPRO",
                "id": "3794682452"
            },
            {
                "start": 24,
                "end": 33,
                "username": "WHOSEARO",
                "id": "1545915336"
            },
            {
                "start": 34,
                "end": 45,
                "username": "WHO_Europe",
                "id": "125403342"
            },
            {
                "start": 46,
                "end": 54,
                "username": "pahowho",
                "id": "20629893"
            },
            {
                "start": 55,
                "end": 63,
                "username": "WHOEMRO",
                "id": "259372802"
            },
            {
                "start": 64,
                "end": 72,
                "username": "WHOAFRO",
                "id": "544389588"
            }
        ]
    },
    "created_at": "2020-01-30T19:33:32.000Z",
    "id": "1222966093658120195",
    "in_reply_to_user_id": "14499829"
}