{"created_at": "Thu Jan 30 16:51:25 +0000 2020", "id": 1222925292110401538, "id_str": "1222925292110401538", "text": "@WHO @DrTedros @WHOWPRO @WHOSEARO @WHO_Europe @pahowho @WHOEMRO @WHOAFRO What are you seeing? Please see, a lot of\u2026 https://t.co/gWHHHJ2Ud7", "truncated": true, "entities": {"hashtags": [], "symbols": [], "user_mentions": [{"screen_name": "WHO", "name": "World Health Organization (WHO)", "id": 14499829, "id_str": "14499829", "indices": [0, 4]}, {"screen_name": "DrTedros", "name": "Tedros Adhanom Ghebreyesus", "id": 189868631, "id_str": "189868631", "indices": [5, 14]}, {"screen_name": "WHOWPRO", "name": "World Health Organization (WHO) Western Pacific", "id": 3794682452, "id_str": "3794682452", "indices": [15, 23]}, {"screen_name": "WHOSEARO", "name": "WHO South-East Asia", "id": 1545915336, "id_str": "1545915336", "indices": [24, 33]}, {"screen_name": "WHO_Europe", "name": "WHO/Europe", "id": 125403342, "id_str": "125403342", "indices": [34, 45]}, {"screen_name": "pahowho", "name": "PAHO/WHO", "id": 20629893, "id_str": "20629893", "indices": [46, 54]}, {"screen_name": "WHOEMRO", "name": "WHO EMRO", "id": 259372802, "id_str": "259372802", "indices": [55, 63]}, {"screen_name": "WHOAFRO", "name": "WHO African Region", "id": 544389588, "id_str": "544389588", "indices": [64, 72]}], "urls": [{"url": "https://t.co/gWHHHJ2Ud7", "expanded_url": "https://twitter.com/i/web/status/1222925292110401538", "display_url": "twitter.com/i/web/status/1\u2026", "indices": [116, 139]}]}, "source": "<a href=\"http://twitter.com/download/android\" rel=\"nofollow\">Twitter for Android</a>", "in_reply_to_status_id": 1222922750546923521, "in_reply_to_status_id_str": "1222922750546923521", "in_reply_to_user_id": 14499829, "in_reply_to_user_id_str": "14499829", "in_reply_to_screen_name": "WHO", "user": {"id": 1183162365342175232, "id_str": "1183162365342175232", "name": "\u304b\u304a\u3061\u3083\u3093@\u30a2\u30f3\u30e2\u30ca\u30a4\u30c8", "screen_name": "ststst_stst", "location": "Japan", "description": "\ud83c\udf40\ud83c\udf38\u3044\u3089\u3063\u3057\u3083\u3044\u307e\u305b(\u0424\u03c9\u0424)\ud83c\udf38\ud83c\udf40\u3053\u3053\u306f\u3064\u3044\u3063\u305f\u30fc\u6700\u679c\u3066\u306e\u5730\ud83c\udf35\u5834\u672b\u96d1\u591a\u57a2\ud83c\udf44\u3053\u3053\u3067\u306f\u968e\u7d1a\u30ca\u30b7\u7686\u5bfe\u7b49\u3088\ud83c\udf4e\ud83c\udf4f\u5973\u5c06\u306f\u5834\u672b\u30c9\u30fc\u30eb\u30aa\u30fc\u30ca\u30fc\ud83c\udf3c\u8b0e\u306e\u8e0a\u308b\u4eba\ud83c\udfa0\u30a2\u30a4\u30b3\u30f3\u3046\u3061\u306e\u5b50\u304b\u308f\u3044\u3044\ud83c\udf80\u307e\u3063\u305f\u308a\u65e5\u3005\u306e\u545f\u304d\ud83d\udc52\u597d\u304d\u306a\u3082\u306e\u3092\u697d\u3057\u3080\u5834\u6240\ud83c\udf31\u4e00\u77ac\u4ea4\u5dee\u3057\u4e00\u77ac\u3092\u5171\u6709\u3059\u308b\u30a2\u30ca\u30bf\u2026\u3069\u306a\u305f\u3082\u3055\u3041\u3054\u3086\u3063\u304f\u308a\ud83c\udf38\u304a\u8336\u3092\u3069\u3046\u305e\u2026\ud83c\udf75\ud83c\udf61\ud83c\udf38", "url": null, "entities": {"description": {"urls": []}}, "protected": false, "followers_count": 293, "friends_count": 476, "listed_count": 4, "created_at": "Sat Oct 12 23:28:09 +0000 2019", "favourites_count": 32594, "utc_offset": null, "time_zone": null, "geo_enabled": false, "verified": false, "statuses_count": 23946, "lang": null, "contributors_enabled": false, "is_translator": false, "is_translation_enabled": false, "profile_background_color": "F5F8FA", "profile_background_image_url": null, "profile_background_image_url_https": null, "profile_background_tile": false, "profile_image_url": "http://pbs.twimg.com/profile_images/1360984731744002054/vxxDD611_normal.png", "profile_image_url_https": "https://pbs.twimg.com/profile_images/1360984731744002054/vxxDD611_normal.png", "profile_banner_url": "https://pbs.twimg.com/profile_banners/1183162365342175232/1606941409", "profile_link_color": "1DA1F2", "profile_sidebar_border_color": "C0DEED", "profile_sidebar_fill_color": "DDEEF6", "profile_text_color": "333333", "profile_use_background_image": true, "has_extended_profile": false, "default_profile": true, "default_profile_image": false, "following": false, "follow_request_sent": false, "notifications": false, "translator_type": "none"}, "geo": null, "coordinates": null, "place": null, "contributors": null, "is_quote_status": false, "retweet_count": 0, "favorite_count": 1, "favorited": false, "retweeted": false, "lang": "en"}