{
    "created_at": "2020-01-30T17:17:13.000Z",
    "entities": {
        "mentions": [
            {
                "start": 0,
                "end": 12,
                "username": "ststst_stst",
                "id": "1183162365342175232"
            },
            {
                "start": 13,
                "end": 17,
                "username": "WHO",
                "id": "14499829"
            },
            {
                "start": 18,
                "end": 27,
                "username": "DrTedros",
                "id": "189868631"
            },
            {
                "start": 28,
                "end": 36,
                "username": "WHOWPRO",
                "id": "3794682452"
            },
            {
                "start": 37,
                "end": 46,
                "username": "WHOSEARO",
                "id": "1545915336"
            },
            {
                "start": 47,
                "end": 58,
                "username": "WHO_Europe",
                "id": "125403342"
            },
            {
                "start": 59,
                "end": 67,
                "username": "pahowho",
                "id": "20629893"
            },
            {
                "start": 68,
                "end": 76,
                "username": "WHOEMRO",
                "id": "259372802"
            },
            {
                "start": 77,
                "end": 85,
                "username": "WHOAFRO",
                "id": "544389588"
            }
        ]
    },
    "source": "Twitter for iPhone",
    "id": "1222931785450831873",
    "text": "@ststst_stst @WHO @DrTedros @WHOWPRO @WHOSEARO @WHO_Europe @pahowho @WHOEMRO @WHOAFRO D-don’t take my heart I need it.",
    "in_reply_to_user_id": "1183162365342175232"
}