{
    "entities": {
        "mentions": [
            {
                "start": 0,
                "end": 4,
                "username": "WHO",
                "id": "14499829"
            },
            {
                "start": 5,
                "end": 14,
                "username": "DrTedros",
                "id": "189868631"
            },
            {
                "start": 15,
                "end": 23,
                "username": "WHOWPRO",
                "id": "3794682452"
            },
            {
                "start": 24,
                "end": 33,
                "username": "WHOSEARO",
                "id": "1545915336"
            },
            {
                "start": 34,
                "end": 45,
                "username": "WHO_Europe",
                "id": "125403342"
            },
            {
                "start": 46,
                "end": 54,
                "username": "pahowho",
                "id": "20629893"
            },
            {
                "start": 55,
                "end": 63,
                "username": "WHOEMRO",
                "id": "259372802"
            },
            {
                "start": 64,
                "end": 72,
                "username": "WHOAFRO",
                "id": "544389588"
            }
        ]
    },
    "source": "Twitter Web App",
    "id": "1222921790487519232",
    "created_at": "2020-01-30T16:37:30.000Z",
    "in_reply_to_user_id": "14499829",
    "text": "@WHO @DrTedros @WHOWPRO @WHOSEARO @WHO_Europe @pahowho @WHOEMRO @WHOAFRO Sad that they are more worried about interrupting trade than they are containing this virus"
}