{"created_at": "Thu Jan 30 17:20:12 +0000 2020", "id": 1222932536298328064, "id_str": "1222932536298328064", "text": "@WHO @DrTedros @WHOWPRO @WHOSEARO @WHO_Europe @pahowho @WHOEMRO @WHOAFRO Just some of the glorious experts that sho\u2026 https://t.co/l4qP39lUPe", "truncated": true, "entities": {"hashtags": [], "symbols": [], "user_mentions": [{"screen_name": "WHO", "name": "World Health Organization (WHO)", "id": 14499829, "id_str": "14499829", "indices": [0, 4]}, {"screen_name": "DrTedros", "name": "Tedros Adhanom Ghebreyesus", "id": 189868631, "id_str": "189868631", "indices": [5, 14]}, {"screen_name": "WHOWPRO", "name": "World Health Organization (WHO) Western Pacific", "id": 3794682452, "id_str": "3794682452", "indices": [15, 23]}, {"screen_name": "WHOSEARO", "name": "WHO South-East Asia", "id": 1545915336, "id_str": "1545915336", "indices": [24, 33]}, {"screen_name": "WHO_Europe", "name": "WHO/Europe", "id": 125403342, "id_str": "125403342", "indices": [34, 45]}, {"screen_name": "pahowho", "name": "PAHO/WHO", "id": 20629893, "id_str": "20629893", "indices": [46, 54]}, {"screen_name": "WHOEMRO", "name": "WHO EMRO", "id": 259372802, "id_str": "259372802", "indices": [55, 63]}, {"screen_name": "WHOAFRO", "name": "WHO African Region", "id": 544389588, "id_str": "544389588", "indices": [64, 72]}], "urls": [{"url": "https://t.co/l4qP39lUPe", "expanded_url": "https://twitter.com/i/web/status/1222932536298328064", "display_url": "twitter.com/i/web/status/1\u2026", "indices": [117, 140]}]}, "source": "<a href=\"https://mobile.twitter.com\" rel=\"nofollow\">Twitter Web App</a>", "in_reply_to_status_id": 1222929006967869442, "in_reply_to_status_id_str": "1222929006967869442", "in_reply_to_user_id": 14499829, "in_reply_to_user_id_str": "14499829", "in_reply_to_screen_name": "WHO", "user": {"id": 2477767495, "id_str": "2477767495", "name": "Pure Democracy Party\ud83c\udf34\ud83c\uddf3\ud83c\uddff", "screen_name": "PureDemocracyNZ", "location": "Aotearoa / New Zealand ", "description": "Pure Democracy Party: A new directly democratic party being formed, please join and help design a better democracy where the people legislate directly.", "url": "http://t.co/nKqUfEWBj4", "entities": {"url": {"urls": [{"url": "http://t.co/nKqUfEWBj4", "expanded_url": "http://puredemocracyparty.wordpress.com/", "display_url": "puredemocracyparty.wordpress.com", "indices": [0, 22]}]}, "description": {"urls": []}}, "protected": false, "followers_count": 2215, "friends_count": 4943, "listed_count": 15, "created_at": "Mon May 05 03:31:01 +0000 2014", "favourites_count": 9631, "utc_offset": null, "time_zone": null, "geo_enabled": true, "verified": false, "statuses_count": 31261, "lang": null, "contributors_enabled": false, "is_translator": false, "is_translation_enabled": false, "profile_background_color": "38610B", "profile_background_image_url": "http://abs.twimg.com/images/themes/theme1/bg.png", "profile_background_image_url_https": "https://abs.twimg.com/images/themes/theme1/bg.png", "profile_background_tile": true, "profile_image_url": "http://pbs.twimg.com/profile_images/501091763642040321/chILTwrY_normal.png", "profile_image_url_https": "https://pbs.twimg.com/profile_images/501091763642040321/chILTwrY_normal.png", "profile_banner_url": "https://pbs.twimg.com/profile_banners/2477767495/1409905190", "profile_link_color": "0B3B0B", "profile_sidebar_border_color": "FFFFFF", "profile_sidebar_fill_color": "DDEEF6", "profile_text_color": "333333", "profile_use_background_image": true, "has_extended_profile": false, "default_profile": false, "default_profile_image": false, "following": false, "follow_request_sent": false, "notifications": false, "translator_type": "none"}, "geo": null, "coordinates": null, "place": null, "contributors": null, "is_quote_status": false, "retweet_count": 0, "favorite_count": 0, "favorited": false, "retweeted": false, "possibly_sensitive": false, "lang": "en"}