{
    "id": "1222732942688104449",
    "text": "@WHOWPRO @takeshi_kasai @WHOKobe @jameschau @sporeMOH @loyingru @SonjaTanevska @DrRasul_WHO @WHO @healthgovau @dfat Hi can someone kindly let the govt of China know this info? Cities in China are killing stray pets to prevent the spread of virus. Thanks. They are better off using their resource elsewhere. #WuhanCoronavirus #ChinaVirus #WuhanOutbreak \nhttps://t.co/5tOjnPCIPA",
    "entities": {
        "annotations": [
            {
                "start": 154,
                "end": 158,
                "probability": 0.9883,
                "type": "Place",
                "normalized_text": "China"
            },
            {
                "start": 186,
                "end": 190,
                "probability": 0.9986,
                "type": "Place",
                "normalized_text": "China"
            }
        ],
        "mentions": [
            {
                "start": 0,
                "end": 8,
                "username": "WHOWPRO",
                "id": "3794682452"
            },
            {
                "start": 9,
                "end": 23,
                "username": "takeshi_kasai",
                "id": "918829268372635648"
            },
            {
                "start": 24,
                "end": 32,
                "username": "WHOKobe",
                "id": "538804810"
            },
            {
                "start": 33,
                "end": 43,
                "username": "jameschau",
                "id": "20897050"
            },
            {
                "start": 44,
                "end": 53,
                "username": "sporeMOH",
                "id": "78772642"
            },
            {
                "start": 54,
                "end": 63,
                "username": "loyingru",
                "id": "2776334448"
            },
            {
                "start": 64,
                "end": 78,
                "username": "SonjaTanevska",
                "id": "280490935"
            },
            {
                "start": 79,
                "end": 91,
                "username": "DrRasul_WHO",
                "id": "353244164"
            },
            {
                "start": 92,
                "end": 96,
                "username": "WHO",
                "id": "14499829"
            },
            {
                "start": 97,
                "end": 109,
                "username": "healthgovau",
                "id": "125215990"
            },
            {
                "start": 110,
                "end": 115,
                "username": "dfat",
                "id": "273730280"
            }
        ],
        "urls": [
            {
                "start": 353,
                "end": 376,
                "url": "https://t.co/5tOjnPCIPA",
                "expanded_url": "https://twitter.com/hongkongching1/status/1222188005634428933",
                "display_url": "twitter.com/hongkongching1…"
            }
        ],
        "hashtags": [
            {
                "start": 307,
                "end": 324,
                "tag": "WuhanCoronavirus"
            },
            {
                "start": 325,
                "end": 336,
                "tag": "ChinaVirus"
            },
            {
                "start": 337,
                "end": 351,
                "tag": "WuhanOutbreak"
            }
        ]
    },
    "source": "Twitter Web App",
    "created_at": "2020-01-30T04:07:05.000Z"
}