{"created_at": "Thu Jan 30 16:51:45 +0000 2020", "id": 1222925378483675137, "id_str": "1222925378483675137", "text": "@JustinC54968942 @WHO @DrTedros @WHOWPRO @WHOSEARO @WHO_Europe @pahowho @WHOEMRO @WHOAFRO \ud83e\udd23\ud83e\udd23\ud83e\udd23\ud83e\udd23 this is joke", "truncated": false, "entities": {"hashtags": [], "symbols": [], "user_mentions": [{"screen_name": "JustinC54968942", "name": "Justin Cheng\ud83c\udde8\ud83c\uddf3\ud83c\udde8\ud83c\uddf3", "id": 1215177830859857920, "id_str": "1215177830859857920", "indices": [0, 16]}, {"screen_name": "WHO", "name": "World Health Organization (WHO)", "id": 14499829, "id_str": "14499829", "indices": [17, 21]}, {"screen_name": "DrTedros", "name": "Tedros Adhanom Ghebreyesus", "id": 189868631, "id_str": "189868631", "indices": [22, 31]}, {"screen_name": "WHOWPRO", "name": "World Health Organization (WHO) Western Pacific", "id": 3794682452, "id_str": "3794682452", "indices": [32, 40]}, {"screen_name": "WHOSEARO", "name": "WHO South-East Asia", "id": 1545915336, "id_str": "1545915336", "indices": [41, 50]}, {"screen_name": "WHO_Europe", "name": "WHO/Europe", "id": 125403342, "id_str": "125403342", "indices": [51, 62]}, {"screen_name": "pahowho", "name": "PAHO/WHO", "id": 20629893, "id_str": "20629893", "indices": [63, 71]}, {"screen_name": "WHOEMRO", "name": "WHO EMRO", "id": 259372802, "id_str": "259372802", "indices": [72, 80]}, {"screen_name": "WHOAFRO", "name": "WHO African Region", "id": 544389588, "id_str": "544389588", "indices": [81, 89]}], "urls": []}, "source": "<a href=\"http://twitter.com/download/iphone\" rel=\"nofollow\">Twitter for iPhone</a>", "in_reply_to_status_id": 1222925230416392194, "in_reply_to_status_id_str": "1222925230416392194", "in_reply_to_user_id": 1215177830859857920, "in_reply_to_user_id_str": "1215177830859857920", "in_reply_to_screen_name": "JustinC54968942", "user": {"id": 3037423393, "id_str": "3037423393", "name": "Olivia Cheung\ud83d\ude37\ud83c\udded\ud83c\uddf0", "screen_name": "kirekirexoxo", "location": "Hong Kong", "description": "Hongkonger #StandWithHongKong", "url": null, "entities": {"description": {"urls": []}}, "protected": false, "followers_count": 274, "friends_count": 460, "listed_count": 1, "created_at": "Mon Feb 23 05:29:20 +0000 2015", "favourites_count": 6235, "utc_offset": null, "time_zone": null, "geo_enabled": true, "verified": false, "statuses_count": 3303, "lang": null, "contributors_enabled": false, "is_translator": false, "is_translation_enabled": false, "profile_background_color": "C0DEED", "profile_background_image_url": "http://abs.twimg.com/images/themes/theme1/bg.png", "profile_background_image_url_https": "https://abs.twimg.com/images/themes/theme1/bg.png", "profile_background_tile": false, "profile_image_url": "http://pbs.twimg.com/profile_images/1218170548246605824/tRhIUw3C_normal.jpg", "profile_image_url_https": "https://pbs.twimg.com/profile_images/1218170548246605824/tRhIUw3C_normal.jpg", "profile_banner_url": "https://pbs.twimg.com/profile_banners/3037423393/1578911185", "profile_link_color": "1DA1F2", "profile_sidebar_border_color": "C0DEED", "profile_sidebar_fill_color": "DDEEF6", "profile_text_color": "333333", "profile_use_background_image": true, "has_extended_profile": false, "default_profile": true, "default_profile_image": false, "following": false, "follow_request_sent": false, "notifications": false, "translator_type": "none"}, "geo": null, "coordinates": null, "place": {"id": "0151348954a4147f", "url": "https://api.twitter.com/1.1/geo/id/0151348954a4147f.json", "place_type": "admin", "name": "North District", "full_name": "North District, Hong Kong", "country_code": "HK", "country": "Hong Kong", "contained_within": [], "bounding_box": {"type": "Polygon", "coordinates": [[[114.082163, 22.4656175], [114.3363203, 22.4656175], [114.3363203, 22.604756], [114.082163, 22.604756]]]}, "attributes": {}}, "contributors": null, "is_quote_status": false, "retweet_count": 0, "favorite_count": 4, "favorited": false, "retweeted": false, "lang": "en"}