{"created_at": "Wed Jan 29 05:42:23 +0000 2020", "id": 1222394539291353089, "id_str": "1222394539291353089", "text": "@WHO @WHO_Europe @WHOWPRO @WHOSEARO @pahowho @WHOEMRO @WHOAFRO Les v\u00e9t\u00e9rinaires doivent-ils \u00eatre \u00e0 la marge dans la\u2026 https://t.co/MUshiPZ2aR", "truncated": true, "entities": {"hashtags": [], "symbols": [], "user_mentions": [{"screen_name": "WHO", "name": "World Health Organization (WHO)", "id": 14499829, "id_str": "14499829", "indices": [0, 4]}, {"screen_name": "WHO_Europe", "name": "WHO/Europe", "id": 125403342, "id_str": "125403342", "indices": [5, 16]}, {"screen_name": "WHOWPRO", "name": "World Health Organization (WHO) Western Pacific", "id": 3794682452, "id_str": "3794682452", "indices": [17, 25]}, {"screen_name": "WHOSEARO", "name": "WHO South-East Asia", "id": 1545915336, "id_str": "1545915336", "indices": [26, 35]}, {"screen_name": "pahowho", "name": "PAHO/WHO", "id": 20629893, "id_str": "20629893", "indices": [36, 44]}, {"screen_name": "WHOEMRO", "name": "WHO EMRO", "id": 259372802, "id_str": "259372802", "indices": [45, 53]}, {"screen_name": "WHOAFRO", "name": "WHO African Region", "id": 544389588, "id_str": "544389588", "indices": [54, 62]}], "urls": [{"url": "https://t.co/MUshiPZ2aR", "expanded_url": "https://twitter.com/i/web/status/1222394539291353089", "display_url": "twitter.com/i/web/status/1\u2026", "indices": [117, 140]}]}, "source": "<a href=\"http://twitter.com/download/android\" rel=\"nofollow\">Twitter for Android</a>", "in_reply_to_status_id": 1221834674386997249, "in_reply_to_status_id_str": "1221834674386997249", "in_reply_to_user_id": 14499829, "in_reply_to_user_id_str": "14499829", "in_reply_to_screen_name": "WHO", "user": {"id": 218447561, "id_str": "218447561", "name": "Ibrahima KOUMA", "screen_name": "alkhalilkouma", "location": "C\u00f4te d'Ivoire", "description": "\u2022 Technicien v\u00e9t\u00e9rinaire au MIRAH-CI\n\n\u2022 Formateur en sant\u00e9 animale \u00e0 1000 Agripreneurs\n\n\u2022 SG de GTV-CI \n\n\u2022 Fondateur de #hcsmCIV\n\n\u2022 Ambassadeur #AMRInsights", "url": null, "entities": {"description": {"urls": []}}, "protected": false, "followers_count": 409, "friends_count": 2005, "listed_count": 1, "created_at": "Mon Nov 22 11:23:18 +0000 2010", "favourites_count": 19564, "utc_offset": null, "time_zone": null, "geo_enabled": true, "verified": false, "statuses_count": 8931, "lang": null, "contributors_enabled": false, "is_translator": false, "is_translation_enabled": false, "profile_background_color": "C0DEED", "profile_background_image_url": "http://abs.twimg.com/images/themes/theme1/bg.png", "profile_background_image_url_https": "https://abs.twimg.com/images/themes/theme1/bg.png", "profile_background_tile": false, "profile_image_url": "http://pbs.twimg.com/profile_images/1354743044982140934/blPcvd_X_normal.jpg", "profile_image_url_https": "https://pbs.twimg.com/profile_images/1354743044982140934/blPcvd_X_normal.jpg", "profile_banner_url": "https://pbs.twimg.com/profile_banners/218447561/1573940173", "profile_link_color": "1DA1F2", "profile_sidebar_border_color": "C0DEED", "profile_sidebar_fill_color": "DDEEF6", "profile_text_color": "333333", "profile_use_background_image": true, "has_extended_profile": true, "default_profile": true, "default_profile_image": false, "following": false, "follow_request_sent": false, "notifications": false, "translator_type": "none"}, "geo": null, "coordinates": null, "place": null, "contributors": null, "is_quote_status": false, "retweet_count": 0, "favorite_count": 2, "favorited": false, "retweeted": false, "lang": "fr"}