{"created_at": "Thu Jan 30 17:08:34 +0000 2020", "id": 1222929611232817159, "id_str": "1222929611232817159", "text": "@crbabecrab @WHO @DrTedros @WHOWPRO @WHOSEARO @WHO_Europe @pahowho @WHOEMRO @WHOAFRO Hope its gonna be better soon.", "truncated": false, "entities": {"hashtags": [], "symbols": [], "user_mentions": [{"screen_name": "crbabecrab", "name": "Clytieintherain", "id": 968646326522077184, "id_str": "968646326522077184", "indices": [0, 11]}, {"screen_name": "WHO", "name": "World Health Organization (WHO)", "id": 14499829, "id_str": "14499829", "indices": [12, 16]}, {"screen_name": "DrTedros", "name": "Tedros Adhanom Ghebreyesus", "id": 189868631, "id_str": "189868631", "indices": [17, 26]}, {"screen_name": "WHOWPRO", "name": "World Health Organization (WHO) Western Pacific", "id": 3794682452, "id_str": "3794682452", "indices": [27, 35]}, {"screen_name": "WHOSEARO", "name": "WHO South-East Asia", "id": 1545915336, "id_str": "1545915336", "indices": [36, 45]}, {"screen_name": "WHO_Europe", "name": "WHO/Europe", "id": 125403342, "id_str": "125403342", "indices": [46, 57]}, {"screen_name": "pahowho", "name": "PAHO/WHO", "id": 20629893, "id_str": "20629893", "indices": [58, 66]}, {"screen_name": "WHOEMRO", "name": "WHO EMRO", "id": 259372802, "id_str": "259372802", "indices": [67, 75]}, {"screen_name": "WHOAFRO", "name": "WHO African Region", "id": 544389588, "id_str": "544389588", "indices": [76, 84]}], "urls": []}, "source": "<a href=\"http://twitter.com/download/android\" rel=\"nofollow\">Twitter for Android</a>", "in_reply_to_status_id": 1222929495998586885, "in_reply_to_status_id_str": "1222929495998586885", "in_reply_to_user_id": 968646326522077184, "in_reply_to_user_id_str": "968646326522077184", "in_reply_to_screen_name": "crbabecrab", "user": {"id": 4828099227, "id_str": "4828099227", "name": "Mladji_vodnik", "screen_name": "96incognito69", "location": "", "description": "...", "url": null, "entities": {"description": {"urls": []}}, "protected": false, "followers_count": 262, "friends_count": 555, "listed_count": 0, "created_at": "Wed Jan 20 00:50:10 +0000 2016", "favourites_count": 16661, "utc_offset": null, "time_zone": null, "geo_enabled": false, "verified": false, "statuses_count": 6219, "lang": null, "contributors_enabled": false, "is_translator": false, "is_translation_enabled": false, "profile_background_color": "F5F8FA", "profile_background_image_url": null, "profile_background_image_url_https": null, "profile_background_tile": false, "profile_image_url": "http://pbs.twimg.com/profile_images/1107320071507062791/2tyPTzWr_normal.png", "profile_image_url_https": "https://pbs.twimg.com/profile_images/1107320071507062791/2tyPTzWr_normal.png", "profile_banner_url": "https://pbs.twimg.com/profile_banners/4828099227/1453251189", "profile_link_color": "1DA1F2", "profile_sidebar_border_color": "C0DEED", "profile_sidebar_fill_color": "DDEEF6", "profile_text_color": "333333", "profile_use_background_image": true, "has_extended_profile": false, "default_profile": true, "default_profile_image": false, "following": false, "follow_request_sent": false, "notifications": false, "translator_type": "none"}, "geo": null, "coordinates": null, "place": null, "contributors": null, "is_quote_status": false, "retweet_count": 0, "favorite_count": 4, "favorited": false, "retweeted": false, "lang": "en"}