{
    "created_at": "2020-01-28 04:14:25+00:00",
    "id": 1222010013482389506,
    "text": "Q: What can I do to protect myself from #coronavirus?\n\n1\u20e3 Wash your hands\n\ud83e\uddfc after coughing or sneezing\n\ud83e\uddfc when caring for the sick\n\ud83e\uddfc before, during &amp; after you prepare food\n\ud83e\uddfc before eating\n\ud83e\uddfc after toilet use\n\ud83e\uddfc when hands are visibly dirty\n\ud83e\uddfc after handling animals https://t.co/DIJNcb2eBX",
    "entities": {
        "hashtags": [
            {
                "start": 40,
                "end": 52,
                "tag": "coronavirus"
            }
        ],
        "urls": [
            {
                "start": 267,
                "end": 290,
                "url": "https://t.co/DIJNcb2eBX",
                "expanded_url": "https://twitter.com/WHOSriLanka/status/1222010013482389506/photo/1",
                "display_url": "pic.twitter.com/DIJNcb2eBX"
            }
        ]
    },
    "source": "Twitter Web App",
    "in_reply_to_user_id": null
}