{
    "created_at": "2020-02-01 14:32:53+00:00",
    "id": 1223615206569447424,
    "text": "@WHOWPRO @GorseFires @WHOPhilippines @WHO_Mongolia @takeshi_kasai @DOHgov @KKMPutrajaya @KoreaCDC @WHOKobe @AMRCRC_JAPAN @MHLWitter @jameschau @minhealthnz @MoHFW_INDIA @minhealthci @sporeMOH @loyingru @SonjaTanevska @DrRasul_WHO @WHO @healthgovau @fijiconsulate @Fiji_MOFA @samoagovt @dfat @NHPINDIA @mohwpr Not sure I\u2019d believe you tbh, haven\u2019t you excluded providing Taiwan info on the virus for some weird reason?",
    "entities": {
        "annotations": [
            {
                "start": 370,
                "end": 375,
                "probability": 0.9591,
                "type": "Place",
                "normalized_text": "Taiwan"
            }
        ],
        "mentions": [
            {
                "start": 0,
                "end": 8,
                "username": "WHOWPRO",
                "id": "3794682452"
            },
            {
                "start": 9,
                "end": 20,
                "username": "GorseFires",
                "id": "2372174178"
            },
            {
                "start": 21,
                "end": 36,
                "username": "WHOPhilippines",
                "id": "2218026914"
            },
            {
                "start": 51,
                "end": 65,
                "username": "takeshi_kasai",
                "id": "918829268372635648"
            },
            {
                "start": 74,
                "end": 87,
                "username": "KKMPutrajaya",
                "id": "531041640"
            },
            {
                "start": 98,
                "end": 106,
                "username": "WHOKobe",
                "id": "538804810"
            },
            {
                "start": 107,
                "end": 120,
                "username": "AMRCRC_JAPAN",
                "id": "855223341581336576"
            },
            {
                "start": 121,
                "end": 131,
                "username": "MHLWitter",
                "id": "180585090"
            },
            {
                "start": 132,
                "end": 142,
                "username": "jameschau",
                "id": "20897050"
            },
            {
                "start": 143,
                "end": 155,
                "username": "minhealthnz",
                "id": "46540286"
            },
            {
                "start": 156,
                "end": 168,
                "username": "MoHFW_INDIA",
                "id": "2596143056"
            },
            {
                "start": 169,
                "end": 181,
                "username": "minhealthci",
                "id": "898336321906671616"
            },
            {
                "start": 182,
                "end": 191,
                "username": "sporeMOH",
                "id": "78772642"
            },
            {
                "start": 192,
                "end": 201,
                "username": "loyingru",
                "id": "2776334448"
            },
            {
                "start": 202,
                "end": 216,
                "username": "SonjaTanevska",
                "id": "280490935"
            },
            {
                "start": 217,
                "end": 229,
                "username": "DrRasul_WHO",
                "id": "353244164"
            },
            {
                "start": 230,
                "end": 234,
                "username": "WHO",
                "id": "14499829"
            },
            {
                "start": 235,
                "end": 247,
                "username": "healthgovau",
                "id": "125215990"
            },
            {
                "start": 263,
                "end": 273,
                "username": "Fiji_MOFA",
                "id": "1071536989197881344"
            },
            {
                "start": 274,
                "end": 284,
                "username": "samoagovt",
                "id": "1016451774"
            },
            {
                "start": 285,
                "end": 290,
                "username": "dfat",
                "id": "273730280"
            },
            {
                "start": 291,
                "end": 300,
                "username": "NHPINDIA",
                "id": "1497890814"
            },
            {
                "start": 301,
                "end": 308,
                "username": "mohwpr",
                "id": "90584054"
            }
        ]
    },
    "source": "Twitter for iPad",
    "in_reply_to_user_id": 3794682452
}