{
    "source": "Twitter for iPhone",
    "entities": {
        "urls": [
            {
                "start": 215,
                "end": 238,
                "url": "https://t.co/9cHHk1GQuv",
                "expanded_url": "https://twitter.com/CMirena/status/1223935030310948866/photo/1",
                "display_url": "pic.twitter.com/9cHHk1GQuv"
            }
        ],
        "mentions": [
            {
                "start": 0,
                "end": 4,
                "username": "WHO",
                "id": "14499829"
            },
            {
                "start": 5,
                "end": 13,
                "username": "WHOWPRO",
                "id": "3794682452"
            },
            {
                "start": 14,
                "end": 23,
                "username": "WHOSEARO",
                "id": "1545915336"
            },
            {
                "start": 24,
                "end": 35,
                "username": "WHO_Europe",
                "id": "125403342"
            },
            {
                "start": 36,
                "end": 44,
                "username": "pahowho",
                "id": "20629893"
            },
            {
                "start": 45,
                "end": 53,
                "username": "WHOEMRO",
                "id": "259372802"
            },
            {
                "start": 54,
                "end": 62,
                "username": "WHOAFRO",
                "id": "544389588"
            },
            {
                "start": 202,
                "end": 214,
                "username": "USembassyEC",
                "id": "73050516"
            }
        ],
        "annotations": [
            {
                "start": 75,
                "end": 81,
                "probability": 0.975,
                "type": "Place",
                "normalized_text": "Ecuador"
            }
        ]
    },
    "created_at": "2020-02-02T11:43:45.000Z",
    "id": "1223935030310948866",
    "text": "@WHO @WHOWPRO @WHOSEARO @WHO_Europe @pahowho @WHOEMRO @WHOAFRO Our country Ecuador still waiting coronavirus results. What happens? our government says it doesn't have the results yet..somebody help us @USembassyEC https://t.co/9cHHk1GQuv"
}