{"created_at": "Sat Feb 01 18:13:08 +0000 2020", "id": 1223670633428668421, "id_str": "1223670633428668421", "text": "@Mrsbell2008 @WHO @WHOWPRO @WHOSEARO @WHO_Europe @pahowho @WHOEMRO @WHOAFRO Throat swab for First quick check. No i\u2026 https://t.co/flGRnljt63", "truncated": true, "entities": {"hashtags": [], "symbols": [], "user_mentions": [{"screen_name": "Mrsbell2008", "name": "Go-giver", "id": 222298405, "id_str": "222298405", "indices": [0, 12]}, {"screen_name": "WHO", "name": "World Health Organization (WHO)", "id": 14499829, "id_str": "14499829", "indices": [13, 17]}, {"screen_name": "WHOWPRO", "name": "World Health Organization (WHO) Western Pacific", "id": 3794682452, "id_str": "3794682452", "indices": [18, 26]}, {"screen_name": "WHOSEARO", "name": "WHO South-East Asia", "id": 1545915336, "id_str": "1545915336", "indices": [27, 36]}, {"screen_name": "WHO_Europe", "name": "WHO/Europe", "id": 125403342, "id_str": "125403342", "indices": [37, 48]}, {"screen_name": "pahowho", "name": "PAHO/WHO", "id": 20629893, "id_str": "20629893", "indices": [49, 57]}, {"screen_name": "WHOEMRO", "name": "WHO EMRO", "id": 259372802, "id_str": "259372802", "indices": [58, 66]}, {"screen_name": "WHOAFRO", "name": "WHO African Region", "id": 544389588, "id_str": "544389588", "indices": [67, 75]}], "urls": [{"url": "https://t.co/flGRnljt63", "expanded_url": "https://twitter.com/i/web/status/1223670633428668421", "display_url": "twitter.com/i/web/status/1\u2026", "indices": [117, 140]}]}, "source": "<a href=\"http://twitter.com/download/iphone\" rel=\"nofollow\">Twitter for iPhone</a>", "in_reply_to_status_id": 1223279165580795904, "in_reply_to_status_id_str": "1223279165580795904", "in_reply_to_user_id": 222298405, "in_reply_to_user_id_str": "222298405", "in_reply_to_screen_name": "Mrsbell2008", "user": {"id": 900724176868265984, "id_str": "900724176868265984", "name": "Tobias Brockmann \ud83c\uddea\ud83c\uddfa", "screen_name": "Brooks_EU", "location": "NRW, Deutschland", "description": "Esports Caster | Freelance Prod. @RacespotTV |worked with @ESL, @Sony @porscheraces, @iracing, etc | Simracing! | bus inq: tobias@brookscasting.de", "url": null, "entities": {"description": {"urls": []}}, "protected": false, "followers_count": 323, "friends_count": 507, "listed_count": 1, "created_at": "Thu Aug 24 14:19:13 +0000 2017", "favourites_count": 10079, "utc_offset": null, "time_zone": null, "geo_enabled": true, "verified": false, "statuses_count": 3048, "lang": null, "contributors_enabled": false, "is_translator": false, "is_translation_enabled": false, "profile_background_color": "000000", "profile_background_image_url": "http://abs.twimg.com/images/themes/theme1/bg.png", "profile_background_image_url_https": "https://abs.twimg.com/images/themes/theme1/bg.png", "profile_background_tile": false, "profile_image_url": "http://pbs.twimg.com/profile_images/1352697077957066756/cDr3wxXq_normal.jpg", "profile_image_url_https": "https://pbs.twimg.com/profile_images/1352697077957066756/cDr3wxXq_normal.jpg", "profile_banner_url": "https://pbs.twimg.com/profile_banners/900724176868265984/1540768938", "profile_link_color": "1B95E0", "profile_sidebar_border_color": "000000", "profile_sidebar_fill_color": "000000", "profile_text_color": "000000", "profile_use_background_image": false, "has_extended_profile": true, "default_profile": false, "default_profile_image": false, "following": false, "follow_request_sent": false, "notifications": false, "translator_type": "none"}, "geo": null, "coordinates": null, "place": null, "contributors": null, "is_quote_status": false, "retweet_count": 0, "favorite_count": 1, "favorited": false, "retweeted": false, "lang": "en"}