{
    "entities": {
        "mentions": [
            {
                "start": 0,
                "end": 4,
                "username": "WHO",
                "id": "14499829"
            },
            {
                "start": 5,
                "end": 14,
                "username": "MH17_RUS",
                "id": "772710433824333824"
            },
            {
                "start": 15,
                "end": 23,
                "username": "WHOWPRO",
                "id": "3794682452"
            },
            {
                "start": 24,
                "end": 33,
                "username": "WHOSEARO",
                "id": "1545915336"
            },
            {
                "start": 34,
                "end": 45,
                "username": "WHO_Europe",
                "id": "125403342"
            },
            {
                "start": 46,
                "end": 54,
                "username": "pahowho",
                "id": "20629893"
            },
            {
                "start": 55,
                "end": 63,
                "username": "WHOEMRO",
                "id": "259372802"
            },
            {
                "start": 64,
                "end": 72,
                "username": "WHOAFRO",
                "id": "544389588"
            }
        ]
    },
    "in_reply_to_user_id": "14499829",
    "created_at": "2020-02-02T09:56:54.000Z",
    "id": "1223908142481846273",
    "text": "@WHO @MH17_RUS @WHOWPRO @WHOSEARO @WHO_Europe @pahowho @WHOEMRO @WHOAFRO а если окаюется что это не совсем так?",
    "source": "Twitter for Android"
}