{
    "source": "Twitter Web App",
    "entities": {
        "urls": [
            {
                "start": 316,
                "end": 339,
                "url": "https://t.co/YlVoG5rq0w",
                "expanded_url": "https://twitter.com/globaltimesnews/status/1223919919722463233/video/1",
                "display_url": "pic.twitter.com/YlVoG5rq0w"
            }
        ],
        "mentions": [
            {
                "start": 0,
                "end": 4,
                "username": "WHO",
                "id": "14499829"
            },
            {
                "start": 5,
                "end": 13,
                "username": "WHOWPRO",
                "id": "3794682452"
            },
            {
                "start": 14,
                "end": 23,
                "username": "WHOSEARO",
                "id": "1545915336"
            },
            {
                "start": 24,
                "end": 35,
                "username": "WHO_Europe",
                "id": "125403342"
            },
            {
                "start": 36,
                "end": 44,
                "username": "pahowho",
                "id": "20629893"
            },
            {
                "start": 45,
                "end": 53,
                "username": "WHOEMRO",
                "id": "259372802"
            },
            {
                "start": 54,
                "end": 62,
                "username": "WHOAFRO",
                "id": "544389588"
            },
            {
                "start": 215,
                "end": 229,
                "username": "leehsienloong",
                "id": "34568673"
            },
            {
                "start": 230,
                "end": 245,
                "username": "chedetofficial",
                "id": "2974181588"
            },
            {
                "start": 246,
                "end": 253,
                "username": "jokowi",
                "id": "366987179"
            },
            {
                "start": 254,
                "end": 260,
                "username": "POTUS",
                "id": "1349149096909668363"
            },
            {
                "start": 261,
                "end": 273,
                "username": "vonderleyen",
                "id": "1146329871418843136"
            },
            {
                "start": 274,
                "end": 287,
                "username": "BorisJohnson",
                "id": "3131144855"
            },
            {
                "start": 288,
                "end": 298,
                "username": "HeikoMaas",
                "id": "24158261"
            },
            {
                "start": 299,
                "end": 315,
                "username": "ScottMorrisonMP",
                "id": "34116377"
            }
        ],
        "hashtags": [
            {
                "start": 63,
                "end": 75,
                "tag": "ChinaJiaYou"
            },
            {
                "start": 115,
                "end": 135,
                "tag": "coronavirusoutbreak"
            },
            {
                "start": 184,
                "end": 194,
                "tag": "HelpChina"
            },
            {
                "start": 201,
                "end": 214,
                "tag": "PrayforChina"
            }
        ]
    },
    "created_at": "2020-02-02T11:02:03.000Z",
    "id": "1223924535121960960",
    "text": "@WHO @WHOWPRO @WHOSEARO @WHO_Europe @pahowho @WHOEMRO @WHOAFRO #ChinaJiaYou Due to a severe shortage of masks amid #coronavirusoutbreak Chinese people have come up with homemade masks #HelpChina &amp; #PrayforChina @leehsienloong @chedetofficial @jokowi @POTUS @vonderleyen @BorisJohnson @HeikoMaas @ScottMorrisonMP https://t.co/YlVoG5rq0w"
}