{
    "created_at": "2020-02-02 08:09:50+00:00",
    "id": 1223881195429203968,
    "text": "@ConsciousSpy @WHO @WHOWPRO @WHOSEARO @WHO_Europe @pahowho @WHOEMRO @WHOAFRO Because there\u2019s different strains of corona virus(sars, Mers, etc.) just like many strains of the flu (swine,bird, h1n1, type a, type b, etc.)",
    "entities": {
        "mentions": [
            {
                "start": 0,
                "end": 13,
                "username": "ConsciousSpy",
                "id": "172534595"
            },
            {
                "start": 14,
                "end": 18,
                "username": "WHO",
                "id": "14499829"
            },
            {
                "start": 19,
                "end": 27,
                "username": "WHOWPRO",
                "id": "3794682452"
            },
            {
                "start": 28,
                "end": 37,
                "username": "WHOSEARO",
                "id": "1545915336"
            },
            {
                "start": 38,
                "end": 49,
                "username": "WHO_Europe",
                "id": "125403342"
            },
            {
                "start": 50,
                "end": 58,
                "username": "pahowho",
                "id": "20629893"
            },
            {
                "start": 59,
                "end": 67,
                "username": "WHOEMRO",
                "id": "259372802"
            },
            {
                "start": 68,
                "end": 76,
                "username": "WHOAFRO",
                "id": "544389588"
            }
        ]
    },
    "source": "Twitter for iPhone",
    "in_reply_to_user_id": 172534595
}