{
    "created_at": "2020-02-01 04:36:28+00:00",
    "id": 1223465112788512768,
    "text": "Suspected: 17988\nConfirmed: 11821\nDeaths: 259\nRecovered: 245\n\n#coronavirus https://t.co/dCEglgh7Nr",
    "entities": {
        "urls": [
            {
                "start": 75,
                "end": 98,
                "url": "https://t.co/dCEglgh7Nr",
                "expanded_url": "https://twitter.com/OzgurTufekci/status/1223465112788512768/photo/1",
                "display_url": "pic.twitter.com/dCEglgh7Nr"
            }
        ],
        "hashtags": [
            {
                "start": 62,
                "end": 74,
                "tag": "coronavirus"
            }
        ]
    },
    "source": "Twitter for iPhone",
    "in_reply_to_user_id": 326631858
}