{
    "created_at": "2020-01-31 16:53:41+00:00",
    "id": 1223288253844840448,
    "text": "@LogosPublish @WHO @WHOWPRO @WHOSEARO @WHO_Europe @pahowho @WHOEMRO @WHOAFRO There\u2019s evidence for that (link below) just need a couple million $$ and a couple of years to prove it and get it to market: https://t.co/KTs4X58HaT",
    "entities": {
        "mentions": [
            {
                "start": 0,
                "end": 13,
                "username": "LogosPublish",
                "id": "1109479566945538049"
            },
            {
                "start": 14,
                "end": 18,
                "username": "WHO",
                "id": "14499829"
            },
            {
                "start": 19,
                "end": 27,
                "username": "WHOWPRO",
                "id": "3794682452"
            },
            {
                "start": 28,
                "end": 37,
                "username": "WHOSEARO",
                "id": "1545915336"
            },
            {
                "start": 38,
                "end": 49,
                "username": "WHO_Europe",
                "id": "125403342"
            },
            {
                "start": 50,
                "end": 58,
                "username": "pahowho",
                "id": "20629893"
            },
            {
                "start": 59,
                "end": 67,
                "username": "WHOEMRO",
                "id": "259372802"
            },
            {
                "start": 68,
                "end": 76,
                "username": "WHOAFRO",
                "id": "544389588"
            }
        ],
        "urls": [
            {
                "start": 202,
                "end": 225,
                "url": "https://t.co/KTs4X58HaT",
                "expanded_url": "https://f1000.com/prime/1027119",
                "display_url": "f1000.com/prime/1027119",
                "status": 200,
                "unwound_url": "https://facultyopinions.com/article/1027119"
            }
        ]
    },
    "source": "Twitter for iPhone",
    "in_reply_to_user_id": 1109479566945538049
}