{"created_at": "Sun Feb 02 15:40:46 +0000 2020", "id": 1223994679206637568, "id_str": "1223994679206637568", "text": "@WHO @WHOWPRO @WHOSEARO @WHO_Europe @pahowho @WHOEMRO @WHOAFRO Plz help RT to spread awareness \ud83d\udc4d #coronarovirus\n\nhttps://t.co/1FXtEPo3q8", "truncated": false, "entities": {"hashtags": [{"text": "coronarovirus", "indices": [97, 111]}], "symbols": [], "user_mentions": [{"screen_name": "WHO", "name": "World Health Organization (WHO)", "id": 14499829, "id_str": "14499829", "indices": [0, 4]}, {"screen_name": "WHOWPRO", "name": "World Health Organization (WHO) Western Pacific", "id": 3794682452, "id_str": "3794682452", "indices": [5, 13]}, {"screen_name": "WHOSEARO", "name": "WHO South-East Asia", "id": 1545915336, "id_str": "1545915336", "indices": [14, 23]}, {"screen_name": "WHO_Europe", "name": "WHO/Europe", "id": 125403342, "id_str": "125403342", "indices": [24, 35]}, {"screen_name": "pahowho", "name": "PAHO/WHO", "id": 20629893, "id_str": "20629893", "indices": [36, 44]}, {"screen_name": "WHOEMRO", "name": "WHO EMRO", "id": 259372802, "id_str": "259372802", "indices": [45, 53]}, {"screen_name": "WHOAFRO", "name": "WHO African Region", "id": 544389588, "id_str": "544389588", "indices": [54, 62]}], "urls": [{"url": "https://t.co/1FXtEPo3q8", "expanded_url": "https://youtu.be/UX_GIf1OeT4", "display_url": "youtu.be/UX_GIf1OeT4", "indices": [113, 136]}]}, "source": "<a href=\"http://twitter.com/download/android\" rel=\"nofollow\">Twitter for Android</a>", "in_reply_to_status_id": 1223993219022753793, "in_reply_to_status_id_str": "1223993219022753793", "in_reply_to_user_id": 14499829, "in_reply_to_user_id_str": "14499829", "in_reply_to_screen_name": "WHO", "user": {"id": 35426058, "id_str": "35426058", "name": "Quruna bin Khofid", "screen_name": "ordebaok", "location": "Somalia", "description": "Trying to run from the destruction, and you know i didn't even care~", "url": null, "entities": {"description": {"urls": []}}, "protected": false, "followers_count": 875, "friends_count": 1206, "listed_count": 2, "created_at": "Sun Apr 26 07:30:50 +0000 2009", "favourites_count": 2944, "utc_offset": null, "time_zone": null, "geo_enabled": false, "verified": false, "statuses_count": 31021, "lang": null, "contributors_enabled": false, "is_translator": false, "is_translation_enabled": false, "profile_background_color": "C0DEED", "profile_background_image_url": "http://abs.twimg.com/images/themes/theme1/bg.png", "profile_background_image_url_https": "https://abs.twimg.com/images/themes/theme1/bg.png", "profile_background_tile": false, "profile_image_url": "http://pbs.twimg.com/profile_images/1379504815596654592/H3Tg6XZI_normal.jpg", "profile_image_url_https": "https://pbs.twimg.com/profile_images/1379504815596654592/H3Tg6XZI_normal.jpg", "profile_banner_url": "https://pbs.twimg.com/profile_banners/35426058/1600082894", "profile_link_color": "1DA1F2", "profile_sidebar_border_color": "C0DEED", "profile_sidebar_fill_color": "DDEEF6", "profile_text_color": "333333", "profile_use_background_image": true, "has_extended_profile": false, "default_profile": true, "default_profile_image": false, "following": false, "follow_request_sent": false, "notifications": false, "translator_type": "none"}, "geo": null, "coordinates": null, "place": null, "contributors": null, "is_quote_status": false, "retweet_count": 0, "favorite_count": 0, "favorited": false, "retweeted": false, "possibly_sensitive": false, "lang": "en"}