{
    "entities": {
        "annotations": [
            {
                "start": 120,
                "end": 124,
                "probability": 0.8039,
                "type": "Organization",
                "normalized_text": "FedEX"
            }
        ],
        "mentions": [
            {
                "start": 0,
                "end": 4,
                "username": "WHO",
                "id": "14499829"
            },
            {
                "start": 5,
                "end": 13,
                "username": "WHOWPRO",
                "id": "3794682452"
            },
            {
                "start": 14,
                "end": 23,
                "username": "WHOSEARO",
                "id": "1545915336"
            },
            {
                "start": 24,
                "end": 35,
                "username": "WHO_Europe",
                "id": "125403342"
            },
            {
                "start": 36,
                "end": 44,
                "username": "pahowho",
                "id": "20629893"
            },
            {
                "start": 45,
                "end": 53,
                "username": "WHOEMRO",
                "id": "259372802"
            },
            {
                "start": 54,
                "end": 62,
                "username": "WHOAFRO",
                "id": "544389588"
            }
        ]
    },
    "in_reply_to_user_id": "14499829",
    "created_at": "2020-02-01T09:21:26.000Z",
    "id": "1223536828508065797",
    "text": "@WHO @WHOWPRO @WHOSEARO @WHO_Europe @pahowho @WHOEMRO @WHOAFRO What about my freeze dried bat soup I just received from FedEX. Is that safe as well?",
    "source": "Twitter for iPhone"
}