{
    "source": "Twitter for Android",
    "entities": {
        "mentions": [
            {
                "start": 0,
                "end": 7,
                "username": "oommen",
                "id": "12104642"
            },
            {
                "start": 8,
                "end": 12,
                "username": "WHO",
                "id": "14499829"
            }
        ]
    },
    "in_reply_to_user_id": "12104642",
    "created_at": "2020-01-31T18:51:08.000Z",
    "id": "1223317807401705472",
    "text": "@oommen @WHO Link please"
}