{
    "entities": {
        "hashtags": [
            {
                "start": 120,
                "end": 131,
                "tag": "plutocracy"
            }
        ],
        "mentions": [
            {
                "start": 0,
                "end": 9,
                "username": "tArtcHow",
                "id": "308461741"
            },
            {
                "start": 10,
                "end": 14,
                "username": "WHO",
                "id": "14499829"
            },
            {
                "start": 15,
                "end": 23,
                "username": "WHOWPRO",
                "id": "3794682452"
            },
            {
                "start": 24,
                "end": 33,
                "username": "WHOSEARO",
                "id": "1545915336"
            },
            {
                "start": 34,
                "end": 45,
                "username": "WHO_Europe",
                "id": "125403342"
            },
            {
                "start": 46,
                "end": 54,
                "username": "pahowho",
                "id": "20629893"
            },
            {
                "start": 55,
                "end": 63,
                "username": "WHOEMRO",
                "id": "259372802"
            },
            {
                "start": 64,
                "end": 72,
                "username": "WHOAFRO",
                "id": "544389588"
            },
            {
                "start": 73,
                "end": 82,
                "username": "DrTedros",
                "id": "189868631"
            }
        ]
    },
    "in_reply_to_user_id": "308461741",
    "created_at": "2020-02-01T18:26:23.000Z",
    "id": "1223673968915337217",
    "text": "@tArtcHow @WHO @WHOWPRO @WHOSEARO @WHO_Europe @pahowho @WHOEMRO @WHOAFRO @DrTedros all propaganda\nthe world is a global #plutocracy and they do not care about the 8 billion serfs -  not one bit \nOh- and I am a serf",
    "source": "Twitter Web App"
}