{"created_at": "Sat Feb 01 09:20:04 +0000 2020", "id": 1223536481391824896, "id_str": "1223536481391824896", "text": "@ConsciousSpy @WHO @WHOWPRO @WHOSEARO @WHO_Europe @pahowho @WHOEMRO @WHOAFRO The birus is not new. Several types of\u2026 https://t.co/w2sUzZxZ6g", "truncated": true, "entities": {"hashtags": [], "symbols": [], "user_mentions": [{"screen_name": "ConsciousSpy", "name": "\u00c9ireanne Fenix Akasha", "id": 172534595, "id_str": "172534595", "indices": [0, 13]}, {"screen_name": "WHO", "name": "World Health Organization (WHO)", "id": 14499829, "id_str": "14499829", "indices": [14, 18]}, {"screen_name": "WHOWPRO", "name": "World Health Organization (WHO) Western Pacific", "id": 3794682452, "id_str": "3794682452", "indices": [19, 27]}, {"screen_name": "WHOSEARO", "name": "WHO South-East Asia", "id": 1545915336, "id_str": "1545915336", "indices": [28, 37]}, {"screen_name": "WHO_Europe", "name": "WHO/Europe", "id": 125403342, "id_str": "125403342", "indices": [38, 49]}, {"screen_name": "pahowho", "name": "PAHO/WHO", "id": 20629893, "id_str": "20629893", "indices": [50, 58]}, {"screen_name": "WHOEMRO", "name": "WHO EMRO", "id": 259372802, "id_str": "259372802", "indices": [59, 67]}, {"screen_name": "WHOAFRO", "name": "WHO African Region", "id": 544389588, "id_str": "544389588", "indices": [68, 76]}], "urls": [{"url": "https://t.co/w2sUzZxZ6g", "expanded_url": "https://twitter.com/i/web/status/1223536481391824896", "display_url": "twitter.com/i/web/status/1\u2026", "indices": [117, 140]}]}, "source": "<a href=\"http://twitter.com/download/iphone\" rel=\"nofollow\">Twitter for iPhone</a>", "in_reply_to_status_id": 1223319739369426944, "in_reply_to_status_id_str": "1223319739369426944", "in_reply_to_user_id": 172534595, "in_reply_to_user_id_str": "172534595", "in_reply_to_screen_name": "ConsciousSpy", "user": {"id": 863493997268000768, "id_str": "863493997268000768", "name": "Dr.Giovanni Checcucci Lisi", "screen_name": "GCheccucciLisi", "location": "", "description": "MD, PhD, Surgeon, Vaccines expert, Artist and Painter. Only my personal and medical expertise opinions here", "url": null, "entities": {"description": {"urls": []}}, "protected": false, "followers_count": 439, "friends_count": 296, "listed_count": 9, "created_at": "Sat May 13 20:39:46 +0000 2017", "favourites_count": 2448, "utc_offset": null, "time_zone": null, "geo_enabled": false, "verified": false, "statuses_count": 2468, "lang": null, "contributors_enabled": false, "is_translator": false, "is_translation_enabled": false, "profile_background_color": "F5F8FA", "profile_background_image_url": null, "profile_background_image_url_https": null, "profile_background_tile": false, "profile_image_url": "http://pbs.twimg.com/profile_images/1144942808383578113/MCapzm-x_normal.jpg", "profile_image_url_https": "https://pbs.twimg.com/profile_images/1144942808383578113/MCapzm-x_normal.jpg", "profile_banner_url": "https://pbs.twimg.com/profile_banners/863493997268000768/1494708687", "profile_link_color": "1DA1F2", "profile_sidebar_border_color": "C0DEED", "profile_sidebar_fill_color": "DDEEF6", "profile_text_color": "333333", "profile_use_background_image": true, "has_extended_profile": true, "default_profile": true, "default_profile_image": false, "following": false, "follow_request_sent": false, "notifications": false, "translator_type": "none"}, "geo": null, "coordinates": null, "place": null, "contributors": null, "is_quote_status": false, "retweet_count": 0, "favorite_count": 2, "favorited": false, "retweeted": false, "lang": "en"}