{"created_at": "Sat Feb 01 10:40:12 +0000 2020", "id": 1223556648444350465, "id_str": "1223556648444350465", "text": "@TwinklingEyEs_Z @NabTheDentist @AhmadJawadBTH You can ask @drsaeedmustafa with team #NBC.\nHe will answer all the q\u2026 https://t.co/FmZsj77dqI", "truncated": true, "entities": {"hashtags": [{"text": "NBC", "indices": [85, 89]}], "symbols": [], "user_mentions": [{"screen_name": "NabTheDentist", "name": "Nab The Dentist", "id": 1133587532610981888, "id_str": "1133587532610981888", "indices": [17, 31]}, {"screen_name": "AhmadJawadBTH", "name": "Ahmad Jawad PTI", "id": 526250135, "id_str": "526250135", "indices": [32, 46]}, {"screen_name": "drsaeedmustafa", "name": "DR SAEED MUSTAFA", "id": 848774718413058048, "id_str": "848774718413058048", "indices": [59, 74]}], "urls": [{"url": "https://t.co/FmZsj77dqI", "expanded_url": "https://twitter.com/i/web/status/1223556648444350465", "display_url": "twitter.com/i/web/status/1\u2026", "indices": [117, 140]}]}, "source": "<a href=\"http://twitter.com/download/android\" rel=\"nofollow\">Twitter for Android</a>", "in_reply_to_status_id": 1223521403170893824, "in_reply_to_status_id_str": "1223521403170893824", "in_reply_to_user_id": 115022247, "in_reply_to_user_id_str": "115022247", "in_reply_to_screen_name": "SaraLliCious", "user": {"id": 1412238684, "id_str": "1412238684", "name": "Imtiaz Butt(Limited Edition)\ud83c\uddf5\ud83c\uddf0 \u2665", "screen_name": "ImtiazButt79", "location": "Prime Minister's Secretariat\n\n", "description": "#Insafian by passion  | \n#Scientist by profession\ud83c\udf93\n\nLove #PakArmy\n|\nLove my #GreenFlag\ud83c\uddf5\ud83c\uddf0\n\n\n\n\n\n\n\n\n\n\n\n\n\n\n\n\n\n\n\n\n\n\n\n\nHT \n#LimitedEdition", "url": "https://t.co/5q9Xzg0YPx", "entities": {"url": {"urls": [{"url": "https://t.co/5q9Xzg0YPx", "expanded_url": "https://www.youtube.com/channel/UCBe_prmmSPE5eO30gcHJbmw", "display_url": "youtube.com/channel/UCBe_p\u2026", "indices": [0, 23]}]}, "description": {"urls": []}}, "protected": false, "followers_count": 15682, "friends_count": 16821, "listed_count": 5, "created_at": "Wed May 08 07:57:32 +0000 2013", "favourites_count": 73637, "utc_offset": null, "time_zone": null, "geo_enabled": true, "verified": false, "statuses_count": 122692, "lang": null, "contributors_enabled": false, "is_translator": false, "is_translation_enabled": false, "profile_background_color": "000000", "profile_background_image_url": "http://abs.twimg.com/images/themes/theme1/bg.png", "profile_background_image_url_https": "https://abs.twimg.com/images/themes/theme1/bg.png", "profile_background_tile": false, "profile_image_url": "http://pbs.twimg.com/profile_images/1351245640446205958/1yknfvFe_normal.jpg", "profile_image_url_https": "https://pbs.twimg.com/profile_images/1351245640446205958/1yknfvFe_normal.jpg", "profile_banner_url": "https://pbs.twimg.com/profile_banners/1412238684/1618076517", "profile_link_color": "F5ABB5", "profile_sidebar_border_color": "000000", "profile_sidebar_fill_color": "000000", "profile_text_color": "000000", "profile_use_background_image": false, "has_extended_profile": true, "default_profile": false, "default_profile_image": false, "following": false, "follow_request_sent": false, "notifications": false, "translator_type": "none"}, "geo": null, "coordinates": null, "place": null, "contributors": null, "is_quote_status": false, "retweet_count": 2, "favorite_count": 2, "favorited": false, "retweeted": false, "lang": "en"}