{
    "id": "1223469373886582784",
    "created_at": "2020-02-01T04:53:24.000Z",
    "entities": {
        "hashtags": [
            {
                "start": 183,
                "end": 197,
                "tag": "coronarovirus"
            },
            {
                "start": 198,
                "end": 215,
                "tag": "coronavirusindia"
            }
        ]
    },
    "text": "8.  Is there a vaccine for Novel Coronavirus ?\n\nA--When a disease is new, there is no vaccine until one is developed. It can take a number of years for a new vaccine to be developed.\n#coronarovirus\n#coronavirusindia",
    "in_reply_to_user_id": "164997168",
    "source": "Twitter for Android"
}