{
    "created_at": "2020-02-02T06:30:48.000Z",
    "entities": {
        "annotations": [
            {
                "start": 100,
                "end": 105,
                "probability": 0.6486,
                "type": "Place",
                "normalized_text": "Taiwan"
            },
            {
                "start": 124,
                "end": 128,
                "probability": 0.9851,
                "type": "Place",
                "normalized_text": "China"
            }
        ],
        "mentions": [
            {
                "start": 0,
                "end": 4,
                "username": "WHO",
                "id": "14499829"
            },
            {
                "start": 5,
                "end": 13,
                "username": "WHOWPRO",
                "id": "3794682452"
            },
            {
                "start": 14,
                "end": 23,
                "username": "WHOSEARO",
                "id": "1545915336"
            },
            {
                "start": 24,
                "end": 35,
                "username": "WHO_Europe",
                "id": "125403342"
            },
            {
                "start": 36,
                "end": 44,
                "username": "pahowho",
                "id": "20629893"
            },
            {
                "start": 45,
                "end": 53,
                "username": "WHOEMRO",
                "id": "259372802"
            },
            {
                "start": 54,
                "end": 62,
                "username": "WHOAFRO",
                "id": "544389588"
            }
        ]
    },
    "text": "@WHO @WHOWPRO @WHOSEARO @WHO_Europe @pahowho @WHOEMRO @WHOAFRO Dear Wuhan health organization (WHO)\nTaiwan is not a part of China, please don’t be a stupid and ignorant",
    "id": "1223856273302544385",
    "source": "Twitter for iPhone"
}