{
    "entities": {
        "annotations": [
            {
                "start": 69,
                "end": 77,
                "probability": 0.9933,
                "type": "Place",
                "normalized_text": "Australia"
            },
            {
                "start": 257,
                "end": 264,
                "probability": 0.5933,
                "type": "Place",
                "normalized_text": "Canberra"
            }
        ],
        "mentions": [
            {
                "start": 0,
                "end": 4,
                "username": "WHO",
                "id": "14499829"
            },
            {
                "start": 5,
                "end": 13,
                "username": "WHOWPRO",
                "id": "3794682452"
            },
            {
                "start": 14,
                "end": 23,
                "username": "WHOSEARO",
                "id": "1545915336"
            },
            {
                "start": 24,
                "end": 35,
                "username": "WHO_Europe",
                "id": "125403342"
            },
            {
                "start": 36,
                "end": 44,
                "username": "pahowho",
                "id": "20629893"
            },
            {
                "start": 45,
                "end": 53,
                "username": "WHOEMRO",
                "id": "259372802"
            },
            {
                "start": 54,
                "end": 62,
                "username": "WHOAFRO",
                "id": "544389588"
            }
        ]
    },
    "in_reply_to_user_id": "14499829",
    "created_at": "2020-02-01T10:13:26.000Z",
    "id": "1223549911842672642",
    "text": "@WHO @WHOWPRO @WHOSEARO @WHO_Europe @pahowho @WHOEMRO @WHOAFRO Hi in Australia bush fire fire can stop by putting fire from another side na,why can't they try,they are pouring little sand water with helicopters how could this help ,fire is reaching towards Canberra itseeme why can't they put fie on another side of bushes so it meet and stop",
    "source": "Twitter Web App"
}