{
    "created_at": "2020-02-01 18:22:14+00:00",
    "id": 1223672925305364482,
    "text": "@lancefaltinsky @askramer @WHO @WHOWPRO @WHOSEARO @WHO_Europe @pahowho @WHOEMRO @WHOAFRO fomites \n#nCoV2019 has been found in feces now...\nand so many people do not wash their hands and/or don't have availability to hot running water, soap and a clean towel",
    "entities": {
        "hashtags": [
            {
                "start": 98,
                "end": 107,
                "tag": "nCoV2019"
            }
        ],
        "mentions": [
            {
                "start": 0,
                "end": 15,
                "username": "lancefaltinsky",
                "id": "3476485701"
            },
            {
                "start": 16,
                "end": 25,
                "username": "askramer",
                "id": "50965509"
            },
            {
                "start": 26,
                "end": 30,
                "username": "WHO",
                "id": "14499829"
            },
            {
                "start": 31,
                "end": 39,
                "username": "WHOWPRO",
                "id": "3794682452"
            },
            {
                "start": 40,
                "end": 49,
                "username": "WHOSEARO",
                "id": "1545915336"
            },
            {
                "start": 50,
                "end": 61,
                "username": "WHO_Europe",
                "id": "125403342"
            },
            {
                "start": 62,
                "end": 70,
                "username": "pahowho",
                "id": "20629893"
            },
            {
                "start": 71,
                "end": 79,
                "username": "WHOEMRO",
                "id": "259372802"
            },
            {
                "start": 80,
                "end": 88,
                "username": "WHOAFRO",
                "id": "544389588"
            }
        ]
    },
    "source": "Twitter Web App",
    "in_reply_to_user_id": 3476485701
}