{
    "id": "1223087737407856641",
    "in_reply_to_user_id": "12104642",
    "source": "Twitter for Android",
    "text": "Are there any specific medicines to prevent or treat the new coronavirus?\n\nTo date, there is no specific medicine recommended to prevent or treat the new coronavirus (2019-nCoV).\n\n#coronavirusindia  #coronavirus https://t.co/KuBspi46Gb",
    "created_at": "2020-01-31T03:36:55.000Z",
    "entities": {
        "hashtags": [
            {
                "start": 180,
                "end": 197,
                "tag": "coronavirusindia"
            },
            {
                "start": 199,
                "end": 211,
                "tag": "coronavirus"
            }
        ],
        "urls": [
            {
                "start": 212,
                "end": 235,
                "url": "https://t.co/KuBspi46Gb",
                "expanded_url": "https://twitter.com/oommen/status/1223087737407856641/photo/1",
                "display_url": "pic.twitter.com/KuBspi46Gb"
            }
        ]
    }
}