{
    "id": "1223087519501152256",
    "in_reply_to_user_id": "12104642",
    "source": "Twitter for Android",
    "text": "Are antibiotics effective in preventing and treating the new coronavirus?\n\nNo, antibiotics do not work against viruses, only bacteria.\n\nThe new coronavirus (2019-nCoV) is a virus &amp; therefore, antibiotics should not be used as a means of prevention or treatment.\n\n#coronavirusindia https://t.co/3KtR8P3lQq",
    "created_at": "2020-01-31T03:36:03.000Z",
    "entities": {
        "hashtags": [
            {
                "start": 267,
                "end": 284,
                "tag": "coronavirusindia"
            }
        ],
        "urls": [
            {
                "start": 285,
                "end": 308,
                "url": "https://t.co/3KtR8P3lQq",
                "expanded_url": "https://twitter.com/oommen/status/1223087519501152256/photo/1",
                "display_url": "pic.twitter.com/3KtR8P3lQq"
            }
        ]
    }
}