{
    "created_at": "2020-02-01 12:52:51+00:00",
    "id": 1223590033883631618,
    "text": "Q: Can pets at home spread the new #coronavirus (2019-nCoV)?\nA: At present, there is no evidence that companion animals/pets such as dogs, cats can be infected with the virus.\nHowever, it is always a good idea to wash your hands with soap and water after contact with pets @WHO https://t.co/9sDqUAkEJk",
    "entities": {
        "hashtags": [
            {
                "start": 35,
                "end": 47,
                "tag": "coronavirus"
            }
        ],
        "urls": [
            {
                "start": 278,
                "end": 301,
                "url": "https://t.co/9sDqUAkEJk",
                "expanded_url": "https://twitter.com/OzgurTufekci/status/1223590033883631618/photo/1",
                "display_url": "pic.twitter.com/9sDqUAkEJk"
            }
        ],
        "mentions": [
            {
                "start": 273,
                "end": 277,
                "username": "WHO",
                "id": "14499829"
            }
        ]
    },
    "source": "Twitter for iPhone",
    "in_reply_to_user_id": 326631858
}