{
    "created_at": "2020-02-01 12:51:21+00:00",
    "id": 1223589653678370816,
    "text": "Q: Are antibiotics effective in preventing and treating the new #coronavirus (2019-nCoV)?\nA: No, antibiotics do not work against viruses, only bacteria.\nThe 2019-nC0V is a virus and, therefore, antibiotics should  not be used as a means of prevention or treatment. @WHO https://t.co/2cJBBxKaaZ",
    "entities": {
        "urls": [
            {
                "start": 270,
                "end": 293,
                "url": "https://t.co/2cJBBxKaaZ",
                "expanded_url": "https://twitter.com/OzgurTufekci/status/1223589653678370816/photo/1",
                "display_url": "pic.twitter.com/2cJBBxKaaZ"
            }
        ],
        "hashtags": [
            {
                "start": 64,
                "end": 76,
                "tag": "coronavirus"
            }
        ],
        "mentions": [
            {
                "start": 265,
                "end": 269,
                "username": "WHO",
                "id": "14499829"
            }
        ]
    },
    "source": "Twitter for iPhone",
    "in_reply_to_user_id": 326631858
}