{
    "created_at": "2020-02-01 09:51:43+00:00",
    "id": 1223544448027713536,
    "text": "@WHO @WHOWPRO @WHOSEARO @WHO_Europe @pahowho @WHOEMRO @WHOAFRO Better tell us about the actual R0 and WHY THERE ARE TRACES OF RNA-gene INSERTIONS IN 2019-nCoV RNA?! https://t.co/BLce81t5Di",
    "entities": {
        "mentions": [
            {
                "start": 0,
                "end": 4,
                "username": "WHO",
                "id": "14499829"
            },
            {
                "start": 5,
                "end": 13,
                "username": "WHOWPRO",
                "id": "3794682452"
            },
            {
                "start": 14,
                "end": 23,
                "username": "WHOSEARO",
                "id": "1545915336"
            },
            {
                "start": 24,
                "end": 35,
                "username": "WHO_Europe",
                "id": "125403342"
            },
            {
                "start": 36,
                "end": 44,
                "username": "pahowho",
                "id": "20629893"
            },
            {
                "start": 45,
                "end": 53,
                "username": "WHOEMRO",
                "id": "259372802"
            },
            {
                "start": 54,
                "end": 62,
                "username": "WHOAFRO",
                "id": "544389588"
            }
        ],
        "urls": [
            {
                "start": 165,
                "end": 188,
                "url": "https://t.co/BLce81t5Di",
                "expanded_url": "https://twitter.com/photonshavemass/status/1223544448027713536/photo/1",
                "display_url": "pic.twitter.com/BLce81t5Di"
            }
        ]
    },
    "source": "Twitter for iPhone",
    "in_reply_to_user_id": 14499829
}