{
    "created_at": "2020-02-01 05:26:29+00:00",
    "id": 1223477699571802112,
    "text": "@WHO @WHOEMRO @WHOWPRO @WHOSEARO @WHO_Europe @pahowho @WHOAFRO Beware:\n\nMaybe the Corona virus can be transmitted to the world, as well as to more people in China through medical masks made in China,so workers in masks factories may have corona without showing symptoms,I suggest toTheWorld tO Stop importing masks&amp;all goodsFrom ChinaAre spare",
    "entities": {
        "annotations": [
            {
                "start": 157,
                "end": 161,
                "probability": 0.9891,
                "type": "Place",
                "normalized_text": "China"
            },
            {
                "start": 193,
                "end": 197,
                "probability": 0.9972,
                "type": "Place",
                "normalized_text": "China"
            }
        ],
        "mentions": [
            {
                "start": 0,
                "end": 4,
                "username": "WHO",
                "id": "14499829"
            },
            {
                "start": 5,
                "end": 13,
                "username": "WHOEMRO",
                "id": "259372802"
            },
            {
                "start": 14,
                "end": 22,
                "username": "WHOWPRO",
                "id": "3794682452"
            },
            {
                "start": 23,
                "end": 32,
                "username": "WHOSEARO",
                "id": "1545915336"
            },
            {
                "start": 33,
                "end": 44,
                "username": "WHO_Europe",
                "id": "125403342"
            },
            {
                "start": 45,
                "end": 53,
                "username": "pahowho",
                "id": "20629893"
            },
            {
                "start": 54,
                "end": 62,
                "username": "WHOAFRO",
                "id": "544389588"
            }
        ]
    },
    "source": "Twitter Web App",
    "in_reply_to_user_id": 14499829
}