{"created_at": "Sat Feb 01 11:42:02 +0000 2020", "id": 1223572209773342721, "id_str": "1223572209773342721", "text": "@WHO @WHOWPRO @WHOSEARO @WHO_Europe @pahowho @WHOEMRO @WHOAFRO This is the time for Chinese Money, right? Such a we\u2026 https://t.co/wA0XttwHqP", "truncated": true, "entities": {"hashtags": [], "symbols": [], "user_mentions": [{"screen_name": "WHO", "name": "World Health Organization (WHO)", "id": 14499829, "id_str": "14499829", "indices": [0, 4]}, {"screen_name": "WHOWPRO", "name": "World Health Organization (WHO) Western Pacific", "id": 3794682452, "id_str": "3794682452", "indices": [5, 13]}, {"screen_name": "WHOSEARO", "name": "WHO South-East Asia", "id": 1545915336, "id_str": "1545915336", "indices": [14, 23]}, {"screen_name": "WHO_Europe", "name": "WHO/Europe", "id": 125403342, "id_str": "125403342", "indices": [24, 35]}, {"screen_name": "pahowho", "name": "PAHO/WHO", "id": 20629893, "id_str": "20629893", "indices": [36, 44]}, {"screen_name": "WHOEMRO", "name": "WHO EMRO", "id": 259372802, "id_str": "259372802", "indices": [45, 53]}, {"screen_name": "WHOAFRO", "name": "WHO African Region", "id": 544389588, "id_str": "544389588", "indices": [54, 62]}], "urls": [{"url": "https://t.co/wA0XttwHqP", "expanded_url": "https://twitter.com/i/web/status/1223572209773342721", "display_url": "twitter.com/i/web/status/1\u2026", "indices": [117, 140]}]}, "source": "<a href=\"http://twitter.com/download/iphone\" rel=\"nofollow\">Twitter for iPhone</a>", "in_reply_to_status_id": 1223278788089470977, "in_reply_to_status_id_str": "1223278788089470977", "in_reply_to_user_id": 14499829, "in_reply_to_user_id_str": "14499829", "in_reply_to_screen_name": "WHO", "user": {"id": 308461741, "id_str": "308461741", "name": "ChowTart", "screen_name": "tArtcHow", "location": "", "description": "A Freefolk. We Do Not Kneel. Stand and Fight. Meet under the bowl. | Here about HK protest: https://t.co/vdpO29urYa #Save12HKyouths", "url": null, "entities": {"description": {"urls": [{"url": "https://t.co/vdpO29urYa", "expanded_url": "http://hkrev.info", "display_url": "hkrev.info", "indices": [92, 115]}]}}, "protected": false, "followers_count": 390, "friends_count": 430, "listed_count": 0, "created_at": "Tue May 31 13:13:07 +0000 2011", "favourites_count": 34576, "utc_offset": null, "time_zone": null, "geo_enabled": false, "verified": false, "statuses_count": 11836, "lang": null, "contributors_enabled": false, "is_translator": false, "is_translation_enabled": false, "profile_background_color": "C0DEED", "profile_background_image_url": "http://abs.twimg.com/images/themes/theme1/bg.png", "profile_background_image_url_https": "https://abs.twimg.com/images/themes/theme1/bg.png", "profile_background_tile": false, "profile_image_url": "http://pbs.twimg.com/profile_images/763451444359942144/KHOhL2WL_normal.jpg", "profile_image_url_https": "https://pbs.twimg.com/profile_images/763451444359942144/KHOhL2WL_normal.jpg", "profile_banner_url": "https://pbs.twimg.com/profile_banners/308461741/1587648833", "profile_link_color": "1DA1F2", "profile_sidebar_border_color": "C0DEED", "profile_sidebar_fill_color": "DDEEF6", "profile_text_color": "333333", "profile_use_background_image": true, "has_extended_profile": false, "default_profile": true, "default_profile_image": false, "following": false, "follow_request_sent": false, "notifications": false, "translator_type": "none"}, "geo": null, "coordinates": null, "place": null, "contributors": null, "is_quote_status": false, "retweet_count": 0, "favorite_count": 0, "favorited": false, "retweeted": false, "lang": "en"}