{
    "entities": {
        "urls": [
            {
                "start": 251,
                "end": 274,
                "url": "https://t.co/sXVNewqU6B",
                "expanded_url": "https://twitter.com/tArtcHow/status/1223576092562247680/photo/1",
                "display_url": "pic.twitter.com/sXVNewqU6B"
            }
        ],
        "mentions": [
            {
                "start": 0,
                "end": 4,
                "username": "WHO",
                "id": "14499829"
            },
            {
                "start": 5,
                "end": 13,
                "username": "WHOWPRO",
                "id": "3794682452"
            },
            {
                "start": 14,
                "end": 23,
                "username": "WHOSEARO",
                "id": "1545915336"
            },
            {
                "start": 24,
                "end": 35,
                "username": "WHO_Europe",
                "id": "125403342"
            },
            {
                "start": 36,
                "end": 44,
                "username": "pahowho",
                "id": "20629893"
            },
            {
                "start": 45,
                "end": 53,
                "username": "WHOEMRO",
                "id": "259372802"
            },
            {
                "start": 54,
                "end": 62,
                "username": "WHOAFRO",
                "id": "544389588"
            },
            {
                "start": 70,
                "end": 79,
                "username": "DrTedros",
                "id": "189868631"
            }
        ]
    },
    "in_reply_to_user_id": "14499829",
    "created_at": "2020-02-01T11:57:28.000Z",
    "id": "1223576092562247680",
    "text": "@WHO @WHOWPRO @WHOSEARO @WHO_Europe @pahowho @WHOEMRO @WHOAFRO Why is @DrTedros keep promoting an well known Propaganda channel? Do W.H.O. Knows there is so many reliable News source and company? Instead you selling this propaganda shxt to the World? https://t.co/sXVNewqU6B",
    "source": "Twitter for iPhone"
}