{
    "id": "1223993748083752961",
    "in_reply_to_user_id": "12104642",
    "source": "Twitter for Android",
    "entities": {
        "annotations": [
            {
                "start": 32,
                "end": 37,
                "probability": 0.9618,
                "type": "Place",
                "normalized_text": "Kerala"
            },
            {
                "start": 80,
                "end": 84,
                "probability": 0.6725,
                "type": "Place",
                "normalized_text": "china"
            }
        ],
        "hashtags": [
            {
                "start": 7,
                "end": 19,
                "tag": "Coronavirus"
            }
        ],
        "urls": [
            {
                "start": 281,
                "end": 304,
                "url": "https://t.co/tg8JIjlwxW",
                "expanded_url": "https://twitter.com/oommen/status/1223993748083752961/photo/1",
                "display_url": "pic.twitter.com/tg8JIjlwxW"
            }
        ]
    },
    "text": "Latest #Coronavirus update from Kerala -2nd Feb\n\nCum. number of passengers from china under observation- 1999\n\nCum. number of asymptomatic passengers under home isolation- 1924\nCum. no of symptomatic passengers hospitalised- 75\n\nNo of symptomatic passengers hospitalised TODAY- 12 https://t.co/tg8JIjlwxW",
    "created_at": "2020-02-02T15:37:04.000Z"
}