{
    "entities": {
        "urls": [
            {
                "start": 79,
                "end": 102,
                "url": "https://t.co/ZDIxZ98aFx",
                "expanded_url": "https://twitter.com/MackayIM/status/1223397158545608705?s=20",
                "display_url": "twitter.com/MackayIM/statu…"
            }
        ],
        "mentions": [
            {
                "start": 0,
                "end": 4,
                "username": "WHO",
                "id": "14499829"
            },
            {
                "start": 5,
                "end": 20,
                "username": "donal_bisanzio",
                "id": "704257242858708992"
            },
            {
                "start": 21,
                "end": 29,
                "username": "WHOWPRO",
                "id": "3794682452"
            },
            {
                "start": 30,
                "end": 39,
                "username": "WHOSEARO",
                "id": "1545915336"
            },
            {
                "start": 40,
                "end": 51,
                "username": "WHO_Europe",
                "id": "125403342"
            },
            {
                "start": 52,
                "end": 60,
                "username": "pahowho",
                "id": "20629893"
            },
            {
                "start": 61,
                "end": 69,
                "username": "WHOEMRO",
                "id": "259372802"
            },
            {
                "start": 70,
                "end": 78,
                "username": "WHOAFRO",
                "id": "544389588"
            }
        ]
    },
    "in_reply_to_user_id": "14499829",
    "created_at": "2020-02-01T13:11:20.000Z",
    "id": "1223594681474392076",
    "text": "@WHO @donal_bisanzio @WHOWPRO @WHOSEARO @WHO_Europe @pahowho @WHOEMRO @WHOAFRO https://t.co/ZDIxZ98aFx",
    "source": "Twitter Web App"
}