{
    "created_at": "2020-02-01 04:46:58+00:00",
    "id": 1223467756240109569,
    "text": "Germany, Japan, Vietnam and the US have reported cases in patients who didn't personally visit China, but contracted the virus from someone else who had visited Wuhan, China. These cases of human to human transmission are the most worrisone, according to the WHO. #coronavirus",
    "entities": {
        "hashtags": [
            {
                "start": 264,
                "end": 276,
                "tag": "coronavirus"
            }
        ],
        "annotations": [
            {
                "start": 0,
                "end": 6,
                "probability": 0.9918,
                "type": "Place",
                "normalized_text": "Germany"
            },
            {
                "start": 9,
                "end": 13,
                "probability": 0.9309,
                "type": "Place",
                "normalized_text": "Japan"
            },
            {
                "start": 16,
                "end": 22,
                "probability": 0.9636,
                "type": "Place",
                "normalized_text": "Vietnam"
            },
            {
                "start": 32,
                "end": 33,
                "probability": 0.9806,
                "type": "Place",
                "normalized_text": "US"
            },
            {
                "start": 95,
                "end": 99,
                "probability": 0.9972,
                "type": "Place",
                "normalized_text": "China"
            },
            {
                "start": 161,
                "end": 165,
                "probability": 0.7366,
                "type": "Place",
                "normalized_text": "Wuhan"
            },
            {
                "start": 168,
                "end": 172,
                "probability": 0.9021,
                "type": "Place",
                "normalized_text": "China"
            }
        ]
    },
    "source": "Twitter for iPhone",
    "in_reply_to_user_id": 326631858
}