{
    "created_at": "2020-02-02T07:13:45.000Z",
    "entities": {
        "annotations": [
            {
                "start": 164,
                "end": 168,
                "probability": 0.9929,
                "type": "Place",
                "normalized_text": "China"
            },
            {
                "start": 198,
                "end": 202,
                "probability": 0.6009,
                "type": "Place",
                "normalized_text": "China"
            }
        ],
        "mentions": [
            {
                "start": 0,
                "end": 4,
                "username": "WHO",
                "id": "14499829"
            },
            {
                "start": 5,
                "end": 13,
                "username": "WHOWPRO",
                "id": "3794682452"
            },
            {
                "start": 14,
                "end": 23,
                "username": "WHOSEARO",
                "id": "1545915336"
            },
            {
                "start": 24,
                "end": 35,
                "username": "WHO_Europe",
                "id": "125403342"
            },
            {
                "start": 36,
                "end": 44,
                "username": "pahowho",
                "id": "20629893"
            },
            {
                "start": 45,
                "end": 53,
                "username": "WHOEMRO",
                "id": "259372802"
            },
            {
                "start": 54,
                "end": 62,
                "username": "WHOAFRO",
                "id": "544389588"
            }
        ]
    },
    "text": "@WHO @WHOWPRO @WHOSEARO @WHO_Europe @pahowho @WHOEMRO @WHOAFRO How can u be sure that the package is not contaminated by urine or shit during transportation inside China! You really think Communist China have high hygiene standard? Would this make a freaking difference to your 'professional' recommendation?",
    "id": "1223867080593698817",
    "source": "Twitter for Android"
}