{
    "created_at": "2020-01-31 17:29:33+00:00",
    "id": 1223297276010991616,
    "text": "@WHO @WHOWPRO @WHOSEARO @WHO_Europe @pahowho @WHOEMRO @WHOAFRO Look at this. https://t.co/CwrGPpnyO1",
    "entities": {
        "mentions": [
            {
                "start": 0,
                "end": 4,
                "username": "WHO",
                "id": "14499829"
            },
            {
                "start": 5,
                "end": 13,
                "username": "WHOWPRO",
                "id": "3794682452"
            },
            {
                "start": 14,
                "end": 23,
                "username": "WHOSEARO",
                "id": "1545915336"
            },
            {
                "start": 24,
                "end": 35,
                "username": "WHO_Europe",
                "id": "125403342"
            },
            {
                "start": 36,
                "end": 44,
                "username": "pahowho",
                "id": "20629893"
            },
            {
                "start": 45,
                "end": 53,
                "username": "WHOEMRO",
                "id": "259372802"
            },
            {
                "start": 54,
                "end": 62,
                "username": "WHOAFRO",
                "id": "544389588"
            }
        ],
        "urls": [
            {
                "start": 77,
                "end": 100,
                "url": "https://t.co/CwrGPpnyO1",
                "expanded_url": "https://www.ncbi.nlm.nih.gov/m/pubmed/29299435/?i=2&from=peganum%20antiviral",
                "display_url": "ncbi.nlm.nih.gov/m/pubmed/29299\u2026"
            }
        ]
    },
    "source": "Twitter for iPhone",
    "in_reply_to_user_id": 14499829
}