{
    "entities": {
        "mentions": [
            {
                "start": 0,
                "end": 4,
                "username": "WHO",
                "id": "14499829"
            },
            {
                "start": 5,
                "end": 12,
                "username": "amy2vs",
                "id": "84072680"
            },
            {
                "start": 13,
                "end": 25,
                "username": "WHOThailand",
                "id": "479264032"
            },
            {
                "start": 26,
                "end": 34,
                "username": "WHOKobe",
                "id": "538804810"
            },
            {
                "start": 35,
                "end": 44,
                "username": "WHOSEARO",
                "id": "1545915336"
            },
            {
                "start": 45,
                "end": 53,
                "username": "WHOWPRO",
                "id": "3794682452"
            },
            {
                "start": 54,
                "end": 70,
                "username": "threadreaderapp",
                "id": "895814938995957760"
            }
        ]
    },
    "in_reply_to_user_id": "14499829",
    "created_at": "2020-02-02T10:07:25.000Z",
    "id": "1223910786206240771",
    "text": "@WHO @amy2vs @WHOThailand @WHOKobe @WHOSEARO @WHOWPRO @threadreaderapp unroll",
    "source": "Twitter for Android"
}