{"created_at": "Sun Feb 02 15:36:50 +0000 2020", "id": 1223993689548083200, "id_str": "1223993689548083200", "text": "@WHO @WHOWPRO @WHOSEARO @WHO_Europe @pahowho @WHOEMRO @WHOAFRO Are You Guys Born Pessimistic ? There is No Evidence\u2026 https://t.co/qjeUESFzYG", "truncated": true, "entities": {"hashtags": [], "symbols": [], "user_mentions": [{"screen_name": "WHO", "name": "World Health Organization (WHO)", "id": 14499829, "id_str": "14499829", "indices": [0, 4]}, {"screen_name": "WHOWPRO", "name": "World Health Organization (WHO) Western Pacific", "id": 3794682452, "id_str": "3794682452", "indices": [5, 13]}, {"screen_name": "WHOSEARO", "name": "WHO South-East Asia", "id": 1545915336, "id_str": "1545915336", "indices": [14, 23]}, {"screen_name": "WHO_Europe", "name": "WHO/Europe", "id": 125403342, "id_str": "125403342", "indices": [24, 35]}, {"screen_name": "pahowho", "name": "PAHO/WHO", "id": 20629893, "id_str": "20629893", "indices": [36, 44]}, {"screen_name": "WHOEMRO", "name": "WHO EMRO", "id": 259372802, "id_str": "259372802", "indices": [45, 53]}, {"screen_name": "WHOAFRO", "name": "WHO African Region", "id": 544389588, "id_str": "544389588", "indices": [54, 62]}], "urls": [{"url": "https://t.co/qjeUESFzYG", "expanded_url": "https://twitter.com/i/web/status/1223993689548083200", "display_url": "twitter.com/i/web/status/1\u2026", "indices": [117, 140]}]}, "source": "<a href=\"http://twitter.com/download/iphone\" rel=\"nofollow\">Twitter for iPhone</a>", "in_reply_to_status_id": 1223993219022753793, "in_reply_to_status_id_str": "1223993219022753793", "in_reply_to_user_id": 14499829, "in_reply_to_user_id_str": "14499829", "in_reply_to_screen_name": "WHO", "user": {"id": 2359488001, "id_str": "2359488001", "name": "AnirudhaSingh\ud83c\uddee\ud83c\uddf3", "screen_name": "AnirudhaPSingh", "location": "\u092d\u093e\u0930\u0924", "description": "\u092e\u0948\u0902 \u0939\u0942\u0901 \u092e\u0928\u092e\u094c\u091c\u0940!", "url": null, "entities": {"description": {"urls": []}}, "protected": false, "followers_count": 658, "friends_count": 593, "listed_count": 22, "created_at": "Mon Feb 24 13:12:44 +0000 2014", "favourites_count": 73728, "utc_offset": null, "time_zone": null, "geo_enabled": true, "verified": false, "statuses_count": 157573, "lang": null, "contributors_enabled": false, "is_translator": false, "is_translation_enabled": false, "profile_background_color": "ACDED6", "profile_background_image_url": "http://abs.twimg.com/images/themes/theme18/bg.gif", "profile_background_image_url_https": "https://abs.twimg.com/images/themes/theme18/bg.gif", "profile_background_tile": false, "profile_image_url": "http://pbs.twimg.com/profile_images/1377257761788948481/01W689C9_normal.jpg", "profile_image_url_https": "https://pbs.twimg.com/profile_images/1377257761788948481/01W689C9_normal.jpg", "profile_banner_url": "https://pbs.twimg.com/profile_banners/2359488001/1616642389", "profile_link_color": "91D2FA", "profile_sidebar_border_color": "FFFFFF", "profile_sidebar_fill_color": "F6F6F6", "profile_text_color": "333333", "profile_use_background_image": true, "has_extended_profile": false, "default_profile": false, "default_profile_image": false, "following": false, "follow_request_sent": false, "notifications": false, "translator_type": "none"}, "geo": null, "coordinates": null, "place": null, "contributors": null, "is_quote_status": false, "retweet_count": 1, "favorite_count": 1, "favorited": false, "retweeted": false, "lang": "en"}