{
    "entities": {
        "hashtags": [
            {
                "start": 211,
                "end": 220,
                "tag": "2019nCoV"
            }
        ],
        "annotations": [
            {
                "start": 116,
                "end": 120,
                "probability": 0.9829,
                "type": "Place",
                "normalized_text": "China"
            },
            {
                "start": 178,
                "end": 182,
                "probability": 0.9889,
                "type": "Place",
                "normalized_text": "China"
            }
        ],
        "urls": [
            {
                "start": 222,
                "end": 245,
                "url": "https://t.co/jMzHKGdjoR",
                "expanded_url": "https://twitter.com/nochinazi/status/1223849296551768066/photo/1",
                "display_url": "pic.twitter.com/jMzHKGdjoR"
            }
        ],
        "mentions": [
            {
                "start": 0,
                "end": 4,
                "username": "WHO",
                "id": "14499829"
            },
            {
                "start": 5,
                "end": 13,
                "username": "WHOWPRO",
                "id": "3794682452"
            },
            {
                "start": 14,
                "end": 23,
                "username": "WHOSEARO",
                "id": "1545915336"
            },
            {
                "start": 24,
                "end": 35,
                "username": "WHO_Europe",
                "id": "125403342"
            },
            {
                "start": 36,
                "end": 44,
                "username": "pahowho",
                "id": "20629893"
            },
            {
                "start": 45,
                "end": 53,
                "username": "WHOEMRO",
                "id": "259372802"
            },
            {
                "start": 54,
                "end": 62,
                "username": "WHOAFRO",
                "id": "544389588"
            }
        ]
    },
    "in_reply_to_user_id": "14499829",
    "created_at": "2020-02-02T06:03:04.000Z",
    "id": "1223849296551768066",
    "text": "@WHO @WHOWPRO @WHOSEARO @WHO_Europe @pahowho @WHOEMRO @WHOAFRO \"Q: Is it safe to receive a letter or a package from China?\"\nA: No, it is NOT safe. People receiving packages from China are at risk of contracting #2019nCoV. https://t.co/jMzHKGdjoR",
    "source": "Twitter Web App"
}