{
    "id": "1223467486151991299",
    "created_at": "2020-02-01T04:45:54.000Z",
    "entities": {
        "hashtags": [
            {
                "start": 90,
                "end": 104,
                "tag": "coronarovirus"
            },
            {
                "start": 105,
                "end": 122,
                "tag": "coronavirusindia"
            },
            {
                "start": 123,
                "end": 138,
                "tag": "CoronavirusWho"
            }
        ]
    },
    "text": "2. Coronavirus are Zoonotic , meaning they are transmitted between animals &amp; people.\n\n#coronarovirus #coronavirusindia #CoronavirusWho",
    "in_reply_to_user_id": "164997168",
    "source": "Twitter for Android"
}