{
    "created_at": "2020-02-01 22:40:46+00:00",
    "id": 1223737984358473728,
    "text": "Q: Is it safe to receive a letter or a package from China?\nA: Yes, it is safe. People receiving packages from China are not at risk of contracting 2019-nCoV.\nFrom previous analysis, we know coronaviruses do not\u2026 https://t.co/SlEC1jzw9r",
    "entities": {
        "urls": [
            {
                "start": 212,
                "end": 235,
                "url": "https://t.co/SlEC1jzw9r",
                "expanded_url": "https://www.instagram.com/p/B8Cpd5RABO7/?igshid=oa9c4dppmr1t",
                "display_url": "instagram.com/p/B8Cpd5RABO7/\u2026"
            }
        ],
        "annotations": [
            {
                "start": 52,
                "end": 56,
                "probability": 0.9799,
                "type": "Place",
                "normalized_text": "China"
            },
            {
                "start": 110,
                "end": 114,
                "probability": 0.9884,
                "type": "Place",
                "normalized_text": "China"
            }
        ]
    },
    "source": "Instagram",
    "in_reply_to_user_id": null
}