{
    "source": "Twitter for Android",
    "entities": {
        "urls": [
            {
                "start": 63,
                "end": 86,
                "url": "https://t.co/N8LqhXYpPn",
                "expanded_url": "https://www.change.org/p/united-nations-call-for-the-resignation-of-tedros-adhanom-ghebreyesus-who-director-general",
                "display_url": "change.org/p/united-natio…"
            }
        ],
        "mentions": [
            {
                "start": 0,
                "end": 4,
                "username": "WHO",
                "id": "14499829"
            },
            {
                "start": 5,
                "end": 13,
                "username": "WHOWPRO",
                "id": "3794682452"
            },
            {
                "start": 14,
                "end": 23,
                "username": "WHOSEARO",
                "id": "1545915336"
            },
            {
                "start": 24,
                "end": 35,
                "username": "WHO_Europe",
                "id": "125403342"
            },
            {
                "start": 36,
                "end": 44,
                "username": "pahowho",
                "id": "20629893"
            },
            {
                "start": 45,
                "end": 53,
                "username": "WHOEMRO",
                "id": "259372802"
            },
            {
                "start": 54,
                "end": 62,
                "username": "WHOAFRO",
                "id": "544389588"
            }
        ],
        "hashtags": [
            {
                "start": 207,
                "end": 232,
                "tag": "WuhanCoronavirusOutbreak"
            }
        ]
    },
    "created_at": "2020-02-02T16:00:30.000Z",
    "id": "1223999645354881025",
    "text": "@WHO @WHOWPRO @WHOSEARO @WHO_Europe @pahowho @WHOEMRO @WHOAFRO https://t.co/N8LqhXYpPn\nLet's sign the petition to kick him out of his position, he should pay the price for making wrong decision which caused #WuhanCoronavirusOutbreak to the world."
}