{
    "entities": {
        "mentions": [
            {
                "start": 0,
                "end": 12,
                "username": "Goldnsilica",
                "id": "2438506543"
            },
            {
                "start": 13,
                "end": 17,
                "username": "WHO",
                "id": "14499829"
            },
            {
                "start": 18,
                "end": 26,
                "username": "WHOWPRO",
                "id": "3794682452"
            },
            {
                "start": 27,
                "end": 36,
                "username": "WHOSEARO",
                "id": "1545915336"
            },
            {
                "start": 37,
                "end": 48,
                "username": "WHO_Europe",
                "id": "125403342"
            },
            {
                "start": 49,
                "end": 57,
                "username": "pahowho",
                "id": "20629893"
            },
            {
                "start": 58,
                "end": 66,
                "username": "WHOEMRO",
                "id": "259372802"
            },
            {
                "start": 67,
                "end": 75,
                "username": "WHOAFRO",
                "id": "544389588"
            }
        ]
    },
    "in_reply_to_user_id": "2438506543",
    "created_at": "2020-02-01T09:23:11.000Z",
    "id": "1223537267475546113",
    "text": "@Goldnsilica @WHO @WHOWPRO @WHOSEARO @WHO_Europe @pahowho @WHOEMRO @WHOAFRO Bit of panic about. Interesting reading the replies on some tweets.",
    "source": "Twitter for iPhone"
}