{
    "id": "1223086478827245568",
    "in_reply_to_user_id": "12104642",
    "source": "Twitter for Android",
    "text": "Novel Coronavirus (2019-nCoV) advice for the public: Myth busters from the @WHO\n\nCan pets at home spread the new coronavirus (2019-nCoV)?\n\nAt present, there's no evidence that companion animals/pets such as dogs or cats can be infected with the new virus. #coronavirusindia https://t.co/hmhPgXPvX6",
    "created_at": "2020-01-31T03:31:55.000Z",
    "entities": {
        "hashtags": [
            {
                "start": 256,
                "end": 273,
                "tag": "coronavirusindia"
            }
        ],
        "urls": [
            {
                "start": 274,
                "end": 297,
                "url": "https://t.co/hmhPgXPvX6",
                "expanded_url": "https://twitter.com/oommen/status/1223086478827245568/photo/1",
                "display_url": "pic.twitter.com/hmhPgXPvX6"
            }
        ],
        "mentions": [
            {
                "start": 75,
                "end": 79,
                "username": "WHO",
                "id": "14499829"
            }
        ]
    }
}