{"created_at": "Sat Feb 01 08:20:09 +0000 2020", "id": 1223521403170893824, "id_str": "1223521403170893824", "text": "@ImtiazButt79 @NabTheDentist @AhmadJawadBTH Means there is no treatment yet?", "truncated": false, "entities": {"hashtags": [], "symbols": [], "user_mentions": [{"screen_name": "ImtiazButt79", "name": "Imtiaz Butt(Limited Edition)\ud83c\uddf5\ud83c\uddf0 \u2665", "id": 1412238684, "id_str": "1412238684", "indices": [0, 13]}, {"screen_name": "NabTheDentist", "name": "Nab The Dentist", "id": 1133587532610981888, "id_str": "1133587532610981888", "indices": [14, 28]}, {"screen_name": "AhmadJawadBTH", "name": "Ahmad Jawad PTI", "id": 526250135, "id_str": "526250135", "indices": [29, 43]}], "urls": []}, "source": "<a href=\"http://twitter.com/download/iphone\" rel=\"nofollow\">Twitter for iPhone</a>", "in_reply_to_status_id": 1223521014195376128, "in_reply_to_status_id_str": "1223521014195376128", "in_reply_to_user_id": 1412238684, "in_reply_to_user_id_str": "1412238684", "in_reply_to_screen_name": "ImtiazButt79", "user": {"id": 115022247, "id_str": "115022247", "name": "SaRa ... Khani & Shahzada Bhai\u2019s \ud83c\udf82\u2764\ufe0f", "screen_name": "SaraLliCious", "location": "Fantasy Land", "description": "Wanderlust \ud83c\udf80", "url": null, "entities": {"description": {"urls": []}}, "protected": false, "followers_count": 2804, "friends_count": 2086, "listed_count": 5, "created_at": "Wed Feb 17 10:42:47 +0000 2010", "favourites_count": 167228, "utc_offset": null, "time_zone": null, "geo_enabled": false, "verified": false, "statuses_count": 94442, "lang": null, "contributors_enabled": false, "is_translator": false, "is_translation_enabled": false, "profile_background_color": "FFF04D", "profile_background_image_url": "http://abs.twimg.com/images/themes/theme19/bg.gif", "profile_background_image_url_https": "https://abs.twimg.com/images/themes/theme19/bg.gif", "profile_background_tile": false, "profile_image_url": "http://pbs.twimg.com/profile_images/1378355634354143233/mrvSh-0v_normal.jpg", "profile_image_url_https": "https://pbs.twimg.com/profile_images/1378355634354143233/mrvSh-0v_normal.jpg", "profile_banner_url": "https://pbs.twimg.com/profile_banners/115022247/1617460481", "profile_link_color": "0099CC", "profile_sidebar_border_color": "FFF8AD", "profile_sidebar_fill_color": "F6FFD1", "profile_text_color": "333333", "profile_use_background_image": true, "has_extended_profile": true, "default_profile": false, "default_profile_image": false, "following": false, "follow_request_sent": false, "notifications": false, "translator_type": "none"}, "geo": null, "coordinates": null, "place": null, "contributors": null, "is_quote_status": false, "retweet_count": 0, "favorite_count": 0, "favorited": false, "retweeted": false, "lang": "en"}