{
    "source": "Twitter for Android",
    "created_at": "2020-02-02T10:30:17.000Z",
    "entities": {
        "mentions": [
            {
                "start": 0,
                "end": 4,
                "username": "WHO",
                "id": "14499829"
            },
            {
                "start": 5,
                "end": 13,
                "username": "WHOWPRO",
                "id": "3794682452"
            },
            {
                "start": 14,
                "end": 23,
                "username": "WHOSEARO",
                "id": "1545915336"
            },
            {
                "start": 24,
                "end": 35,
                "username": "WHO_Europe",
                "id": "125403342"
            },
            {
                "start": 36,
                "end": 44,
                "username": "pahowho",
                "id": "20629893"
            },
            {
                "start": 45,
                "end": 53,
                "username": "WHOEMRO",
                "id": "259372802"
            },
            {
                "start": 54,
                "end": 62,
                "username": "WHOAFRO",
                "id": "544389588"
            }
        ]
    },
    "id": "1223916540938063872",
    "text": "@WHO @WHOWPRO @WHOSEARO @WHO_Europe @pahowho @WHOEMRO @WHOAFRO I don't think garlic will prevent catching anything, however, it is delicious in foods. I recommend not mixing up bulbs and cloves of garlic in a recipe. Yes, personal experience... 😶😃😜"
}