{"created_at": "Sat Feb 01 08:18:36 +0000 2020", "id": 1223521014195376128, "id_str": "1223521014195376128", "text": "Q: Do vaccines against pneumonia protect you against\nthe new coronavirus?\n\nA: No. Vaccines against pneumonia, such\u2026 https://t.co/cOCVwcIGcE", "truncated": true, "entities": {"hashtags": [], "symbols": [], "user_mentions": [], "urls": [{"url": "https://t.co/cOCVwcIGcE", "expanded_url": "https://twitter.com/i/web/status/1223521014195376128", "display_url": "twitter.com/i/web/status/1\u2026", "indices": [116, 139]}]}, "source": "<a href=\"http://twitter.com/download/android\" rel=\"nofollow\">Twitter for Android</a>", "in_reply_to_status_id": null, "in_reply_to_status_id_str": null, "in_reply_to_user_id": null, "in_reply_to_user_id_str": null, "in_reply_to_screen_name": null, "user": {"id": 1412238684, "id_str": "1412238684", "name": "Imtiaz Butt(Limited Edition)\ud83c\uddf5\ud83c\uddf0 \u2665", "screen_name": "ImtiazButt79", "location": "Prime Minister's Secretariat\n\n", "description": "#Insafian by passion  | \n#Scientist by profession\ud83c\udf93\n\nLove #PakArmy\n|\nLove my #GreenFlag\ud83c\uddf5\ud83c\uddf0\n\n\n\n\n\n\n\n\n\n\n\n\n\n\n\n\n\n\n\n\n\n\n\n\nHT \n#LimitedEdition", "url": "https://t.co/5q9Xzg0YPx", "entities": {"url": {"urls": [{"url": "https://t.co/5q9Xzg0YPx", "expanded_url": "https://www.youtube.com/channel/UCBe_prmmSPE5eO30gcHJbmw", "display_url": "youtube.com/channel/UCBe_p\u2026", "indices": [0, 23]}]}, "description": {"urls": []}}, "protected": false, "followers_count": 15682, "friends_count": 16821, "listed_count": 5, "created_at": "Wed May 08 07:57:32 +0000 2013", "favourites_count": 73637, "utc_offset": null, "time_zone": null, "geo_enabled": true, "verified": false, "statuses_count": 122692, "lang": null, "contributors_enabled": false, "is_translator": false, "is_translation_enabled": false, "profile_background_color": "000000", "profile_background_image_url": "http://abs.twimg.com/images/themes/theme1/bg.png", "profile_background_image_url_https": "https://abs.twimg.com/images/themes/theme1/bg.png", "profile_background_tile": false, "profile_image_url": "http://pbs.twimg.com/profile_images/1351245640446205958/1yknfvFe_normal.jpg", "profile_image_url_https": "https://pbs.twimg.com/profile_images/1351245640446205958/1yknfvFe_normal.jpg", "profile_banner_url": "https://pbs.twimg.com/profile_banners/1412238684/1618076517", "profile_link_color": "F5ABB5", "profile_sidebar_border_color": "000000", "profile_sidebar_fill_color": "000000", "profile_text_color": "000000", "profile_use_background_image": false, "has_extended_profile": true, "default_profile": false, "default_profile_image": false, "following": false, "follow_request_sent": false, "notifications": false, "translator_type": "none"}, "geo": null, "coordinates": null, "place": null, "contributors": null, "is_quote_status": false, "retweet_count": 2, "favorite_count": 3, "favorited": false, "retweeted": false, "possibly_sensitive": false, "lang": "en"}