{
    "created_at": "2020-02-02 09:57:05+00:00",
    "id": 1223908188027682822,
    "text": "@121SoWhat121 @WHO @WHOWPRO @WHOSEARO @WHO_Europe @pahowho @WHOEMRO @WHOAFRO They can find a lot of videos in the past and say that they are all happening in Wuhan now",
    "entities": {
        "mentions": [
            {
                "start": 14,
                "end": 18,
                "username": "WHO",
                "id": "14499829"
            },
            {
                "start": 19,
                "end": 27,
                "username": "WHOWPRO",
                "id": "3794682452"
            },
            {
                "start": 28,
                "end": 37,
                "username": "WHOSEARO",
                "id": "1545915336"
            },
            {
                "start": 38,
                "end": 49,
                "username": "WHO_Europe",
                "id": "125403342"
            },
            {
                "start": 50,
                "end": 58,
                "username": "pahowho",
                "id": "20629893"
            },
            {
                "start": 59,
                "end": 67,
                "username": "WHOEMRO",
                "id": "259372802"
            },
            {
                "start": 68,
                "end": 76,
                "username": "WHOAFRO",
                "id": "544389588"
            }
        ],
        "annotations": [
            {
                "start": 158,
                "end": 162,
                "probability": 0.6649,
                "type": "Place",
                "normalized_text": "Wuhan"
            }
        ]
    },
    "source": "Twitter for Android",
    "in_reply_to_user_id": 968898045562601472
}