{
    "id": "1223467271898615809",
    "entities": {
        "annotations": [
            {
                "start": 183,
                "end": 215,
                "probability": 0.5131,
                "type": "Other",
                "normalized_text": "Severe Acute Respiratory Syndrome"
            }
        ],
        "hashtags": [
            {
                "start": 3,
                "end": 15,
                "tag": "Coronavirus"
            },
            {
                "start": 225,
                "end": 239,
                "tag": "coronarovirus"
            },
            {
                "start": 240,
                "end": 257,
                "tag": "coronavirusindia"
            }
        ]
    },
    "created_at": "2020-02-01T04:45:03.000Z",
    "text": "1. #Coronavirus are a large family of viruses that are known to cause illness ranging from the common cold to more severe diseases such as Middle East Respiratory Syndrome (MERS) and Severe Acute Respiratory Syndrome (SARS).\n#coronarovirus #coronavirusindia",
    "source": "Twitter for Android"
}