{"created_at": "Fri Jan 31 17:21:18 +0000 2020", "id": 1223295203362119680, "id_str": "1223295203362119680", "text": "@WHO @WHOWPRO @WHOSEARO @WHO_Europe @pahowho @WHOEMRO @WHOAFRO Hello, can the people, who recovered this kind of pn\u2026 https://t.co/YIcNs6BspP", "truncated": true, "entities": {"hashtags": [], "symbols": [], "user_mentions": [{"screen_name": "WHO", "name": "World Health Organization (WHO)", "id": 14499829, "id_str": "14499829", "indices": [0, 4]}, {"screen_name": "WHOWPRO", "name": "World Health Organization (WHO) Western Pacific", "id": 3794682452, "id_str": "3794682452", "indices": [5, 13]}, {"screen_name": "WHOSEARO", "name": "WHO South-East Asia", "id": 1545915336, "id_str": "1545915336", "indices": [14, 23]}, {"screen_name": "WHO_Europe", "name": "WHO/Europe", "id": 125403342, "id_str": "125403342", "indices": [24, 35]}, {"screen_name": "pahowho", "name": "PAHO/WHO", "id": 20629893, "id_str": "20629893", "indices": [36, 44]}, {"screen_name": "WHOEMRO", "name": "WHO EMRO", "id": 259372802, "id_str": "259372802", "indices": [45, 53]}, {"screen_name": "WHOAFRO", "name": "WHO African Region", "id": 544389588, "id_str": "544389588", "indices": [54, 62]}], "urls": [{"url": "https://t.co/YIcNs6BspP", "expanded_url": "https://twitter.com/i/web/status/1223295203362119680", "display_url": "twitter.com/i/web/status/1\u2026", "indices": [117, 140]}]}, "source": "<a href=\"https://mobile.twitter.com\" rel=\"nofollow\">Twitter Web App</a>", "in_reply_to_status_id": 1223278788089470977, "in_reply_to_status_id_str": "1223278788089470977", "in_reply_to_user_id": 14499829, "in_reply_to_user_id_str": "14499829", "in_reply_to_screen_name": "WHO", "user": {"id": 298109395, "id_str": "298109395", "name": "\u0422\u0430\u043c\u0430\u0440 \u041a\u0438\u043a\u0430\u043b\u0435\u0438\u0448\u0432\u0438\u043b\u0438", "screen_name": "Yellow_Mini123", "location": "Georgia, Tbilisi", "description": "\ud83d\ude0a", "url": null, "entities": {"description": {"urls": []}}, "protected": false, "followers_count": 104, "friends_count": 680, "listed_count": 1, "created_at": "Fri May 13 18:17:03 +0000 2011", "favourites_count": 58, "utc_offset": null, "time_zone": null, "geo_enabled": false, "verified": false, "statuses_count": 29, "lang": null, "contributors_enabled": false, "is_translator": false, "is_translation_enabled": false, "profile_background_color": "000000", "profile_background_image_url": "http://abs.twimg.com/images/themes/theme1/bg.png", "profile_background_image_url_https": "https://abs.twimg.com/images/themes/theme1/bg.png", "profile_background_tile": false, "profile_image_url": "http://pbs.twimg.com/profile_images/992742769553739777/H9fM4CIF_normal.jpg", "profile_image_url_https": "https://pbs.twimg.com/profile_images/992742769553739777/H9fM4CIF_normal.jpg", "profile_link_color": "ABB8C2", "profile_sidebar_border_color": "000000", "profile_sidebar_fill_color": "000000", "profile_text_color": "000000", "profile_use_background_image": false, "has_extended_profile": true, "default_profile": false, "default_profile_image": false, "following": false, "follow_request_sent": false, "notifications": false, "translator_type": "none"}, "geo": null, "coordinates": null, "place": null, "contributors": null, "is_quote_status": false, "retweet_count": 0, "favorite_count": 3, "favorited": false, "retweeted": false, "lang": "en"}