{
    "entities": {
        "annotations": [
            {
                "start": 120,
                "end": 145,
                "probability": 0.7657,
                "type": "Person",
                "normalized_text": "Tedros Adhanom Ghebreyesus"
            }
        ],
        "urls": [
            {
                "start": 156,
                "end": 179,
                "url": "https://t.co/OdUPD7jBPL",
                "expanded_url": "https://www.change.org/p/united-nations-call-for-the-resignation-of-tedros-adhanom-ghebreyesus-who-director-general?signed=true",
                "display_url": "change.org/p/united-natio…"
            }
        ],
        "mentions": [
            {
                "start": 0,
                "end": 4,
                "username": "WHO",
                "id": "14499829"
            },
            {
                "start": 5,
                "end": 13,
                "username": "WHOWPRO",
                "id": "3794682452"
            },
            {
                "start": 14,
                "end": 23,
                "username": "WHOSEARO",
                "id": "1545915336"
            },
            {
                "start": 24,
                "end": 35,
                "username": "WHO_Europe",
                "id": "125403342"
            },
            {
                "start": 36,
                "end": 44,
                "username": "pahowho",
                "id": "20629893"
            },
            {
                "start": 45,
                "end": 53,
                "username": "WHOEMRO",
                "id": "259372802"
            },
            {
                "start": 54,
                "end": 62,
                "username": "WHOAFRO",
                "id": "544389588"
            }
        ]
    },
    "in_reply_to_user_id": "14499829",
    "created_at": "2020-02-01T10:19:39.000Z",
    "id": "1223551479878840320",
    "text": "@WHO @WHOWPRO @WHOSEARO @WHO_Europe @pahowho @WHOEMRO @WHOAFRO Please help sign up and show the world the corruption of Tedros Adhanom Ghebreyesus and WHO.\nhttps://t.co/OdUPD7jBPL",
    "source": "Twitter Web App"
}