{
    "created_at": "2020-02-01 13:17:07+00:00",
    "id": 1223596137279623170,
    "text": "@lancefaltinsky @ChikaFa92372049 @WHO @WHOWPRO @WHOSEARO @WHO_Europe @pahowho @WHOEMRO @WHOAFRO I wonder where the contagious bodily fluid from the infected person has to go for the healthy recipient to be at risk - does it have to be mucosa?",
    "entities": {
        "mentions": [
            {
                "start": 0,
                "end": 15,
                "username": "lancefaltinsky",
                "id": "3476485701"
            },
            {
                "start": 33,
                "end": 37,
                "username": "WHO",
                "id": "14499829"
            },
            {
                "start": 38,
                "end": 46,
                "username": "WHOWPRO",
                "id": "3794682452"
            },
            {
                "start": 47,
                "end": 56,
                "username": "WHOSEARO",
                "id": "1545915336"
            },
            {
                "start": 57,
                "end": 68,
                "username": "WHO_Europe",
                "id": "125403342"
            },
            {
                "start": 69,
                "end": 77,
                "username": "pahowho",
                "id": "20629893"
            },
            {
                "start": 78,
                "end": 86,
                "username": "WHOEMRO",
                "id": "259372802"
            },
            {
                "start": 87,
                "end": 95,
                "username": "WHOAFRO",
                "id": "544389588"
            }
        ]
    },
    "source": "Twitter Web App",
    "in_reply_to_user_id": 3476485701
}