{
    "created_at": "2020-02-01 13:18:55+00:00",
    "id": 1223596591438868480,
    "text": "@Elisa62965445 @kool_duderex @WHO @WHOWPRO @WHOSEARO @WHO_Europe @pahowho @WHOEMRO @WHOAFRO how do you know? I had that thought because of the handshake transmission but haven't seen any confirmation anywhere yet",
    "entities": {
        "mentions": [
            {
                "start": 15,
                "end": 28,
                "username": "kool_duderex",
                "id": "41317155"
            },
            {
                "start": 29,
                "end": 33,
                "username": "WHO",
                "id": "14499829"
            },
            {
                "start": 34,
                "end": 42,
                "username": "WHOWPRO",
                "id": "3794682452"
            },
            {
                "start": 43,
                "end": 52,
                "username": "WHOSEARO",
                "id": "1545915336"
            },
            {
                "start": 53,
                "end": 64,
                "username": "WHO_Europe",
                "id": "125403342"
            },
            {
                "start": 65,
                "end": 73,
                "username": "pahowho",
                "id": "20629893"
            },
            {
                "start": 74,
                "end": 82,
                "username": "WHOEMRO",
                "id": "259372802"
            },
            {
                "start": 83,
                "end": 91,
                "username": "WHOAFRO",
                "id": "544389588"
            }
        ]
    },
    "source": "Twitter Web App",
    "in_reply_to_user_id": 1154383098978680832
}