{"created_at": "Fri Jan 31 16:18:08 +0000 2020", "id": 1223279304978489344, "id_str": "1223279304978489344", "text": "@WHO @WHOWPRO @WHOSEARO @WHO_Europe @pahowho @WHOEMRO @WHOAFRO Does the Corona Virus cause pneumonia? #AskWHO", "truncated": false, "entities": {"hashtags": [{"text": "AskWHO", "indices": [102, 109]}], "symbols": [], "user_mentions": [{"screen_name": "WHO", "name": "World Health Organization (WHO)", "id": 14499829, "id_str": "14499829", "indices": [0, 4]}, {"screen_name": "WHOWPRO", "name": "World Health Organization (WHO) Western Pacific", "id": 3794682452, "id_str": "3794682452", "indices": [5, 13]}, {"screen_name": "WHOSEARO", "name": "WHO South-East Asia", "id": 1545915336, "id_str": "1545915336", "indices": [14, 23]}, {"screen_name": "WHO_Europe", "name": "WHO/Europe", "id": 125403342, "id_str": "125403342", "indices": [24, 35]}, {"screen_name": "pahowho", "name": "PAHO/WHO", "id": 20629893, "id_str": "20629893", "indices": [36, 44]}, {"screen_name": "WHOEMRO", "name": "WHO EMRO", "id": 259372802, "id_str": "259372802", "indices": [45, 53]}, {"screen_name": "WHOAFRO", "name": "WHO African Region", "id": 544389588, "id_str": "544389588", "indices": [54, 62]}], "urls": []}, "source": "<a href=\"https://mobile.twitter.com\" rel=\"nofollow\">Twitter Web App</a>", "in_reply_to_status_id": 1223278788089470977, "in_reply_to_status_id_str": "1223278788089470977", "in_reply_to_user_id": 14499829, "in_reply_to_user_id_str": "14499829", "in_reply_to_screen_name": "WHO", "user": {"id": 1208880375570632704, "id_str": "1208880375570632704", "name": "President Elect Hypatia Emend Empress", "screen_name": "HypatiaEmend", "location": "Mouseion", "description": "Liberty lover, does \ud83d\udcbb stuff for $, likes gardening, fairweather glamping, dislikes most people, Trunalimunumaprzure historian. \ud83c\uddfa\ud83c\uddf8\ud83e\udd85", "url": null, "entities": {"description": {"urls": []}}, "protected": false, "followers_count": 346, "friends_count": 652, "listed_count": 2, "created_at": "Sun Dec 22 22:42:18 +0000 2019", "favourites_count": 2624, "utc_offset": null, "time_zone": null, "geo_enabled": false, "verified": false, "statuses_count": 9845, "lang": null, "contributors_enabled": false, "is_translator": false, "is_translation_enabled": false, "profile_background_color": "F5F8FA", "profile_background_image_url": null, "profile_background_image_url_https": null, "profile_background_tile": false, "profile_image_url": "http://pbs.twimg.com/profile_images/1324966801374019584/42X01HXW_normal.jpg", "profile_image_url_https": "https://pbs.twimg.com/profile_images/1324966801374019584/42X01HXW_normal.jpg", "profile_banner_url": "https://pbs.twimg.com/profile_banners/1208880375570632704/1603777634", "profile_link_color": "1DA1F2", "profile_sidebar_border_color": "C0DEED", "profile_sidebar_fill_color": "DDEEF6", "profile_text_color": "333333", "profile_use_background_image": true, "has_extended_profile": false, "default_profile": true, "default_profile_image": false, "following": false, "follow_request_sent": false, "notifications": false, "translator_type": "none"}, "geo": null, "coordinates": null, "place": null, "contributors": null, "is_quote_status": false, "retweet_count": 0, "favorite_count": 2, "favorited": false, "retweeted": false, "lang": "en"}