{
    "entities": {
        "mentions": [
            {
                "start": 0,
                "end": 4,
                "username": "WHO",
                "id": "14499829"
            },
            {
                "start": 5,
                "end": 13,
                "username": "WHOWPRO",
                "id": "3794682452"
            },
            {
                "start": 14,
                "end": 23,
                "username": "WHOSEARO",
                "id": "1545915336"
            },
            {
                "start": 24,
                "end": 35,
                "username": "WHO_Europe",
                "id": "125403342"
            },
            {
                "start": 36,
                "end": 44,
                "username": "pahowho",
                "id": "20629893"
            },
            {
                "start": 45,
                "end": 53,
                "username": "WHOEMRO",
                "id": "259372802"
            },
            {
                "start": 54,
                "end": 62,
                "username": "WHOAFRO",
                "id": "544389588"
            },
            {
                "start": 311,
                "end": 315,
                "username": "WHO",
                "id": "14499829"
            }
        ]
    },
    "in_reply_to_user_id": "14499829",
    "created_at": "2020-02-01T09:21:50.000Z",
    "id": "1223536926201991169",
    "text": "@WHO @WHOWPRO @WHOSEARO @WHO_Europe @pahowho @WHOEMRO @WHOAFRO Instead of defending economic interest in general, in particular of big pharma and university baronism : No break on research and cheap new medicines for all. Malaria Dengue Lyme toxo HIV , 8000 RD many more plages on humanity in 2020 unresolved . @WHO resolve your core mission !",
    "source": "Twitter Web App"
}