{
    "entities": {
        "hashtags": [
            {
                "start": 85,
                "end": 92,
                "tag": "Taiwan"
            },
            {
                "start": 100,
                "end": 104,
                "tag": "WHO"
            }
        ],
        "annotations": [
            {
                "start": 138,
                "end": 142,
                "probability": 0.9925,
                "type": "Place",
                "normalized_text": "China"
            }
        ],
        "mentions": [
            {
                "start": 0,
                "end": 4,
                "username": "WHO",
                "id": "14499829"
            },
            {
                "start": 5,
                "end": 13,
                "username": "WHOWPRO",
                "id": "3794682452"
            },
            {
                "start": 14,
                "end": 23,
                "username": "WHOSEARO",
                "id": "1545915336"
            },
            {
                "start": 24,
                "end": 35,
                "username": "WHO_Europe",
                "id": "125403342"
            },
            {
                "start": 36,
                "end": 44,
                "username": "pahowho",
                "id": "20629893"
            },
            {
                "start": 45,
                "end": 53,
                "username": "WHOEMRO",
                "id": "259372802"
            },
            {
                "start": 54,
                "end": 62,
                "username": "WHOAFRO",
                "id": "544389588"
            }
        ]
    },
    "in_reply_to_user_id": "14499829",
    "created_at": "2020-02-01T18:48:45.000Z",
    "id": "1223679597184606209",
    "text": "@WHO @WHOWPRO @WHOSEARO @WHO_Europe @pahowho @WHOEMRO @WHOAFRO Is it safe to include #Taiwan in the #WHO? Yes, it is safe. You’re just in China’s pocket.",
    "source": "Twitter for iPhone"
}