{
    "created_at": "2020-02-02 08:16:20+00:00",
    "id": 1223882833304809473,
    "text": "@WHO @WHOWPRO @WHOSEARO @WHO_Europe @pahowho @WHOEMRO @WHOAFRO How did Beijing manipulated WHO: https://t.co/KzGQrUUOGk",
    "entities": {
        "annotations": [
            {
                "start": 71,
                "end": 77,
                "probability": 0.944,
                "type": "Place",
                "normalized_text": "Beijing"
            }
        ],
        "mentions": [
            {
                "start": 0,
                "end": 4,
                "username": "WHO",
                "id": "14499829"
            },
            {
                "start": 5,
                "end": 13,
                "username": "WHOWPRO",
                "id": "3794682452"
            },
            {
                "start": 14,
                "end": 23,
                "username": "WHOSEARO",
                "id": "1545915336"
            },
            {
                "start": 24,
                "end": 35,
                "username": "WHO_Europe",
                "id": "125403342"
            },
            {
                "start": 36,
                "end": 44,
                "username": "pahowho",
                "id": "20629893"
            },
            {
                "start": 45,
                "end": 53,
                "username": "WHOEMRO",
                "id": "259372802"
            },
            {
                "start": 54,
                "end": 62,
                "username": "WHOAFRO",
                "id": "544389588"
            }
        ],
        "urls": [
            {
                "start": 96,
                "end": 119,
                "url": "https://t.co/KzGQrUUOGk",
                "expanded_url": "https://bit.ly/31o4upt",
                "display_url": "bit.ly/31o4upt",
                "status": 200,
                "unwound_url": "https://www.rfi.fr/tw/%e4%b8%ad%e5%9c%8b/20200201-%e6%ad%a6%e6%bc%a2%e7%96%ab%e6%83%85%e7%b7%8a%e6%80%a5-%e4%b8%96%e8%a1%9b%e7%b5%84%e7%b9%94%e7%82%ba%e4%bb%80%e9%ba%bc%e9%81%b2%e9%81%b2%e4%bd%9c%e5%87%ba%e6%b1%ba%e5%ae%9a"
            }
        ]
    },
    "source": "Twitter for iPhone",
    "in_reply_to_user_id": 14499829
}