{
    "entities": {
        "annotations": [
            {
                "start": 52,
                "end": 56,
                "probability": 0.9818,
                "type": "Place",
                "normalized_text": "China"
            }
        ],
        "urls": [
            {
                "start": 74,
                "end": 97,
                "url": "https://t.co/lsfE8b0ZXr",
                "expanded_url": "https://twitter.com/AnamSattarRaja1/status/1223859652854718466/photo/1",
                "display_url": "pic.twitter.com/lsfE8b0ZXr"
            }
        ],
        "hashtags": [
            {
                "start": 59,
                "end": 73,
                "tag": "coronarovirus"
            }
        ]
    },
    "created_at": "2020-02-02T06:44:14.000Z",
    "source": "Twitter for Android",
    "text": "Q: Is it safe to receive a letter or a package from China? #coronarovirus https://t.co/lsfE8b0ZXr",
    "id": "1223859652854718466"
}