{"created_at": "Sat Feb 01 13:59:46 +0000 2020", "id": 1223606870742642689, "id_str": "1223606870742642689", "text": "@ImtiazButt79 @AhmadJawadBTH @NabTheDentist Hollywood movie contagion released in 2014 on Corona virus and Simson c\u2026 https://t.co/D8aZe09dLY", "truncated": true, "entities": {"hashtags": [], "symbols": [], "user_mentions": [{"screen_name": "ImtiazButt79", "name": "Imtiaz Butt(Limited Edition)\ud83c\uddf5\ud83c\uddf0 \u2665", "id": 1412238684, "id_str": "1412238684", "indices": [0, 13]}, {"screen_name": "AhmadJawadBTH", "name": "Ahmad Jawad PTI", "id": 526250135, "id_str": "526250135", "indices": [14, 28]}, {"screen_name": "NabTheDentist", "name": "Nab The Dentist", "id": 1133587532610981888, "id_str": "1133587532610981888", "indices": [29, 43]}], "urls": [{"url": "https://t.co/D8aZe09dLY", "expanded_url": "https://twitter.com/i/web/status/1223606870742642689", "display_url": "twitter.com/i/web/status/1\u2026", "indices": [117, 140]}]}, "source": "<a href=\"http://twitter.com/download/android\" rel=\"nofollow\">Twitter for Android</a>", "in_reply_to_status_id": 1223521041793847297, "in_reply_to_status_id_str": "1223521041793847297", "in_reply_to_user_id": 1412238684, "in_reply_to_user_id_str": "1412238684", "in_reply_to_screen_name": "ImtiazButt79", "user": {"id": 788876344524431360, "id_str": "788876344524431360", "name": "Lucky Bukhari", "screen_name": "lucky_bukhari", "location": "Singapore", "description": "\u200f\u200e\u0644\u0648\u06af \u06a9\u06c1\u062a\u06d2 \u0644\u0641\u0638\u0648\u06ba \u0633\u06d2 \u06a9\u06cc\u0627 \u06c1\u0648\u062a\u0627 \u06c1\u06d2\n\u062d\u0627\u0644\u0627\u0646\u06a9\u06c1 \u0644\u0641\u0638 \u06c1\u06cc \u0642\u0627\u0626\u0644 \u06a9\u0631\u062a\u06d2 \n\u0644\u0641\u0638 \u06c1\u06cc \u0645\u0627\u0626\u0644 \u06a9\u0631\u062a\u06d2 \u06c1\u06cc\u06ba\n\u0627\u0648\u0631 \u0644\u0641\u0638 \u06c1\u06cc \u06af\u06be\u0627\u0626\u0644 \u06a9\u0631\u062a\u06d2 \u06c1\u06cc\u06ba\u200e", "url": null, "entities": {"description": {"urls": []}}, "protected": false, "followers_count": 518, "friends_count": 506, "listed_count": 2, "created_at": "Wed Oct 19 22:55:51 +0000 2016", "favourites_count": 20972, "utc_offset": null, "time_zone": null, "geo_enabled": true, "verified": false, "statuses_count": 11911, "lang": null, "contributors_enabled": false, "is_translator": false, "is_translation_enabled": false, "profile_background_color": "F5F8FA", "profile_background_image_url": null, "profile_background_image_url_https": null, "profile_background_tile": false, "profile_image_url": "http://pbs.twimg.com/profile_images/1380835342283051009/9jb7xMRA_normal.jpg", "profile_image_url_https": "https://pbs.twimg.com/profile_images/1380835342283051009/9jb7xMRA_normal.jpg", "profile_banner_url": "https://pbs.twimg.com/profile_banners/788876344524431360/1618039235", "profile_link_color": "1DA1F2", "profile_sidebar_border_color": "C0DEED", "profile_sidebar_fill_color": "DDEEF6", "profile_text_color": "333333", "profile_use_background_image": true, "has_extended_profile": true, "default_profile": true, "default_profile_image": false, "following": false, "follow_request_sent": false, "notifications": false, "translator_type": "none"}, "geo": null, "coordinates": null, "place": {"id": "00cc0d5640394308", "url": "https://api.twitter.com/1.1/geo/id/00cc0d5640394308.json", "place_type": "admin", "name": "Punjab", "full_name": "Punjab, Pakistan", "country_code": "PK", "country": "Pakistan", "contained_within": [], "bounding_box": {"type": "Polygon", "coordinates": [[[69.328873, 27.708226], [75.382124, 27.708226], [75.382124, 34.019989], [69.328873, 34.019989]]]}, "attributes": {}}, "contributors": null, "is_quote_status": false, "retweet_count": 0, "favorite_count": 1, "favorited": false, "retweeted": false, "lang": "en"}