{
    "created_at": "2020-02-02 01:39:25+00:00",
    "id": 1223782944658997248,
    "text": "@WHO @WHOWPRO @WHOSEARO @WHO_Europe @pahowho @WHOEMRO @WHOAFRO WHO should concern Tibet and Mongolia also as China shared that there is no case of corona virus in Tibet and Mongolia but it is not true... they haven\u2019t shut down airline from China to Tibet and Mongolia..\ud83d\ude4f\ud83d\ude4f\ud83d\ude4f\ud83d\ude4f\ud83d\ude4f",
    "entities": {
        "mentions": [
            {
                "start": 0,
                "end": 4,
                "username": "WHO",
                "id": "14499829"
            },
            {
                "start": 5,
                "end": 13,
                "username": "WHOWPRO",
                "id": "3794682452"
            },
            {
                "start": 14,
                "end": 23,
                "username": "WHOSEARO",
                "id": "1545915336"
            },
            {
                "start": 24,
                "end": 35,
                "username": "WHO_Europe",
                "id": "125403342"
            },
            {
                "start": 36,
                "end": 44,
                "username": "pahowho",
                "id": "20629893"
            },
            {
                "start": 45,
                "end": 53,
                "username": "WHOEMRO",
                "id": "259372802"
            },
            {
                "start": 54,
                "end": 62,
                "username": "WHOAFRO",
                "id": "544389588"
            }
        ],
        "annotations": [
            {
                "start": 82,
                "end": 86,
                "probability": 0.753,
                "type": "Place",
                "normalized_text": "Tibet"
            },
            {
                "start": 92,
                "end": 99,
                "probability": 0.9843,
                "type": "Place",
                "normalized_text": "Mongolia"
            },
            {
                "start": 109,
                "end": 113,
                "probability": 0.9769,
                "type": "Place",
                "normalized_text": "China"
            },
            {
                "start": 163,
                "end": 167,
                "probability": 0.987,
                "type": "Place",
                "normalized_text": "Tibet"
            },
            {
                "start": 173,
                "end": 180,
                "probability": 0.9931,
                "type": "Place",
                "normalized_text": "Mongolia"
            },
            {
                "start": 240,
                "end": 244,
                "probability": 0.9986,
                "type": "Place",
                "normalized_text": "China"
            },
            {
                "start": 249,
                "end": 253,
                "probability": 0.9744,
                "type": "Place",
                "normalized_text": "Tibet"
            },
            {
                "start": 259,
                "end": 266,
                "probability": 0.9972,
                "type": "Place",
                "normalized_text": "Mongolia"
            }
        ]
    },
    "source": "Twitter for iPhone",
    "in_reply_to_user_id": 14499829
}