{
    "entities": {
        "urls": [
            {
                "start": 114,
                "end": 137,
                "url": "https://t.co/ZrwScKQOsy",
                "expanded_url": "https://twitter.com/jz343/status/1223647836212006912/photo/1",
                "display_url": "pic.twitter.com/ZrwScKQOsy"
            }
        ],
        "mentions": [
            {
                "start": 0,
                "end": 4,
                "username": "WHO",
                "id": "14499829"
            },
            {
                "start": 5,
                "end": 19,
                "username": "AliExpress_EN",
                "id": "745918133148524544"
            },
            {
                "start": 20,
                "end": 28,
                "username": "WHOWPRO",
                "id": "3794682452"
            },
            {
                "start": 29,
                "end": 38,
                "username": "WHOSEARO",
                "id": "1545915336"
            },
            {
                "start": 39,
                "end": 50,
                "username": "WHO_Europe",
                "id": "125403342"
            },
            {
                "start": 51,
                "end": 59,
                "username": "pahowho",
                "id": "20629893"
            },
            {
                "start": 60,
                "end": 68,
                "username": "WHOEMRO",
                "id": "259372802"
            },
            {
                "start": 69,
                "end": 77,
                "username": "WHOAFRO",
                "id": "544389588"
            }
        ]
    },
    "in_reply_to_user_id": "14499829",
    "created_at": "2020-02-01T16:42:33.000Z",
    "id": "1223647836212006912",
    "text": "@WHO @AliExpress_EN @WHOWPRO @WHOSEARO @WHO_Europe @pahowho @WHOEMRO @WHOAFRO Please open the picture and clarify https://t.co/ZrwScKQOsy",
    "source": "Twitter for Android"
}