{"created_at": "Sat Feb 01 12:35:39 +0000 2020", "id": 1223585704090963974, "id_str": "1223585704090963974", "text": "Q: Are there any specific medicines to prevent or treat the new #coronavirus (2019-nCoV)?\n\nA: To date, there is no\u2026 https://t.co/dZd9tdSNiT", "truncated": true, "entities": {"hashtags": [{"text": "coronavirus", "indices": [64, 76]}], "symbols": [], "user_mentions": [], "urls": [{"url": "https://t.co/dZd9tdSNiT", "expanded_url": "https://twitter.com/i/web/status/1223585704090963974", "display_url": "twitter.com/i/web/status/1\u2026", "indices": [116, 139]}]}, "source": "<a href=\"http://twitter.com/download/iphone\" rel=\"nofollow\">Twitter for iPhone</a>", "in_reply_to_status_id": 1223585697778556928, "in_reply_to_status_id_str": "1223585697778556928", "in_reply_to_user_id": 327667034, "in_reply_to_user_id_str": "327667034", "in_reply_to_screen_name": "CaribCardiac", "user": {"id": 327667034, "id_str": "327667034", "name": "Caribbean Cardiac Society", "screen_name": "CaribCardiac", "location": "The Caribbean", "description": "The Professional and Academic Home of Caribbean Cardiac Medicine and Science.", "url": "https://t.co/5QhURAh4Xm", "entities": {"url": {"urls": [{"url": "https://t.co/5QhURAh4Xm", "expanded_url": "http://www.caribbeancardiac.org", "display_url": "caribbeancardiac.org", "indices": [0, 23]}]}, "description": {"urls": []}}, "protected": false, "followers_count": 462, "friends_count": 276, "listed_count": 17, "created_at": "Fri Jul 01 23:14:47 +0000 2011", "favourites_count": 211, "utc_offset": null, "time_zone": null, "geo_enabled": false, "verified": false, "statuses_count": 2774, "lang": null, "contributors_enabled": false, "is_translator": false, "is_translation_enabled": false, "profile_background_color": "000000", "profile_background_image_url": "http://abs.twimg.com/images/themes/theme1/bg.png", "profile_background_image_url_https": "https://abs.twimg.com/images/themes/theme1/bg.png", "profile_background_tile": false, "profile_image_url": "http://pbs.twimg.com/profile_images/1422572715/Caribbean_Cardiac_Society_normal.png", "profile_image_url_https": "https://pbs.twimg.com/profile_images/1422572715/Caribbean_Cardiac_Society_normal.png", "profile_banner_url": "https://pbs.twimg.com/profile_banners/327667034/1500464018", "profile_link_color": "E81C4F", "profile_sidebar_border_color": "000000", "profile_sidebar_fill_color": "000000", "profile_text_color": "000000", "profile_use_background_image": false, "has_extended_profile": false, "default_profile": false, "default_profile_image": false, "following": false, "follow_request_sent": false, "notifications": false, "translator_type": "none"}, "geo": null, "coordinates": null, "place": null, "contributors": null, "is_quote_status": false, "retweet_count": 0, "favorite_count": 0, "favorited": false, "retweeted": false, "possibly_sensitive": false, "lang": "en"}