{
    "created_at": "2020-01-31 16:24:33+00:00",
    "id": 1223280918288388096,
    "text": "@WHO @WHOWPRO @WHOSEARO @WHO_Europe @pahowho @WHOEMRO @WHOAFRO \u0907\u0938 \u0924\u0930\u0939 \u0938\u0947 \u0932\u094b\u0917\u094b\u0902 \u092e\u0947\u0902 \u091c\u093e\u0917\u0930\u0942\u0915\u0924\u093e \u0905\u092d\u093f\u092f\u093e\u0928 \u091a\u0932\u093e\u092f\u093e \u091c\u093e\u0928\u093e \u091a\u093e\u0939\u093f\u090f (worldwide) \u0924\u093e\u0915\u093f \u0932\u093e\u0907\u0932\u093e\u091c\u093c \u092c\u0940\u092e\u093e\u0930\u093f\u092f\u094b\u0902 \u0938\u0947 \u092c\u091a\u093e\u0935 \u0915\u093f\u092f\u093e \u091c\u093e \u0938\u0915\u0947\u0902\u0964",
    "entities": {
        "mentions": [
            {
                "start": 0,
                "end": 4,
                "username": "WHO",
                "id": "14499829"
            },
            {
                "start": 5,
                "end": 13,
                "username": "WHOWPRO",
                "id": "3794682452"
            },
            {
                "start": 14,
                "end": 23,
                "username": "WHOSEARO",
                "id": "1545915336"
            },
            {
                "start": 24,
                "end": 35,
                "username": "WHO_Europe",
                "id": "125403342"
            },
            {
                "start": 36,
                "end": 44,
                "username": "pahowho",
                "id": "20629893"
            },
            {
                "start": 45,
                "end": 53,
                "username": "WHOEMRO",
                "id": "259372802"
            },
            {
                "start": 54,
                "end": 62,
                "username": "WHOAFRO",
                "id": "544389588"
            }
        ]
    },
    "source": "Twitter for Android",
    "in_reply_to_user_id": 14499829
}