{
    "created_at": "2020-02-02 05:55:55+00:00",
    "id": 1223847497262518279,
    "text": "@WHO @WHOWPRO @WHOSEARO @WHO_Europe @pahowho @WHOEMRO @WHOAFRO Eating meat is sinful. GOD ordered to living beings to vegetarians - Saint Rampal ji Maharaj\n\u0aae\u0abe\u0a82\u0ab8 \u0a96\u0abe\u0ab5\u0ac1\u0a82 \u0aaa\u0abe\u0aaa \u0a9b\u0ac7. \u0a9c\u0ac7\u0aa8\u0ac0 \u0aaa\u0acd\u0ab0\u0aad\u0ac1 \u0ab8\u0a9c\u0abe \u0a86\u0aaa\u0ac7 \u0a9b\u0ac7 \u0a9c\u0ac7 \u0a95\u0acb\u0ab0\u0acb\u0aa8\u0abe \u0ab5\u0abe\u0a87\u0ab0\u0ab8 \u0aa8\u0abe \u0ab0\u0ac1\u0aaa\u0ac7 \u0a9b\u0ac7.\n#NoMeat_NoCoronaVirus https://t.co/FYthE8jruU",
    "entities": {
        "hashtags": [
            {
                "start": 225,
                "end": 246,
                "tag": "NoMeat_NoCoronaVirus"
            }
        ],
        "mentions": [
            {
                "start": 0,
                "end": 4,
                "username": "WHO",
                "id": "14499829"
            },
            {
                "start": 5,
                "end": 13,
                "username": "WHOWPRO",
                "id": "3794682452"
            },
            {
                "start": 14,
                "end": 23,
                "username": "WHOSEARO",
                "id": "1545915336"
            },
            {
                "start": 24,
                "end": 35,
                "username": "WHO_Europe",
                "id": "125403342"
            },
            {
                "start": 36,
                "end": 44,
                "username": "pahowho",
                "id": "20629893"
            },
            {
                "start": 45,
                "end": 53,
                "username": "WHOEMRO",
                "id": "259372802"
            },
            {
                "start": 54,
                "end": 62,
                "username": "WHOAFRO",
                "id": "544389588"
            }
        ],
        "urls": [
            {
                "start": 247,
                "end": 270,
                "url": "https://t.co/FYthE8jruU",
                "expanded_url": "https://twitter.com/VisariaK/status/1223847497262518279/photo/1",
                "display_url": "pic.twitter.com/FYthE8jruU"
            },
            {
                "start": 247,
                "end": 270,
                "url": "https://t.co/FYthE8jruU",
                "expanded_url": "https://twitter.com/VisariaK/status/1223847497262518279/photo/1",
                "display_url": "pic.twitter.com/FYthE8jruU"
            }
        ]
    },
    "source": "Twitter for Android",
    "in_reply_to_user_id": 14499829
}