{"created_at": "Sun Feb 02 08:44:23 +0000 2020", "id": 1223889891009929216, "id_str": "1223889891009929216", "text": "US GDP growth is set to take a hit this year. It is anticipated that a 0.4 percentage point drag on US annualised g\u2026 https://t.co/LvLVR5bh1w", "truncated": true, "entities": {"hashtags": [], "symbols": [], "user_mentions": [], "urls": [{"url": "https://t.co/LvLVR5bh1w", "expanded_url": "https://twitter.com/i/web/status/1223889891009929216", "display_url": "twitter.com/i/web/status/1\u2026", "indices": [117, 140]}]}, "source": "<a href=\"http://twitter.com/download/iphone\" rel=\"nofollow\">Twitter for iPhone</a>", "in_reply_to_status_id": 1223889112375099392, "in_reply_to_status_id_str": "1223889112375099392", "in_reply_to_user_id": 326631858, "in_reply_to_user_id_str": "326631858", "in_reply_to_screen_name": "OzgurTufekci", "user": {"id": 326631858, "id_str": "326631858", "name": "Ozgur Tufekci", "screen_name": "OzgurTufekci", "location": "London/UK", "description": "Assoc. Prof. of IR | Founder @cesran #81 think-tank | @sheffielduni & @covcampus Alumni | editor @therestjournal & @PR_Magazine & @NovusOrbis_ | Convenor @IEPAS", "url": "https://t.co/MrnONvyQ4E", "entities": {"url": {"urls": [{"url": "https://t.co/MrnONvyQ4E", "expanded_url": "http://ozgurtufekci.com/", "display_url": "ozgurtufekci.com", "indices": [0, 23]}]}, "description": {"urls": []}}, "protected": false, "followers_count": 2069, "friends_count": 688, "listed_count": 74, "created_at": "Thu Jun 30 06:58:06 +0000 2011", "favourites_count": 3738, "utc_offset": null, "time_zone": null, "geo_enabled": false, "verified": false, "statuses_count": 11900, "lang": null, "contributors_enabled": false, "is_translator": false, "is_translation_enabled": false, "profile_background_color": "383738", "profile_background_image_url": "http://abs.twimg.com/images/themes/theme1/bg.png", "profile_background_image_url_https": "https://abs.twimg.com/images/themes/theme1/bg.png", "profile_background_tile": true, "profile_image_url": "http://pbs.twimg.com/profile_images/1026550397593374720/R_5_u4p-_normal.jpg", "profile_image_url_https": "https://pbs.twimg.com/profile_images/1026550397593374720/R_5_u4p-_normal.jpg", "profile_banner_url": "https://pbs.twimg.com/profile_banners/326631858/1545202124", "profile_link_color": "AD0303", "profile_sidebar_border_color": "FFFFFF", "profile_sidebar_fill_color": "B9C2B8", "profile_text_color": "000000", "profile_use_background_image": true, "has_extended_profile": false, "default_profile": false, "default_profile_image": false, "following": false, "follow_request_sent": false, "notifications": false, "translator_type": "none"}, "geo": null, "coordinates": null, "place": null, "contributors": null, "is_quote_status": false, "retweet_count": 0, "favorite_count": 1, "favorited": false, "retweeted": false, "lang": "en"}