{
    "entities": {
        "annotations": [
            {
                "start": 69,
                "end": 93,
                "probability": 0.5004,
                "type": "Organization",
                "normalized_text": "Wuhan Health Organization"
            }
        ],
        "urls": [
            {
                "start": 95,
                "end": 118,
                "url": "https://t.co/a03EA4VIiu",
                "expanded_url": "https://twitter.com/babayaga2_0/status/1223554153546317824/photo/1",
                "display_url": "pic.twitter.com/a03EA4VIiu"
            }
        ],
        "mentions": [
            {
                "start": 0,
                "end": 4,
                "username": "WHO",
                "id": "14499829"
            },
            {
                "start": 5,
                "end": 13,
                "username": "WHOWPRO",
                "id": "3794682452"
            },
            {
                "start": 14,
                "end": 23,
                "username": "WHOSEARO",
                "id": "1545915336"
            },
            {
                "start": 24,
                "end": 35,
                "username": "WHO_Europe",
                "id": "125403342"
            },
            {
                "start": 36,
                "end": 44,
                "username": "pahowho",
                "id": "20629893"
            },
            {
                "start": 45,
                "end": 53,
                "username": "WHOEMRO",
                "id": "259372802"
            },
            {
                "start": 54,
                "end": 62,
                "username": "WHOAFRO",
                "id": "544389588"
            }
        ]
    },
    "in_reply_to_user_id": "14499829",
    "created_at": "2020-02-01T10:30:17.000Z",
    "id": "1223554153546317824",
    "text": "@WHO @WHOWPRO @WHOSEARO @WHO_Europe @pahowho @WHOEMRO @WHOAFRO WHO = Wuhan Health Organization https://t.co/a03EA4VIiu",
    "source": "Twitter for iPhone"
}