{
    "created_at": "2020-02-01 18:28:06+00:00",
    "id": 1223674401222221826,
    "text": "@AslamKasimov @WHO @WHOWPRO @WHOSEARO @WHO_Europe @pahowho @WHOEMRO @WHOAFRO i signed and donated\n@DrTedros does not give a crap about the 8 billion people on the planet",
    "entities": {
        "mentions": [
            {
                "start": 0,
                "end": 13,
                "username": "AslamKasimov",
                "id": "1417433537385582623"
            },
            {
                "start": 14,
                "end": 18,
                "username": "WHO",
                "id": "14499829"
            },
            {
                "start": 19,
                "end": 27,
                "username": "WHOWPRO",
                "id": "3794682452"
            },
            {
                "start": 28,
                "end": 37,
                "username": "WHOSEARO",
                "id": "1545915336"
            },
            {
                "start": 38,
                "end": 49,
                "username": "WHO_Europe",
                "id": "125403342"
            },
            {
                "start": 50,
                "end": 58,
                "username": "pahowho",
                "id": "20629893"
            },
            {
                "start": 59,
                "end": 67,
                "username": "WHOEMRO",
                "id": "259372802"
            },
            {
                "start": 68,
                "end": 76,
                "username": "WHOAFRO",
                "id": "544389588"
            },
            {
                "start": 98,
                "end": 107,
                "username": "DrTedros",
                "id": "189868631"
            }
        ]
    },
    "source": "Twitter Web App",
    "in_reply_to_user_id": 873799242942369792
}