{"created_at": "Sun Feb 02 15:40:16 +0000 2020", "id": 1223994551460753408, "id_str": "1223994551460753408", "text": "@WHO @WHOWPRO @WHOSEARO @WHO_Europe @pahowho @WHOEMRO @WHOAFRO Discrimination and prejudice against all Asians is g\u2026 https://t.co/oHUqsIagwN", "truncated": true, "entities": {"hashtags": [], "symbols": [], "user_mentions": [{"screen_name": "WHO", "name": "World Health Organization (WHO)", "id": 14499829, "id_str": "14499829", "indices": [0, 4]}, {"screen_name": "WHOWPRO", "name": "World Health Organization (WHO) Western Pacific", "id": 3794682452, "id_str": "3794682452", "indices": [5, 13]}, {"screen_name": "WHOSEARO", "name": "WHO South-East Asia", "id": 1545915336, "id_str": "1545915336", "indices": [14, 23]}, {"screen_name": "WHO_Europe", "name": "WHO/Europe", "id": 125403342, "id_str": "125403342", "indices": [24, 35]}, {"screen_name": "pahowho", "name": "PAHO/WHO", "id": 20629893, "id_str": "20629893", "indices": [36, 44]}, {"screen_name": "WHOEMRO", "name": "WHO EMRO", "id": 259372802, "id_str": "259372802", "indices": [45, 53]}, {"screen_name": "WHOAFRO", "name": "WHO African Region", "id": 544389588, "id_str": "544389588", "indices": [54, 62]}], "urls": [{"url": "https://t.co/oHUqsIagwN", "expanded_url": "https://twitter.com/i/web/status/1223994551460753408", "display_url": "twitter.com/i/web/status/1\u2026", "indices": [117, 140]}]}, "source": "<a href=\"http://twitter.com/download/android\" rel=\"nofollow\">Twitter for Android</a>", "in_reply_to_status_id": 1223993219022753793, "in_reply_to_status_id_str": "1223993219022753793", "in_reply_to_user_id": 14499829, "in_reply_to_user_id_str": "14499829", "in_reply_to_screen_name": "WHO", "user": {"id": 97658559, "id_str": "97658559", "name": "toki", "screen_name": "iydk1205", "location": "JPN", "description": "\u969c\u5bb3\u3067\u901a\u9662\u4e2d", "url": null, "entities": {"description": {"urls": []}}, "protected": false, "followers_count": 506, "friends_count": 755, "listed_count": 14, "created_at": "Fri Dec 18 12:47:32 +0000 2009", "favourites_count": 4676, "utc_offset": null, "time_zone": null, "geo_enabled": false, "verified": false, "statuses_count": 38979, "lang": null, "contributors_enabled": false, "is_translator": false, "is_translation_enabled": false, "profile_background_color": "6928BD", "profile_background_image_url": "http://abs.twimg.com/images/themes/theme5/bg.gif", "profile_background_image_url_https": "https://abs.twimg.com/images/themes/theme5/bg.gif", "profile_background_tile": true, "profile_image_url": "http://pbs.twimg.com/profile_images/1379665375671984130/BOwuZgpL_normal.jpg", "profile_image_url_https": "https://pbs.twimg.com/profile_images/1379665375671984130/BOwuZgpL_normal.jpg", "profile_banner_url": "https://pbs.twimg.com/profile_banners/97658559/1617714914", "profile_link_color": "2FC2EF", "profile_sidebar_border_color": "FFFFFF", "profile_sidebar_fill_color": "252429", "profile_text_color": "666666", "profile_use_background_image": true, "has_extended_profile": false, "default_profile": false, "default_profile_image": false, "following": false, "follow_request_sent": false, "notifications": false, "translator_type": "none"}, "geo": null, "coordinates": null, "place": null, "contributors": null, "is_quote_status": false, "retweet_count": 0, "favorite_count": 3, "favorited": false, "retweeted": false, "lang": "en"}