{"created_at": "Sat Feb 01 18:31:35 +0000 2020", "id": 1223675276934160384, "id_str": "1223675276934160384", "text": "@WHO @WHOWPRO @WHOSEARO @WHO_Europe @pahowho @WHOEMRO @WHOAFRO Font", "truncated": false, "entities": {"hashtags": [], "symbols": [], "user_mentions": [{"screen_name": "WHO", "name": "World Health Organization (WHO)", "id": 14499829, "id_str": "14499829", "indices": [0, 4]}, {"screen_name": "WHOWPRO", "name": "World Health Organization (WHO) Western Pacific", "id": 3794682452, "id_str": "3794682452", "indices": [5, 13]}, {"screen_name": "WHOSEARO", "name": "WHO South-East Asia", "id": 1545915336, "id_str": "1545915336", "indices": [14, 23]}, {"screen_name": "WHO_Europe", "name": "WHO/Europe", "id": 125403342, "id_str": "125403342", "indices": [24, 35]}, {"screen_name": "pahowho", "name": "PAHO/WHO", "id": 20629893, "id_str": "20629893", "indices": [36, 44]}, {"screen_name": "WHOEMRO", "name": "WHO EMRO", "id": 259372802, "id_str": "259372802", "indices": [45, 53]}, {"screen_name": "WHOAFRO", "name": "WHO African Region", "id": 544389588, "id_str": "544389588", "indices": [54, 62]}], "urls": []}, "source": "<a href=\"http://twitter.com/download/android\" rel=\"nofollow\">Twitter for Android</a>", "in_reply_to_status_id": 1223674453059624961, "in_reply_to_status_id_str": "1223674453059624961", "in_reply_to_user_id": 986268260025987072, "in_reply_to_user_id_str": "986268260025987072", "in_reply_to_screen_name": "MohamadThnaibat", "user": {"id": 986268260025987072, "id_str": "986268260025987072", "name": "Mohamad Thnaibat", "screen_name": "MohamadThnaibat", "location": "", "description": "Flight safety and safety management system expert, father of three.", "url": null, "entities": {"description": {"urls": []}}, "protected": false, "followers_count": 117, "friends_count": 649, "listed_count": 2, "created_at": "Tue Apr 17 15:40:51 +0000 2018", "favourites_count": 1091, "utc_offset": null, "time_zone": null, "geo_enabled": false, "verified": false, "statuses_count": 845, "lang": null, "contributors_enabled": false, "is_translator": false, "is_translation_enabled": false, "profile_background_color": "F5F8FA", "profile_background_image_url": null, "profile_background_image_url_https": null, "profile_background_tile": false, "profile_image_url": "http://pbs.twimg.com/profile_images/990698283579437057/IQ5AbJsD_normal.jpg", "profile_image_url_https": "https://pbs.twimg.com/profile_images/990698283579437057/IQ5AbJsD_normal.jpg", "profile_banner_url": "https://pbs.twimg.com/profile_banners/986268260025987072/1523981037", "profile_link_color": "1DA1F2", "profile_sidebar_border_color": "C0DEED", "profile_sidebar_fill_color": "DDEEF6", "profile_text_color": "333333", "profile_use_background_image": true, "has_extended_profile": true, "default_profile": true, "default_profile_image": false, "following": false, "follow_request_sent": false, "notifications": false, "translator_type": "none"}, "geo": null, "coordinates": null, "place": null, "contributors": null, "is_quote_status": false, "retweet_count": 0, "favorite_count": 0, "favorited": false, "retweeted": false, "lang": "fr"}