{"created_at": "Fri Jan 31 17:11:47 +0000 2020", "id": 1223292808074690560, "id_str": "1223292808074690560", "text": "@visual_quiznos @WHO @WHOWPRO @WHOSEARO @WHO_Europe @pahowho @WHOEMRO @WHOAFRO Possibly, $INO and $MRNA are working\u2026 https://t.co/AnkdPWGAxx", "truncated": true, "entities": {"hashtags": [], "symbols": [{"text": "INO", "indices": [89, 93]}, {"text": "MRNA", "indices": [98, 103]}], "user_mentions": [{"screen_name": "WHO", "name": "World Health Organization (WHO)", "id": 14499829, "id_str": "14499829", "indices": [16, 20]}, {"screen_name": "WHOWPRO", "name": "World Health Organization (WHO) Western Pacific", "id": 3794682452, "id_str": "3794682452", "indices": [21, 29]}, {"screen_name": "WHOSEARO", "name": "WHO South-East Asia", "id": 1545915336, "id_str": "1545915336", "indices": [30, 39]}, {"screen_name": "WHO_Europe", "name": "WHO/Europe", "id": 125403342, "id_str": "125403342", "indices": [40, 51]}, {"screen_name": "pahowho", "name": "PAHO/WHO", "id": 20629893, "id_str": "20629893", "indices": [52, 60]}, {"screen_name": "WHOEMRO", "name": "WHO EMRO", "id": 259372802, "id_str": "259372802", "indices": [61, 69]}, {"screen_name": "WHOAFRO", "name": "WHO African Region", "id": 544389588, "id_str": "544389588", "indices": [70, 78]}], "urls": [{"url": "https://t.co/AnkdPWGAxx", "expanded_url": "https://twitter.com/i/web/status/1223292808074690560", "display_url": "twitter.com/i/web/status/1\u2026", "indices": [117, 140]}]}, "source": "<a href=\"http://twitter.com/download/iphone\" rel=\"nofollow\">Twitter for iPhone</a>", "in_reply_to_status_id": 1223281081841070087, "in_reply_to_status_id_str": "1223281081841070087", "in_reply_to_user_id": 935179831, "in_reply_to_user_id_str": "935179831", "in_reply_to_screen_name": "quiz_OW", "user": {"id": 1222948281505812481, "id_str": "1222948281505812481", "name": "Geoff Millikan", "screen_name": "nCoV2019Geoff", "location": "California, USA", "description": "Only news about care, therapy, prevention of #COVID19. No politics. Personal account of @gmillikan. Not a medical doctor. 4 kids. Opinions are my own.", "url": null, "entities": {"description": {"urls": []}}, "protected": false, "followers_count": 97, "friends_count": 188, "listed_count": 4, "created_at": "Thu Jan 30 18:23:24 +0000 2020", "favourites_count": 4039, "utc_offset": null, "time_zone": null, "geo_enabled": false, "verified": false, "statuses_count": 662, "lang": null, "contributors_enabled": false, "is_translator": false, "is_translation_enabled": false, "profile_background_color": "F5F8FA", "profile_background_image_url": null, "profile_background_image_url_https": null, "profile_background_tile": false, "profile_image_url": "http://pbs.twimg.com/profile_images/1222948684108664832/9Dh3qamc_normal.jpg", "profile_image_url_https": "https://pbs.twimg.com/profile_images/1222948684108664832/9Dh3qamc_normal.jpg", "profile_banner_url": "https://pbs.twimg.com/profile_banners/1222948281505812481/1580409442", "profile_link_color": "1DA1F2", "profile_sidebar_border_color": "C0DEED", "profile_sidebar_fill_color": "DDEEF6", "profile_text_color": "333333", "profile_use_background_image": true, "has_extended_profile": true, "default_profile": true, "default_profile_image": false, "following": false, "follow_request_sent": false, "notifications": false, "translator_type": "none"}, "geo": null, "coordinates": null, "place": null, "contributors": null, "is_quote_status": false, "retweet_count": 0, "favorite_count": 2, "favorited": false, "retweeted": false, "possibly_sensitive": false, "lang": "en"}