{
    "created_at": "2020-02-03 07:17:51+00:00",
    "id": 1224230503055794176,
    "text": "@WHO @WHOWPRO @WHOSEARO @WHO_Europe @pahowho @WHOEMRO @WHOAFRO 5g sollte verboten werden !\nhttps://t.co/P5ewcrO3iK",
    "entities": {
        "mentions": [
            {
                "start": 0,
                "end": 4,
                "username": "WHO",
                "id": "14499829"
            },
            {
                "start": 5,
                "end": 13,
                "username": "WHOWPRO",
                "id": "3794682452"
            },
            {
                "start": 14,
                "end": 23,
                "username": "WHOSEARO",
                "id": "1545915336"
            },
            {
                "start": 24,
                "end": 35,
                "username": "WHO_Europe",
                "id": "125403342"
            },
            {
                "start": 36,
                "end": 44,
                "username": "pahowho",
                "id": "20629893"
            },
            {
                "start": 45,
                "end": 53,
                "username": "WHOEMRO",
                "id": "259372802"
            },
            {
                "start": 54,
                "end": 62,
                "username": "WHOAFRO",
                "id": "544389588"
            }
        ],
        "urls": [
            {
                "start": 91,
                "end": 114,
                "url": "https://t.co/P5ewcrO3iK",
                "expanded_url": "https://www.onetz.de/oberpfalz/amberg/experte-warnt-5g-so-gefaehrlich-rauchen-id2920040.html",
                "display_url": "onetz.de/oberpfalz/ambe\u2026",
                "status": 200,
                "unwound_url": "https://www.onetz.de/oberpfalz/amberg/experte-warnt-5g-so-gefaehrlich-rauchen-id2920040.html"
            }
        ]
    },
    "source": "Twitter Web App",
    "in_reply_to_user_id": 14499829
}