{"created_at": "Sun Feb 02 16:33:26 +0000 2020", "id": 1224007932238532616, "id_str": "1224007932238532616", "text": "@WHO @WHOWPRO @WHOSEARO @WHO_Europe @pahowho @WHOEMRO @WHOAFRO Is it true that a flu cocktail of hiv treatments wor\u2026 https://t.co/FAJKNnhTgJ", "truncated": true, "entities": {"hashtags": [], "symbols": [], "user_mentions": [{"screen_name": "WHO", "name": "World Health Organization (WHO)", "id": 14499829, "id_str": "14499829", "indices": [0, 4]}, {"screen_name": "WHOWPRO", "name": "World Health Organization (WHO) Western Pacific", "id": 3794682452, "id_str": "3794682452", "indices": [5, 13]}, {"screen_name": "WHOSEARO", "name": "WHO South-East Asia", "id": 1545915336, "id_str": "1545915336", "indices": [14, 23]}, {"screen_name": "WHO_Europe", "name": "WHO/Europe", "id": 125403342, "id_str": "125403342", "indices": [24, 35]}, {"screen_name": "pahowho", "name": "PAHO/WHO", "id": 20629893, "id_str": "20629893", "indices": [36, 44]}, {"screen_name": "WHOEMRO", "name": "WHO EMRO", "id": 259372802, "id_str": "259372802", "indices": [45, 53]}, {"screen_name": "WHOAFRO", "name": "WHO African Region", "id": 544389588, "id_str": "544389588", "indices": [54, 62]}], "urls": [{"url": "https://t.co/FAJKNnhTgJ", "expanded_url": "https://twitter.com/i/web/status/1224007932238532616", "display_url": "twitter.com/i/web/status/1\u2026", "indices": [117, 140]}]}, "source": "<a href=\"http://twitter.com/download/android\" rel=\"nofollow\">Twitter for Android</a>", "in_reply_to_status_id": 1223993219022753793, "in_reply_to_status_id_str": "1223993219022753793", "in_reply_to_user_id": 14499829, "in_reply_to_user_id_str": "14499829", "in_reply_to_screen_name": "WHO", "user": {"id": 848472738314559490, "id_str": "848472738314559490", "name": "Marwa", "screen_name": "Marwaeldenary", "location": "", "description": "I'm the one who cooks.", "url": null, "entities": {"description": {"urls": []}}, "protected": false, "followers_count": 105, "friends_count": 159, "listed_count": 0, "created_at": "Sun Apr 02 09:50:39 +0000 2017", "favourites_count": 5296, "utc_offset": null, "time_zone": null, "geo_enabled": false, "verified": false, "statuses_count": 6013, "lang": null, "contributors_enabled": false, "is_translator": false, "is_translation_enabled": false, "profile_background_color": "F5F8FA", "profile_background_image_url": null, "profile_background_image_url_https": null, "profile_background_tile": false, "profile_image_url": "http://pbs.twimg.com/profile_images/1370985103594291203/VMVeBnWC_normal.jpg", "profile_image_url_https": "https://pbs.twimg.com/profile_images/1370985103594291203/VMVeBnWC_normal.jpg", "profile_banner_url": "https://pbs.twimg.com/profile_banners/848472738314559490/1512486293", "profile_link_color": "1DA1F2", "profile_sidebar_border_color": "C0DEED", "profile_sidebar_fill_color": "DDEEF6", "profile_text_color": "333333", "profile_use_background_image": true, "has_extended_profile": false, "default_profile": true, "default_profile_image": false, "following": false, "follow_request_sent": false, "notifications": false, "translator_type": "none"}, "geo": null, "coordinates": null, "place": null, "contributors": null, "is_quote_status": false, "retweet_count": 0, "favorite_count": 0, "favorited": false, "retweeted": false, "lang": "en"}