{
    "created_at": "2020-02-03 03:56:17+00:00",
    "id": 1224179776560123905,
    "text": "@WHO @WHOWPRO @WHOSEARO @WHO_Europe @pahowho @WHOEMRO @WHOAFRO Taiwan is Taiwan\nTaiwan isn't part of People of China(POC)\nhttps://t.co/pWFKCxhwEa",
    "entities": {
        "urls": [
            {
                "start": 122,
                "end": 145,
                "url": "https://t.co/pWFKCxhwEa",
                "expanded_url": "https://www.youtube.com/watch?v=X1C0yaw_kdU",
                "display_url": "youtube.com/watch?v=X1C0ya\u2026",
                "status": 200,
                "unwound_url": "https://www.youtube.com/watch?v=X1C0yaw_kdU"
            }
        ],
        "mentions": [
            {
                "start": 0,
                "end": 4,
                "username": "WHO",
                "id": "14499829"
            },
            {
                "start": 5,
                "end": 13,
                "username": "WHOWPRO",
                "id": "3794682452"
            },
            {
                "start": 14,
                "end": 23,
                "username": "WHOSEARO",
                "id": "1545915336"
            },
            {
                "start": 24,
                "end": 35,
                "username": "WHO_Europe",
                "id": "125403342"
            },
            {
                "start": 36,
                "end": 44,
                "username": "pahowho",
                "id": "20629893"
            },
            {
                "start": 45,
                "end": 53,
                "username": "WHOEMRO",
                "id": "259372802"
            },
            {
                "start": 54,
                "end": 62,
                "username": "WHOAFRO",
                "id": "544389588"
            }
        ],
        "annotations": [
            {
                "start": 63,
                "end": 68,
                "probability": 0.9736,
                "type": "Place",
                "normalized_text": "Taiwan"
            },
            {
                "start": 73,
                "end": 78,
                "probability": 0.9623,
                "type": "Place",
                "normalized_text": "Taiwan"
            },
            {
                "start": 80,
                "end": 85,
                "probability": 0.936,
                "type": "Place",
                "normalized_text": "Taiwan"
            },
            {
                "start": 111,
                "end": 115,
                "probability": 0.9019,
                "type": "Place",
                "normalized_text": "China"
            }
        ]
    },
    "source": "Twitter Web App",
    "in_reply_to_user_id": 14499829
}