{
    "source": "Twitter Web Client",
    "text": "@emcleans @WHO There are no vaccines available.\n\nThe following protease inhibitors are being tested as antiviral drug treatments:\n\n• Remdesivir\n• Lopinavir\n• Ritonavir\n• Oseltamivir",
    "entities": {
        "mentions": [
            {
                "start": 0,
                "end": 9,
                "username": "emcleans",
                "id": "1339896786"
            },
            {
                "start": 10,
                "end": 14,
                "username": "WHO",
                "id": "14499829"
            }
        ]
    },
    "created_at": "2020-02-02T16:55:42.000Z",
    "id": "1224013534134140930",
    "in_reply_to_user_id": "1339896786"
}