{
    "created_at": "2020-02-03 05:43:04+00:00",
    "id": 1224206649314942977,
    "text": "@WHO @WHOWPRO @WHOSEARO @WHO_Europe @pahowho @WHOEMRO @WHOAFRO I have not taken any flu jab over 6-7 years I am born in 1968 had a asthma attack in 1969 then in 1978 in fact I died in mums arms running to St Thomas yet all I do is work out and all that I have mentioned in what I do with the fruit and vegetables in boiling or eating them raw",
    "entities": {
        "annotations": [
            {
                "start": 205,
                "end": 213,
                "probability": 0.7962,
                "type": "Place",
                "normalized_text": "St Thomas"
            }
        ],
        "mentions": [
            {
                "start": 0,
                "end": 4,
                "username": "WHO",
                "id": "14499829"
            },
            {
                "start": 5,
                "end": 13,
                "username": "WHOWPRO",
                "id": "3794682452"
            },
            {
                "start": 14,
                "end": 23,
                "username": "WHOSEARO",
                "id": "1545915336"
            },
            {
                "start": 24,
                "end": 35,
                "username": "WHO_Europe",
                "id": "125403342"
            },
            {
                "start": 36,
                "end": 44,
                "username": "pahowho",
                "id": "20629893"
            },
            {
                "start": 45,
                "end": 53,
                "username": "WHOEMRO",
                "id": "259372802"
            },
            {
                "start": 54,
                "end": 62,
                "username": "WHOAFRO",
                "id": "544389588"
            }
        ]
    },
    "source": "Twitter for iPhone",
    "in_reply_to_user_id": 14499829
}