{
    "entities": {
        "urls": [
            {
                "start": 198,
                "end": 221,
                "url": "https://t.co/BrvK3Pto7C",
                "expanded_url": "http://chng.it/4sngnnmr",
                "display_url": "chng.it/4sngnnmr",
                "status": 200,
                "unwound_url": "https://www.change.org/p/united-nations-call-for-the-resignation-of-tedros-adhanom-ghebreyesus-who-director-general?recruiter=530491367&utm_source=share_petition&utm_medium=twitter&utm_campaign=psf_combo_share_abi&utm_term=psf_combo_share_initial&recruited_by_id=6834b980-0776-11e6-9406-adae2db7b4d3"
            }
        ],
        "annotations": [
            {
                "start": 84,
                "end": 97,
                "probability": 0.4437,
                "type": "Organization",
                "normalized_text": "United Nations"
            },
            {
                "start": 128,
                "end": 153,
                "probability": 0.7467,
                "type": "Person",
                "normalized_text": "Tedros Adhanom Ghebreyesus"
            }
        ],
        "mentions": [
            {
                "start": 0,
                "end": 4,
                "username": "WHO",
                "id": "14499829"
            },
            {
                "start": 5,
                "end": 13,
                "username": "WHOWPRO",
                "id": "3794682452"
            },
            {
                "start": 14,
                "end": 23,
                "username": "WHOSEARO",
                "id": "1545915336"
            },
            {
                "start": 24,
                "end": 35,
                "username": "WHO_Europe",
                "id": "125403342"
            },
            {
                "start": 36,
                "end": 44,
                "username": "pahowho",
                "id": "20629893"
            },
            {
                "start": 45,
                "end": 53,
                "username": "WHOEMRO",
                "id": "259372802"
            },
            {
                "start": 54,
                "end": 62,
                "username": "WHOAFRO",
                "id": "544389588"
            },
            {
                "start": 227,
                "end": 234,
                "username": "Change",
                "id": "15947602"
            },
            {
                "start": 235,
                "end": 239,
                "username": "WHO",
                "id": "14499829"
            },
            {
                "start": 240,
                "end": 244,
                "username": "CNN",
                "id": "759251"
            },
            {
                "start": 245,
                "end": 249,
                "username": "WSJ",
                "id": "3108351"
            },
            {
                "start": 250,
                "end": 254,
                "username": "BBC",
                "id": "19701628"
            }
        ]
    },
    "source": "Twitter Web App",
    "in_reply_to_user_id": "14499829",
    "text": "@WHO @WHOWPRO @WHOSEARO @WHO_Europe @pahowho @WHOEMRO @WHOAFRO 166,002 have signed! United Nations: Call for the resignation of Tedros Adhanom Ghebreyesus, WHO Director General - Sign the Petition! https://t.co/BrvK3Pto7C via \n@Change @WHO @CNN @WSJ @BBC",
    "created_at": "2020-02-03T01:52:32.000Z",
    "id": "1224148631898423297"
}