{"created_at": "Mon Feb 03 05:42:14 +0000 2020", "id": 1224206437490024448, "id_str": "1224206437490024448", "text": "@WHO @WHOWPRO @WHOSEARO @WHO_Europe @pahowho @WHOEMRO @WHOAFRO But bad breath may help keep people away to keep that quarantine working. \ud83d\udde3\ufe0f", "truncated": false, "entities": {"hashtags": [], "symbols": [], "user_mentions": [{"screen_name": "WHO", "name": "World Health Organization (WHO)", "id": 14499829, "id_str": "14499829", "indices": [0, 4]}, {"screen_name": "WHOWPRO", "name": "World Health Organization (WHO) Western Pacific", "id": 3794682452, "id_str": "3794682452", "indices": [5, 13]}, {"screen_name": "WHOSEARO", "name": "WHO South-East Asia", "id": 1545915336, "id_str": "1545915336", "indices": [14, 23]}, {"screen_name": "WHO_Europe", "name": "WHO/Europe", "id": 125403342, "id_str": "125403342", "indices": [24, 35]}, {"screen_name": "pahowho", "name": "PAHO/WHO", "id": 20629893, "id_str": "20629893", "indices": [36, 44]}, {"screen_name": "WHOEMRO", "name": "WHO EMRO", "id": 259372802, "id_str": "259372802", "indices": [45, 53]}, {"screen_name": "WHOAFRO", "name": "WHO African Region", "id": 544389588, "id_str": "544389588", "indices": [54, 62]}], "urls": []}, "source": "<a href=\"https://mobile.twitter.com\" rel=\"nofollow\">Twitter Web App</a>", "in_reply_to_status_id": 1223993219022753793, "in_reply_to_status_id_str": "1223993219022753793", "in_reply_to_user_id": 14499829, "in_reply_to_user_id_str": "14499829", "in_reply_to_screen_name": "WHO", "user": {"id": 817499242327638020, "id_str": "817499242327638020", "name": "Rummaging Globalism", "screen_name": "RGlobalism", "location": "USA", "description": "Libertarian 2016; Trump 2020. \n \nJust trying to figure out the insane world. \n\"more speech, not enforced silence\"\nScience major / skeptic / Fully vaxxed Pfizer", "url": "https://t.co/XhGySne72S", "entities": {"url": {"urls": [{"url": "https://t.co/XhGySne72S", "expanded_url": "http://www.rummagingglobalism.com/links/more-links-twitter/", "display_url": "rummagingglobalism.com/links/more-lin\u2026", "indices": [0, 23]}]}, "description": {"urls": []}}, "protected": false, "followers_count": 109, "friends_count": 5, "listed_count": 0, "created_at": "Fri Jan 06 22:33:02 +0000 2017", "favourites_count": 6527, "utc_offset": null, "time_zone": null, "geo_enabled": false, "verified": false, "statuses_count": 8115, "lang": null, "contributors_enabled": false, "is_translator": false, "is_translation_enabled": false, "profile_background_color": "000000", "profile_background_image_url": "http://abs.twimg.com/images/themes/theme1/bg.png", "profile_background_image_url_https": "https://abs.twimg.com/images/themes/theme1/bg.png", "profile_background_tile": false, "profile_image_url": "http://pbs.twimg.com/profile_images/1278240911739301895/JSxNHHfF_normal.jpg", "profile_image_url_https": "https://pbs.twimg.com/profile_images/1278240911739301895/JSxNHHfF_normal.jpg", "profile_banner_url": "https://pbs.twimg.com/profile_banners/817499242327638020/1545081265", "profile_link_color": "1B95E0", "profile_sidebar_border_color": "000000", "profile_sidebar_fill_color": "000000", "profile_text_color": "000000", "profile_use_background_image": false, "has_extended_profile": true, "default_profile": false, "default_profile_image": false, "following": false, "follow_request_sent": false, "notifications": false, "translator_type": "none"}, "geo": null, "coordinates": null, "place": null, "contributors": null, "is_quote_status": false, "retweet_count": 0, "favorite_count": 0, "favorited": false, "retweeted": false, "lang": "en"}