{
    "entities": {
        "hashtags": [
            {
                "start": 64,
                "end": 76,
                "tag": "coronavirus"
            }
        ],
        "mentions": [
            {
                "start": 175,
                "end": 179,
                "username": "WHO",
                "id": "14499829"
            }
        ]
    },
    "source": "Twitter for Android",
    "text": "Q: Are there any specific medicines to prevent or treat the new #coronavirus (2019-nCoV)?\nA: To date, there is no specific medicine recommended to prevent or treat the virus. @WHO is helping to accelerate research and development efforts with a range of partners.",
    "created_at": "2020-02-02T16:43:16.000Z",
    "id": "1224010408140386304"
}