{
    "entities": {
        "urls": [
            {
                "start": 258,
                "end": 281,
                "url": "https://t.co/Wo5tkVoZvL",
                "expanded_url": "https://twitter.com/kandelnirmal/status/1224065300662013953/photo/1",
                "display_url": "pic.twitter.com/Wo5tkVoZvL"
            }
        ],
        "hashtags": [
            {
                "start": 49,
                "end": 58,
                "tag": "2019nCoV"
            },
            {
                "start": 244,
                "end": 257,
                "tag": "KnowTheFacts"
            }
        ]
    },
    "id": "1224065300662013953",
    "created_at": "2020-02-02T20:21:24.000Z",
    "source": "Twitter for iPhone",
    "text": "Q: Can eating garlic help prevent infection with #2019nCoV?\nA: Garlic is a healthy food that may have some antimicrobial properties. However, there is no evidence from the current outbreak that eating garlic has protected people from 2019-nCoV\n#KnowTheFacts https://t.co/Wo5tkVoZvL"
}