{
    "entities": {
        "mentions": [
            {
                "start": 0,
                "end": 4,
                "username": "WHO",
                "id": "14499829"
            },
            {
                "start": 5,
                "end": 21,
                "username": "DOOGEE_official",
                "id": "1619612850"
            },
            {
                "start": 22,
                "end": 30,
                "username": "WHOWPRO",
                "id": "3794682452"
            },
            {
                "start": 31,
                "end": 40,
                "username": "WHOSEARO",
                "id": "1545915336"
            },
            {
                "start": 41,
                "end": 52,
                "username": "WHO_Europe",
                "id": "125403342"
            },
            {
                "start": 53,
                "end": 61,
                "username": "pahowho",
                "id": "20629893"
            },
            {
                "start": 62,
                "end": 70,
                "username": "WHOEMRO",
                "id": "259372802"
            },
            {
                "start": 71,
                "end": 79,
                "username": "WHOAFRO",
                "id": "544389588"
            }
        ]
    },
    "in_reply_to_user_id": "14499829",
    "created_at": "2020-02-02T20:17:00.000Z",
    "id": "1224064195823579138",
    "text": "@WHO @DOOGEE_official @WHOWPRO @WHOSEARO @WHO_Europe @pahowho @WHOEMRO @WHOAFRO Sir please help me money my daughter is I'll please my daughter is no talking and no waking only bad seelping please help me money",
    "source": "Twitter for Android"
}