{
    "text": "#FAQs on #coronavrius: \n\nCan eating #garlic help prevent infection with the new #coronavirus (2019-nCov)?\n\n#CoronavirusOutbreak \n#nCov2019 https://t.co/uljJHnW5ns",
    "source": "Twitter Web App",
    "id": "1224214677854523392",
    "created_at": "2020-02-03T06:14:58.000Z",
    "in_reply_to_user_id": "846724193345527808",
    "entities": {
        "urls": [
            {
                "start": 139,
                "end": 162,
                "url": "https://t.co/uljJHnW5ns",
                "expanded_url": "https://twitter.com/WHONigeria/status/1224214677854523392/photo/1",
                "display_url": "pic.twitter.com/uljJHnW5ns"
            }
        ],
        "hashtags": [
            {
                "start": 0,
                "end": 5,
                "tag": "FAQs"
            },
            {
                "start": 9,
                "end": 21,
                "tag": "coronavrius"
            },
            {
                "start": 36,
                "end": 43,
                "tag": "garlic"
            },
            {
                "start": 80,
                "end": 92,
                "tag": "coronavirus"
            },
            {
                "start": 107,
                "end": 127,
                "tag": "CoronavirusOutbreak"
            },
            {
                "start": 129,
                "end": 138,
                "tag": "nCov2019"
            }
        ]
    }
}