{
    "entities": {
        "mentions": [
            {
                "start": 0,
                "end": 4,
                "username": "WHO",
                "id": "14499829"
            },
            {
                "start": 5,
                "end": 20,
                "username": "GertvanderHoek",
                "id": "19708473"
            }
        ]
    },
    "in_reply_to_user_id": "14499829",
    "created_at": "2020-02-02T19:00:07.000Z",
    "id": "1224044843711844353",
    "text": "@WHO @GertvanderHoek ***shakes head***\nImho you ought to know better!",
    "source": "Twitter Web App"
}