{
    "created_at": "2020-02-02 17:12:04+00:00",
    "id": 1224017655495045120,
    "text": "@WHO @WHOWPRO @WHOSEARO @WHO_Europe @pahowho @WHOEMRO @WHOAFRO El enlace no funciona. https://t.co/io5uO03C0Z",
    "entities": {
        "urls": [
            {
                "start": 86,
                "end": 109,
                "url": "https://t.co/io5uO03C0Z",
                "expanded_url": "https://twitter.com/NIPR18/status/1224017655495045120/photo/1",
                "display_url": "pic.twitter.com/io5uO03C0Z"
            }
        ],
        "mentions": [
            {
                "start": 0,
                "end": 4,
                "username": "WHO",
                "id": "14499829"
            },
            {
                "start": 5,
                "end": 13,
                "username": "WHOWPRO",
                "id": "3794682452"
            },
            {
                "start": 14,
                "end": 23,
                "username": "WHOSEARO",
                "id": "1545915336"
            },
            {
                "start": 24,
                "end": 35,
                "username": "WHO_Europe",
                "id": "125403342"
            },
            {
                "start": 36,
                "end": 44,
                "username": "pahowho",
                "id": "20629893"
            },
            {
                "start": 45,
                "end": 53,
                "username": "WHOEMRO",
                "id": "259372802"
            },
            {
                "start": 54,
                "end": 62,
                "username": "WHOAFRO",
                "id": "544389588"
            }
        ]
    },
    "source": "Twitter for Android",
    "in_reply_to_user_id": 14499829
}