{
    "created_at": "2020-02-03T03:38:35.000Z",
    "entities": {
        "mentions": [
            {
                "start": 0,
                "end": 13,
                "username": "KKMPutrajaya",
                "id": "531041640"
            },
            {
                "start": 14,
                "end": 25,
                "username": "syahredzan",
                "id": "933339131362471936"
            },
            {
                "start": 26,
                "end": 30,
                "username": "WHO",
                "id": "14499829"
            }
        ],
        "annotations": [
            {
                "start": 73,
                "end": 77,
                "probability": 0.9788,
                "type": "Place",
                "normalized_text": "China"
            }
        ]
    },
    "source": "Twitter for iPhone",
    "id": "1224175321269686272",
    "text": "@KKMPutrajaya @syahredzan @WHO The only risk of receiving a package from China is getting scammed.",
    "in_reply_to_user_id": "531041640"
}