{
    "created_at": "2020-02-03T07:49:58.000Z",
    "entities": {
        "mentions": [
            {
                "start": 0,
                "end": 13,
                "username": "KKMPutrajaya",
                "id": "531041640"
            },
            {
                "start": 28,
                "end": 32,
                "username": "WHO",
                "id": "14499829"
            }
        ]
    },
    "source": "Twitter for Android",
    "id": "1224238583889809408",
    "text": "@KKMPutrajaya @TijanTijan87 @WHO Thanks KKM.",
    "in_reply_to_user_id": "531041640"
}