{
    "source": "Twitter for iPhone",
    "id": "1224014320704487424",
    "created_at": "2020-02-02T16:58:49.000Z",
    "text": "@KKMPutrajaya @WHO Yeay! Adding to cart semua casing phone dari sana 😂",
    "entities": {
        "mentions": [
            {
                "start": 0,
                "end": 13,
                "username": "KKMPutrajaya",
                "id": "531041640"
            },
            {
                "start": 14,
                "end": 18,
                "username": "WHO",
                "id": "14499829"
            }
        ]
    }
}