{
    "id": "1224031025522597889",
    "in_reply_to_user_id": "12104642",
    "source": "Twitter for Android",
    "text": "RT @bmj_latest\n\nIs reporting of the coronavirus producing viral panic? @clarewenham @SRobe01 @MOSSIALOS argue that there are two different outbreaks: one outbreak of a coronavirus, and one of viral fake news #coronarvirus #CoronavirusOutbreak https://t.co/13DUZIiEHg\n\n⁩",
    "created_at": "2020-02-02T18:05:12.000Z",
    "entities": {
        "hashtags": [
            {
                "start": 208,
                "end": 221,
                "tag": "coronarvirus"
            },
            {
                "start": 222,
                "end": 242,
                "tag": "CoronavirusOutbreak"
            }
        ],
        "urls": [
            {
                "start": 243,
                "end": 266,
                "url": "https://t.co/13DUZIiEHg",
                "expanded_url": "http://ow.ly/UvVF50yaXfS",
                "display_url": "ow.ly/UvVF50yaXfS"
            }
        ],
        "mentions": [
            {
                "start": 3,
                "end": 14,
                "username": "bmj_latest",
                "id": "16949344"
            },
            {
                "start": 71,
                "end": 83,
                "username": "clarewenham",
                "id": "301409241"
            },
            {
                "start": 84,
                "end": 92,
                "username": "SRobe01",
                "id": "930404074033500160"
            },
            {
                "start": 93,
                "end": 103,
                "username": "MOSSIALOS",
                "id": "255100899"
            }
        ]
    }
}