{"created_at": "Sun Feb 02 22:22:31 +0000 2020", "id": 1224095779901460480, "id_str": "1224095779901460480", "text": "Still verifying but there\u2019s this, from a Chinese-speaking friend: https://t.co/l2aYkjrHEA", "truncated": false, "entities": {"hashtags": [], "symbols": [], "user_mentions": [], "urls": [], "media": [{"id": 1224095774910246912, "id_str": "1224095774910246912", "indices": [66, 89], "media_url": "http://pbs.twimg.com/media/EPzcnyqU8AA_ezW.jpg", "media_url_https": "https://pbs.twimg.com/media/EPzcnyqU8AA_ezW.jpg", "url": "https://t.co/l2aYkjrHEA", "display_url": "pic.twitter.com/l2aYkjrHEA", "expanded_url": "https://twitter.com/Weinbergrrrrr/status/1224095779901460480/photo/1", "type": "photo", "sizes": {"large": {"w": 1124, "h": 1666, "resize": "fit"}, "thumb": {"w": 150, "h": 150, "resize": "crop"}, "medium": {"w": 810, "h": 1200, "resize": "fit"}, "small": {"w": 459, "h": 680, "resize": "fit"}}}]}, "extended_entities": {"media": [{"id": 1224095774910246912, "id_str": "1224095774910246912", "indices": [66, 89], "media_url": "http://pbs.twimg.com/media/EPzcnyqU8AA_ezW.jpg", "media_url_https": "https://pbs.twimg.com/media/EPzcnyqU8AA_ezW.jpg", "url": "https://t.co/l2aYkjrHEA", "display_url": "pic.twitter.com/l2aYkjrHEA", "expanded_url": "https://twitter.com/Weinbergrrrrr/status/1224095779901460480/photo/1", "type": "photo", "sizes": {"large": {"w": 1124, "h": 1666, "resize": "fit"}, "thumb": {"w": 150, "h": 150, "resize": "crop"}, "medium": {"w": 810, "h": 1200, "resize": "fit"}, "small": {"w": 459, "h": 680, "resize": "fit"}}}]}, "source": "<a href=\"http://twitter.com/download/iphone\" rel=\"nofollow\">Twitter for iPhone</a>", "in_reply_to_status_id": 1224095170477481984, "in_reply_to_status_id_str": "1224095170477481984", "in_reply_to_user_id": 529778146, "in_reply_to_user_id_str": "529778146", "in_reply_to_screen_name": "Weinbergrrrrr", "user": {"id": 529778146, "id_str": "529778146", "name": "Hannah", "screen_name": "Weinbergrrrrr", "location": "Seattle", "description": "Ms. Frizzle on a bike for @crosscut via @wirecutter @bicyclingmag @outsidemagazine. @nswa. #TrailAndError Enviro news tips/jokes: Hannah.Weinberger@crosscut.com", "url": "https://t.co/JTkbVrix4t", "entities": {"url": {"urls": [{"url": "https://t.co/JTkbVrix4t", "expanded_url": "https://crosscut.com/author/hannah-weinberger", "display_url": "crosscut.com/author/hannah-\u2026", "indices": [0, 23]}]}, "description": {"urls": []}}, "protected": false, "followers_count": 6553, "friends_count": 2835, "listed_count": 198, "created_at": "Mon Mar 19 22:16:42 +0000 2012", "favourites_count": 90047, "utc_offset": null, "time_zone": null, "geo_enabled": true, "verified": true, "statuses_count": 25982, "lang": null, "contributors_enabled": false, "is_translator": false, "is_translation_enabled": false, "profile_background_color": "9BFAE9", "profile_background_image_url": "http://abs.twimg.com/images/themes/theme18/bg.gif", "profile_background_image_url_https": "https://abs.twimg.com/images/themes/theme18/bg.gif", "profile_background_tile": false, "profile_image_url": "http://pbs.twimg.com/profile_images/1353537651987505152/eNC6NMD1_normal.jpg", "profile_image_url_https": "https://pbs.twimg.com/profile_images/1353537651987505152/eNC6NMD1_normal.jpg", "profile_banner_url": "https://pbs.twimg.com/profile_banners/529778146/1606364609", "profile_link_color": "E81C4F", "profile_sidebar_border_color": "C0DEED", "profile_sidebar_fill_color": "DDEEF6", "profile_text_color": "333333", "profile_use_background_image": true, "has_extended_profile": false, "default_profile": false, "default_profile_image": false, "following": false, "follow_request_sent": false, "notifications": false, "translator_type": "none"}, "geo": null, "coordinates": null, "place": null, "contributors": null, "is_quote_status": false, "retweet_count": 0, "favorite_count": 0, "favorited": false, "retweeted": false, "possibly_sensitive": false, "lang": "en"}