{
    "created_at": "2020-02-02 18:48:31+00:00",
    "id": 1224041924325040129,
    "text": "@WHO @WHOWPRO @WHOSEARO @WHO_Europe @pahowho @WHOEMRO @WHOAFRO How much money did the WHO take from China prez. While the Coronavirus was infecting people last year in November.",
    "entities": {
        "annotations": [
            {
                "start": 100,
                "end": 104,
                "probability": 0.9858,
                "type": "Place",
                "normalized_text": "China"
            },
            {
                "start": 122,
                "end": 132,
                "probability": 0.3314,
                "type": "Person",
                "normalized_text": "Coronavirus"
            }
        ],
        "mentions": [
            {
                "start": 0,
                "end": 4,
                "username": "WHO",
                "id": "14499829"
            },
            {
                "start": 5,
                "end": 13,
                "username": "WHOWPRO",
                "id": "3794682452"
            },
            {
                "start": 14,
                "end": 23,
                "username": "WHOSEARO",
                "id": "1545915336"
            },
            {
                "start": 24,
                "end": 35,
                "username": "WHO_Europe",
                "id": "125403342"
            },
            {
                "start": 36,
                "end": 44,
                "username": "pahowho",
                "id": "20629893"
            },
            {
                "start": 45,
                "end": 53,
                "username": "WHOEMRO",
                "id": "259372802"
            },
            {
                "start": 54,
                "end": 62,
                "username": "WHOAFRO",
                "id": "544389588"
            }
        ]
    },
    "source": "Twitter for iPhone",
    "in_reply_to_user_id": 14499829
}