{
    "id": "1224001011670405120",
    "in_reply_to_user_id": "12104642",
    "source": "Twitter for Android",
    "entities": {
        "annotations": [
            {
                "start": 11,
                "end": 15,
                "probability": 0.9122,
                "type": "Person",
                "normalized_text": "Jesus"
            },
            {
                "start": 30,
                "end": 35,
                "probability": 0.9891,
                "type": "Place",
                "normalized_text": "Kerala"
            },
            {
                "start": 60,
                "end": 64,
                "probability": 0.9272,
                "type": "Place",
                "normalized_text": "China"
            },
            {
                "start": 136,
                "end": 145,
                "probability": 0.6661,
                "type": "Organization",
                "normalized_text": "Kochi News"
            },
            {
                "start": 158,
                "end": 162,
                "probability": 0.7645,
                "type": "Place",
                "normalized_text": "India"
            }
        ],
        "hashtags": [
            {
                "start": 40,
                "end": 52,
                "tag": "Coronavirus"
            }
        ],
        "urls": [
            {
                "start": 164,
                "end": 187,
                "url": "https://t.co/tduXxS2hZa",
                "expanded_url": "https://timesofindia.indiatimes.com/city/kochi/mbbs-student-prefers-prayers-officials-raise-point-of-law/articleshow/73853407.cms",
                "display_url": "timesofindia.indiatimes.com/city/kochi/mbb…"
            }
        ]
    },
    "text": "Meanwhile, Jesus in action in Kerala. \n\n#Coronavirus scare: China-returned MBBS student prefers prayers, officials raise point of law | Kochi News - Times of India https://t.co/tduXxS2hZa",
    "created_at": "2020-02-02T16:05:56.000Z"
}