{
    "created_at": "2020-02-02T17:25:26.000Z",
    "entities": {
        "mentions": [
            {
                "start": 12,
                "end": 25,
                "username": "KKMPutrajaya",
                "id": "531041640"
            },
            {
                "start": 26,
                "end": 30,
                "username": "WHO",
                "id": "14499829"
            }
        ]
    },
    "source": "Twitter for Android",
    "id": "1224021017795842048",
    "text": "@LePenguine @KKMPutrajaya @WHO Should be alright m8, heard shit is on sale too",
    "in_reply_to_user_id": "344276909"
}