{
    "source": "Twitter for iPhone",
    "entities": {
        "urls": [
            {
                "start": 272,
                "end": 295,
                "url": "https://t.co/JZVixEsbv6",
                "expanded_url": "https://twitter.com/KulikovUNIATF/status/1224084151327961090/photo/1",
                "display_url": "pic.twitter.com/JZVixEsbv6"
            },
            {
                "start": 272,
                "end": 295,
                "url": "https://t.co/JZVixEsbv6",
                "expanded_url": "https://twitter.com/KulikovUNIATF/status/1224084151327961090/photo/1",
                "display_url": "pic.twitter.com/JZVixEsbv6"
            }
        ],
        "hashtags": [
            {
                "start": 12,
                "end": 29,
                "tag": "CoronaVirusFacts"
            },
            {
                "start": 116,
                "end": 125,
                "tag": "2019nCoV"
            },
            {
                "start": 258,
                "end": 270,
                "tag": "coronavirus"
            }
        ]
    },
    "created_at": "2020-02-02T21:36:18.000Z",
    "id": "1224084151327961090",
    "text": "Be aware of #CoronaVirusFacts \n\nQ: Can regularly rinsing your nose with saline solution help prevent infection with #2019nCoV?\n\nA: No. There is no evidence that regularly rinsing the nose with saline solution has protected people from infection with the new #coronavirus. https://t.co/JZVixEsbv6"
}