{
    "source": "Twitter for Android",
    "in_reply_to_user_id": "737362108397060096",
    "entities": {
        "urls": [
            {
                "start": 315,
                "end": 338,
                "url": "https://t.co/Sd0bEhHnkQ",
                "expanded_url": "http://www.livescience.com/coronavirus-spread-before-symptoms.html",
                "display_url": "livescience.com/coronavirus-sp…"
            }
        ],
        "mentions": [
            {
                "start": 0,
                "end": 14,
                "username": "KulikovUNIATF",
                "id": "737362108397060096"
            },
            {
                "start": 15,
                "end": 28,
                "username": "HealthFacts9",
                "id": "768726162361163776"
            },
            {
                "start": 29,
                "end": 41,
                "username": "healthfactz",
                "id": "830109349"
            },
            {
                "start": 42,
                "end": 56,
                "username": "HealthInfoNet",
                "id": "60751104"
            },
            {
                "start": 57,
                "end": 66,
                "username": "hinfonet",
                "id": "176845842"
            },
            {
                "start": 67,
                "end": 83,
                "username": "uvic_healthinfo",
                "id": "798642481067757568"
            },
            {
                "start": 84,
                "end": 100,
                "username": "Healthawarene12",
                "id": "1127636091304017920"
            },
            {
                "start": 101,
                "end": 117,
                "username": "DrJulieStPierre",
                "id": "1440129557869350916"
            },
            {
                "start": 118,
                "end": 128,
                "username": "DrTraceyK",
                "id": "278007236"
            },
            {
                "start": 129,
                "end": 143,
                "username": "LiamJGilligan",
                "id": "56200049"
            },
            {
                "start": 144,
                "end": 160,
                "username": "coronavirusinfo",
                "id": "1227281816903614465"
            }
        ],
        "hashtags": [
            {
                "start": 167,
                "end": 179,
                "tag": "coronavirus"
            },
            {
                "start": 236,
                "end": 240,
                "tag": "WHO"
            },
            {
                "start": 241,
                "end": 245,
                "tag": "EHO"
            },
            {
                "start": 246,
                "end": 249,
                "tag": "Eu"
            },
            {
                "start": 250,
                "end": 255,
                "tag": "OSCE"
            },
            {
                "start": 256,
                "end": 267,
                "tag": "healthcare"
            },
            {
                "start": 268,
                "end": 281,
                "tag": "HealthForAll"
            },
            {
                "start": 282,
                "end": 293,
                "tag": "cronovirus"
            },
            {
                "start": 294,
                "end": 306,
                "tag": "VirusCorona"
            },
            {
                "start": 307,
                "end": 313,
                "tag": "virus"
            }
        ]
    },
    "created_at": "2020-02-02T21:58:48.000Z",
    "id": "1224089813432836097",
    "text": "@KulikovUNIATF @HealthFacts9 @healthfactz @HealthInfoNet @hinfonet @uvic_healthinfo @Healthawarene12 @DrJulieStPierre @DrTraceyK @LiamJGilligan @CoronaVirusInfo 🔴\"New #coronavirus can spread before symptoms start,German case suggests\"\n\n#WHO #EHO #Eu #OSCE #healthcare #HealthForAll\n#cronovirus #VirusCorona\n#virus \nhttps://t.co/Sd0bEhHnkQ"
}