{
    "created_at": "2020-02-03 06:45:35+00:00",
    "id": 1224222380505141251,
    "text": "@WHO @WHOWPRO @WHOSEARO @WHO_Europe @pahowho @WHOEMRO @WHOAFRO \ud83d\udc65\ud83d\udc65\ud83d\udc65\n\ud83d\udc65\ud83d\udc65\ud83d\udc65\n\nhttps://t.co/3vNoZBz9A3\n\n. https://t.co/cVvnagQNei",
    "entities": {
        "urls": [
            {
                "start": 72,
                "end": 95,
                "url": "https://t.co/3vNoZBz9A3",
                "expanded_url": "https://youtu.be/klPZIGQcrHA",
                "display_url": "youtu.be/klPZIGQcrHA"
            },
            {
                "start": 99,
                "end": 122,
                "url": "https://t.co/cVvnagQNei",
                "expanded_url": "https://twitter.com/CianGaia/status/1224222380505141251/photo/1",
                "display_url": "pic.twitter.com/cVvnagQNei"
            },
            {
                "start": 99,
                "end": 122,
                "url": "https://t.co/cVvnagQNei",
                "expanded_url": "https://twitter.com/CianGaia/status/1224222380505141251/photo/1",
                "display_url": "pic.twitter.com/cVvnagQNei"
            }
        ],
        "mentions": [
            {
                "start": 0,
                "end": 4,
                "username": "WHO",
                "id": "14499829"
            },
            {
                "start": 5,
                "end": 13,
                "username": "WHOWPRO",
                "id": "3794682452"
            },
            {
                "start": 14,
                "end": 23,
                "username": "WHOSEARO",
                "id": "1545915336"
            },
            {
                "start": 24,
                "end": 35,
                "username": "WHO_Europe",
                "id": "125403342"
            },
            {
                "start": 36,
                "end": 44,
                "username": "pahowho",
                "id": "20629893"
            },
            {
                "start": 45,
                "end": 53,
                "username": "WHOEMRO",
                "id": "259372802"
            },
            {
                "start": 54,
                "end": 62,
                "username": "WHOAFRO",
                "id": "544389588"
            }
        ]
    },
    "source": "Twitter Web App",
    "in_reply_to_user_id": 14499829
}