{
    "created_at": "2020-02-03T01:55:01.000Z",
    "entities": {
        "mentions": [
            {
                "start": 0,
                "end": 13,
                "username": "KKMPutrajaya",
                "id": "531041640"
            },
            {
                "start": 14,
                "end": 18,
                "username": "WHO",
                "id": "14499829"
            }
        ]
    },
    "source": "Twitter for Android",
    "id": "1224149256983863296",
    "text": "@KKMPutrajaya @WHO Good responnd KKM... 👍",
    "in_reply_to_user_id": "531041640"
}