{
    "id": "1224223017913339904",
    "in_reply_to_user_id": "12104642",
    "source": "Twitter Web App",
    "entities": {
        "annotations": [
            {
                "start": 52,
                "end": 57,
                "probability": 0.9698,
                "type": "Place",
                "normalized_text": "Kerala"
            }
        ],
        "urls": [
            {
                "start": 62,
                "end": 85,
                "url": "https://t.co/9PzDzJSFtz",
                "expanded_url": "https://twitter.com/abantika77/status/1224222690199752704",
                "display_url": "twitter.com/abantika77/sta…"
            }
        ],
        "mentions": [
            {
                "start": 0,
                "end": 11,
                "username": "bmj_latest",
                "id": "16949344"
            },
            {
                "start": 12,
                "end": 24,
                "username": "AbraarKaran",
                "id": "508591081"
            }
        ]
    },
    "text": "@bmj_latest @AbraarKaran Third confirmed patient in Kerala? \n\nhttps://t.co/9PzDzJSFtz",
    "created_at": "2020-02-03T06:48:07.000Z"
}