{
    "text": "#FAQs on #coronavrius: \nHow effective is thermal scanner in detecting people with the new #coronavrius (nCoV-2019)?\n\n#nCov2019\n#CoronavirusOutbreak https://t.co/Hjaf8uAl6N",
    "source": "Twitter Web App",
    "id": "1224214648750247936",
    "created_at": "2020-02-03T06:14:51.000Z",
    "entities": {
        "urls": [
            {
                "start": 148,
                "end": 171,
                "url": "https://t.co/Hjaf8uAl6N",
                "expanded_url": "https://twitter.com/WHONigeria/status/1224214648750247936/photo/1",
                "display_url": "pic.twitter.com/Hjaf8uAl6N"
            }
        ],
        "hashtags": [
            {
                "start": 0,
                "end": 5,
                "tag": "FAQs"
            },
            {
                "start": 9,
                "end": 21,
                "tag": "coronavrius"
            },
            {
                "start": 90,
                "end": 102,
                "tag": "coronavrius"
            },
            {
                "start": 117,
                "end": 126,
                "tag": "nCov2019"
            },
            {
                "start": 127,
                "end": 147,
                "tag": "CoronavirusOutbreak"
            }
        ]
    }
}