{"created_at": "Mon Feb 03 06:00:38 +0000 2020", "id": 1224211070966956032, "id_str": "1224211070966956032", "text": "@WHOWPRO @WHOPhilippines @WHO_Mongolia @takeshi_kasai @DOHgov @KKMPutrajaya @KoreaCDC @WHOKobe @AMRCRC_JAPAN\u2026 https://t.co/0Xk4GEfahQ", "truncated": true, "entities": {"hashtags": [], "symbols": [], "user_mentions": [{"screen_name": "WHOWPRO", "name": "World Health Organization (WHO) Western Pacific", "id": 3794682452, "id_str": "3794682452", "indices": [0, 8]}, {"screen_name": "WHOPhilippines", "name": "World Health Organization Philippines", "id": 2218026914, "id_str": "2218026914", "indices": [9, 24]}, {"screen_name": "takeshi_kasai", "name": "Dr Takeshi Kasai", "id": 918829268372635648, "id_str": "918829268372635648", "indices": [39, 53]}, {"screen_name": "KKMPutrajaya", "name": "KKMalaysia\ud83c\uddf2\ud83c\uddfe", "id": 531041640, "id_str": "531041640", "indices": [62, 75]}, {"screen_name": "WHOKobe", "name": "WHO Centre for Health Development", "id": 538804810, "id_str": "538804810", "indices": [86, 94]}, {"screen_name": "AMRCRC_JAPAN", "name": "AMR\u81e8\u5e8a\u30ea\u30d5\u30a1\u30ec\u30f3\u30b9\u30bb\u30f3\u30bf\u30fc", "id": 855223341581336576, "id_str": "855223341581336576", "indices": [95, 108]}], "urls": [{"url": "https://t.co/0Xk4GEfahQ", "expanded_url": "https://twitter.com/i/web/status/1224211070966956032", "display_url": "twitter.com/i/web/status/1\u2026", "indices": [110, 133]}]}, "source": "<a href=\"http://twitter.com/download/android\" rel=\"nofollow\">Twitter for Android</a>", "in_reply_to_status_id": 1224201250876489729, "in_reply_to_status_id_str": "1224201250876489729", "in_reply_to_user_id": 3794682452, "in_reply_to_user_id_str": "3794682452", "in_reply_to_screen_name": "WHOWPRO", "user": {"id": 368274238, "id_str": "368274238", "name": "Sandeep Ramalingam", "screen_name": "sanramalin", "location": "Midlothian", "description": "MD, PhD, FRCPath. Consultant Virologist. Interested in solutions for common viral infections (@elvisstudy & @elviskids). Bird watching to unwind.", "url": "https://t.co/wcblUfw7zQ", "entities": {"url": {"urls": [{"url": "https://t.co/wcblUfw7zQ", "expanded_url": "http://www.elviskids.co.uk", "display_url": "elviskids.co.uk", "indices": [0, 23]}]}, "description": {"urls": []}}, "protected": false, "followers_count": 200, "friends_count": 686, "listed_count": 4, "created_at": "Mon Sep 05 11:12:10 +0000 2011", "favourites_count": 2221, "utc_offset": null, "time_zone": null, "geo_enabled": false, "verified": false, "statuses_count": 2561, "lang": null, "contributors_enabled": false, "is_translator": false, "is_translation_enabled": false, "profile_background_color": "C0DEED", "profile_background_image_url": "http://abs.twimg.com/images/themes/theme1/bg.png", "profile_background_image_url_https": "https://abs.twimg.com/images/themes/theme1/bg.png", "profile_background_tile": false, "profile_image_url": "http://pbs.twimg.com/profile_images/510732615981092865/1aCBpyx9_normal.jpeg", "profile_image_url_https": "https://pbs.twimg.com/profile_images/510732615981092865/1aCBpyx9_normal.jpeg", "profile_banner_url": "https://pbs.twimg.com/profile_banners/368274238/1434879916", "profile_link_color": "1DA1F2", "profile_sidebar_border_color": "C0DEED", "profile_sidebar_fill_color": "DDEEF6", "profile_text_color": "333333", "profile_use_background_image": true, "has_extended_profile": false, "default_profile": true, "default_profile_image": false, "following": false, "follow_request_sent": false, "notifications": false, "translator_type": "none"}, "geo": null, "coordinates": null, "place": null, "contributors": null, "is_quote_status": false, "retweet_count": 3, "favorite_count": 8, "favorited": false, "retweeted": false, "possibly_sensitive": false, "lang": "en"}