{"created_at": "Sun Feb 02 18:07:40 +0000 2020", "id": 1224031644920811520, "id_str": "1224031644920811520", "text": "@WHO @WHOWPRO @WHOSEARO @WHO_Europe @pahowho @WHOEMRO @WHOAFRO Is it true there's H5N1 FLU OUTBREAK?", "truncated": false, "entities": {"hashtags": [], "symbols": [], "user_mentions": [{"screen_name": "WHO", "name": "World Health Organization (WHO)", "id": 14499829, "id_str": "14499829", "indices": [0, 4]}, {"screen_name": "WHOWPRO", "name": "World Health Organization (WHO) Western Pacific", "id": 3794682452, "id_str": "3794682452", "indices": [5, 13]}, {"screen_name": "WHOSEARO", "name": "WHO South-East Asia", "id": 1545915336, "id_str": "1545915336", "indices": [14, 23]}, {"screen_name": "WHO_Europe", "name": "WHO/Europe", "id": 125403342, "id_str": "125403342", "indices": [24, 35]}, {"screen_name": "pahowho", "name": "PAHO/WHO", "id": 20629893, "id_str": "20629893", "indices": [36, 44]}, {"screen_name": "WHOEMRO", "name": "WHO EMRO", "id": 259372802, "id_str": "259372802", "indices": [45, 53]}, {"screen_name": "WHOAFRO", "name": "WHO African Region", "id": 544389588, "id_str": "544389588", "indices": [54, 62]}], "urls": []}, "source": "<a href=\"http://twitter.com/download/android\" rel=\"nofollow\">Twitter for Android</a>", "in_reply_to_status_id": 1223993219022753793, "in_reply_to_status_id_str": "1223993219022753793", "in_reply_to_user_id": 14499829, "in_reply_to_user_id_str": "14499829", "in_reply_to_screen_name": "WHO", "user": {"id": 932476446852943872, "id_str": "932476446852943872", "name": "\ud835\udd43\ud835\udd66\ud835\udd5c\ud835\udd5e\ud835\udd52\ud835\udd5f\ud835\udd64", "screen_name": "AbdulRahmanLuk2", "location": "\ud83e\udde1\ud83d\udd4b", "description": "Education is not free atleast you have to pay attention", "url": null, "entities": {"description": {"urls": []}}, "protected": false, "followers_count": 392, "friends_count": 530, "listed_count": 0, "created_at": "Mon Nov 20 05:11:24 +0000 2017", "favourites_count": 48348, "utc_offset": null, "time_zone": null, "geo_enabled": false, "verified": false, "statuses_count": 17439, "lang": null, "contributors_enabled": false, "is_translator": false, "is_translation_enabled": false, "profile_background_color": "F5F8FA", "profile_background_image_url": null, "profile_background_image_url_https": null, "profile_background_tile": false, "profile_image_url": "http://pbs.twimg.com/profile_images/1357576653401161730/j_pqs5tt_normal.jpg", "profile_image_url_https": "https://pbs.twimg.com/profile_images/1357576653401161730/j_pqs5tt_normal.jpg", "profile_banner_url": "https://pbs.twimg.com/profile_banners/932476446852943872/1605371896", "profile_link_color": "1DA1F2", "profile_sidebar_border_color": "C0DEED", "profile_sidebar_fill_color": "DDEEF6", "profile_text_color": "333333", "profile_use_background_image": true, "has_extended_profile": true, "default_profile": true, "default_profile_image": false, "following": false, "follow_request_sent": false, "notifications": false, "translator_type": "none"}, "geo": null, "coordinates": null, "place": null, "contributors": null, "is_quote_status": false, "retweet_count": 0, "favorite_count": 0, "favorited": false, "retweeted": false, "lang": "en"}