{
    "entities": {
        "urls": [
            {
                "start": 183,
                "end": 206,
                "url": "https://t.co/1qc2hcZmuH",
                "expanded_url": "http://jagatgururampalji.org",
                "display_url": "jagatgururampalji.org"
            },
            {
                "start": 207,
                "end": 230,
                "url": "https://t.co/cao5pg9AGY",
                "expanded_url": "https://twitter.com/GhanshyamDahal5/status/1224167228007833600/photo/1",
                "display_url": "pic.twitter.com/cao5pg9AGY"
            }
        ],
        "annotations": [
            {
                "start": 63,
                "end": 65,
                "probability": 0.9273,
                "type": "Other",
                "normalized_text": "God"
            }
        ],
        "mentions": [
            {
                "start": 0,
                "end": 4,
                "username": "WHO",
                "id": "14499829"
            },
            {
                "start": 5,
                "end": 13,
                "username": "WHOWPRO",
                "id": "3794682452"
            },
            {
                "start": 14,
                "end": 23,
                "username": "WHOSEARO",
                "id": "1545915336"
            },
            {
                "start": 24,
                "end": 35,
                "username": "WHO_Europe",
                "id": "125403342"
            },
            {
                "start": 36,
                "end": 44,
                "username": "pahowho",
                "id": "20629893"
            },
            {
                "start": 45,
                "end": 53,
                "username": "WHOEMRO",
                "id": "259372802"
            },
            {
                "start": 54,
                "end": 62,
                "username": "WHOAFRO",
                "id": "544389588"
            }
        ]
    },
    "source": "Twitter for Android",
    "in_reply_to_user_id": "14499829",
    "text": "@WHO @WHOWPRO @WHOSEARO @WHO_Europe @pahowho @WHOEMRO @WHOAFRO God did not even allow humans to eat meat.  Fruits, vegetables, grains, and trees are made for everyone to eat.\n👇 Visit\nhttps://t.co/1qc2hcZmuH https://t.co/cao5pg9AGY",
    "created_at": "2020-02-03T03:06:25.000Z",
    "id": "1224167228007833600"
}