{"created_at": "Sun Feb 02 16:06:32 +0000 2020", "id": 1224001161788702721, "id_str": "1224001161788702721", "text": "@Samanthaprabhu2 Here is a detailed article on #coronavirus #caronavirus in its \"How Bad Will the Coronavirus Outbr\u2026 https://t.co/O7qUfKTdAF", "truncated": true, "entities": {"hashtags": [{"text": "coronavirus", "indices": [47, 59]}, {"text": "caronavirus", "indices": [60, 72]}], "symbols": [], "user_mentions": [{"screen_name": "Samanthaprabhu2", "name": "Samantha Akkineni", "id": 508932270, "id_str": "508932270", "indices": [0, 16]}], "urls": [{"url": "https://t.co/O7qUfKTdAF", "expanded_url": "https://twitter.com/i/web/status/1224001161788702721", "display_url": "twitter.com/i/web/status/1\u2026", "indices": [117, 140]}]}, "source": "<a href=\"https://mobile.twitter.com\" rel=\"nofollow\">Twitter Web App</a>", "in_reply_to_status_id": 1223571295167754240, "in_reply_to_status_id_str": "1223571295167754240", "in_reply_to_user_id": 291166831, "in_reply_to_user_id_str": "291166831", "in_reply_to_screen_name": "sreekanthgudesa", "user": {"id": 291166831, "id_str": "291166831", "name": "Sreekanth Gudesa", "screen_name": "sreekanthgudesa", "location": "Bengaluru, India", "description": "Was in IT Industry for 17+ yrs. Now a Motion Graphic Designer. Settled in B'lore.  Married with two children who are pursuing now in IIT. \nBlog: https://t.co/aT3vZ33Yxs", "url": "https://t.co/5ivLbclSDp", "entities": {"url": {"urls": [{"url": "https://t.co/5ivLbclSDp", "expanded_url": "http://YouTube.com/SreekanthGudesa", "display_url": "YouTube.com/SreekanthGudesa", "indices": [0, 23]}]}, "description": {"urls": [{"url": "https://t.co/aT3vZ33Yxs", "expanded_url": "http://108diyas.com", "display_url": "108diyas.com", "indices": [145, 168]}]}}, "protected": false, "followers_count": 100, "friends_count": 244, "listed_count": 3, "created_at": "Sun May 01 15:25:33 +0000 2011", "favourites_count": 9906, "utc_offset": null, "time_zone": null, "geo_enabled": false, "verified": false, "statuses_count": 8132, "lang": null, "contributors_enabled": false, "is_translator": false, "is_translation_enabled": false, "profile_background_color": "C0DEED", "profile_background_image_url": "http://abs.twimg.com/images/themes/theme1/bg.png", "profile_background_image_url_https": "https://abs.twimg.com/images/themes/theme1/bg.png", "profile_background_tile": false, "profile_image_url": "http://pbs.twimg.com/profile_images/1339569769947693056/IeD31KmJ_normal.jpg", "profile_image_url_https": "https://pbs.twimg.com/profile_images/1339569769947693056/IeD31KmJ_normal.jpg", "profile_banner_url": "https://pbs.twimg.com/profile_banners/291166831/1608289228", "profile_link_color": "1DA1F2", "profile_sidebar_border_color": "C0DEED", "profile_sidebar_fill_color": "DDEEF6", "profile_text_color": "333333", "profile_use_background_image": true, "has_extended_profile": true, "default_profile": true, "default_profile_image": false, "following": false, "follow_request_sent": false, "notifications": false, "translator_type": "none"}, "geo": null, "coordinates": null, "place": null, "contributors": null, "is_quote_status": false, "retweet_count": 0, "favorite_count": 0, "favorited": false, "retweeted": false, "possibly_sensitive": false, "lang": "en"}