{
    "created_at": "2020-02-02 16:16:03+00:00",
    "id": 1224003557352886272,
    "text": "@WHO @WHOWPRO @WHOSEARO @WHO_Europe @pahowho @WHOEMRO @WHOAFRO https://t.co/N8LqhXYpPn\nQ: Is Tedros and XiJing Ping making wrong decision and spread the #WuhanCoronovirus to the world.\nA: Yes, #WHO is not protecting the public health but acting as propaganda of China.",
    "entities": {
        "annotations": [
            {
                "start": 262,
                "end": 266,
                "probability": 0.9618,
                "type": "Place",
                "normalized_text": "China"
            }
        ],
        "hashtags": [
            {
                "start": 153,
                "end": 170,
                "tag": "WuhanCoronovirus"
            },
            {
                "start": 193,
                "end": 197,
                "tag": "WHO"
            }
        ],
        "mentions": [
            {
                "start": 0,
                "end": 4,
                "username": "WHO",
                "id": "14499829"
            },
            {
                "start": 5,
                "end": 13,
                "username": "WHOWPRO",
                "id": "3794682452"
            },
            {
                "start": 14,
                "end": 23,
                "username": "WHOSEARO",
                "id": "1545915336"
            },
            {
                "start": 24,
                "end": 35,
                "username": "WHO_Europe",
                "id": "125403342"
            },
            {
                "start": 36,
                "end": 44,
                "username": "pahowho",
                "id": "20629893"
            },
            {
                "start": 45,
                "end": 53,
                "username": "WHOEMRO",
                "id": "259372802"
            },
            {
                "start": 54,
                "end": 62,
                "username": "WHOAFRO",
                "id": "544389588"
            }
        ],
        "urls": [
            {
                "start": 63,
                "end": 86,
                "url": "https://t.co/N8LqhXYpPn",
                "expanded_url": "https://www.change.org/p/united-nations-call-for-the-resignation-of-tedros-adhanom-ghebreyesus-who-director-general",
                "display_url": "change.org/p/united-natio\u2026"
            }
        ]
    },
    "source": "Twitter for Android",
    "in_reply_to_user_id": 14499829
}