{
    "created_at": "2020-02-02T18:29:21.000Z",
    "entities": {
        "mentions": [
            {
                "start": 0,
                "end": 13,
                "username": "KKMPutrajaya",
                "id": "531041640"
            },
            {
                "start": 14,
                "end": 28,
                "username": "bernamadotcom",
                "id": "106669711"
            },
            {
                "start": 29,
                "end": 33,
                "username": "WHO",
                "id": "14499829"
            }
        ]
    },
    "source": "Twitter for Android",
    "id": "1224037101043437570",
    "text": "@KKMPutrajaya @bernamadotcom @WHO How long is your long?",
    "in_reply_to_user_id": "531041640"
}