{
    "created_at": "2020-02-03 04:22:36+00:00",
    "id": 1224186399840071681,
    "text": "Q: Are #antibiotics \ud83d\udc8a effective in preventing and treating the new #coronavirus?\n\nA: No, antibiotics do not work against viruses, only bacteria.\nThe 2019-nC0V is a #virus and, therefore, antibiotics should not be used as a means of prevention or treatment. https://t.co/5x3AOGGn48",
    "entities": {
        "hashtags": [
            {
                "start": 7,
                "end": 19,
                "tag": "antibiotics"
            },
            {
                "start": 67,
                "end": 79,
                "tag": "coronavirus"
            },
            {
                "start": 164,
                "end": 170,
                "tag": "virus"
            }
        ],
        "urls": [
            {
                "start": 257,
                "end": 280,
                "url": "https://t.co/5x3AOGGn48",
                "expanded_url": "https://twitter.com/WHOSEARO/status/1224186399840071681/photo/1",
                "display_url": "pic.twitter.com/5x3AOGGn48"
            }
        ]
    },
    "source": "Twitter Web App",
    "in_reply_to_user_id": null
}