{
    "created_at": "2020-02-02 17:12:36+00:00",
    "id": 1224017787057664000,
    "text": "@WHO @WHOWPRO @WHOSEARO @WHO_Europe @pahowho @WHOEMRO @WHOAFRO Q: What is the aim of #WHO nowadays?\nA: To make Mr Shithole happy\n\nQ: Who is #WHO Serving target?\nA: #CCP\n\nQ: What does #WHO stand for?\nA: Wuhan Health Organization or Winnie Happy Organization https://t.co/QTt6T3cq9d",
    "entities": {
        "mentions": [
            {
                "start": 0,
                "end": 4,
                "username": "WHO",
                "id": "14499829"
            },
            {
                "start": 5,
                "end": 13,
                "username": "WHOWPRO",
                "id": "3794682452"
            },
            {
                "start": 14,
                "end": 23,
                "username": "WHOSEARO",
                "id": "1545915336"
            },
            {
                "start": 24,
                "end": 35,
                "username": "WHO_Europe",
                "id": "125403342"
            },
            {
                "start": 36,
                "end": 44,
                "username": "pahowho",
                "id": "20629893"
            },
            {
                "start": 45,
                "end": 53,
                "username": "WHOEMRO",
                "id": "259372802"
            },
            {
                "start": 54,
                "end": 62,
                "username": "WHOAFRO",
                "id": "544389588"
            }
        ],
        "hashtags": [
            {
                "start": 85,
                "end": 89,
                "tag": "WHO"
            },
            {
                "start": 140,
                "end": 144,
                "tag": "WHO"
            },
            {
                "start": 164,
                "end": 168,
                "tag": "CCP"
            },
            {
                "start": 183,
                "end": 187,
                "tag": "WHO"
            }
        ],
        "urls": [
            {
                "start": 257,
                "end": 280,
                "url": "https://t.co/QTt6T3cq9d",
                "expanded_url": "https://twitter.com/LawMic1/status/1224017787057664000/photo/1",
                "display_url": "pic.twitter.com/QTt6T3cq9d"
            },
            {
                "start": 257,
                "end": 280,
                "url": "https://t.co/QTt6T3cq9d",
                "expanded_url": "https://twitter.com/LawMic1/status/1224017787057664000/photo/1",
                "display_url": "pic.twitter.com/QTt6T3cq9d"
            },
            {
                "start": 257,
                "end": 280,
                "url": "https://t.co/QTt6T3cq9d",
                "expanded_url": "https://twitter.com/LawMic1/status/1224017787057664000/photo/1",
                "display_url": "pic.twitter.com/QTt6T3cq9d"
            }
        ]
    },
    "source": "Twitter for iPhone",
    "in_reply_to_user_id": 14499829
}