{
    "created_at": "2020-02-04 15:38:10+00:00",
    "id": 1224718798806274048,
    "text": "@WHOWPRO @WHOSEARO @pahowho @WHO_Europe @WHOEMRO @WHOAFRO Q: How does #2019nCoV spread? \nA: https://t.co/j6HsqP9iJb https://t.co/pMi5RLlrlt",
    "entities": {
        "urls": [
            {
                "start": 92,
                "end": 115,
                "url": "https://t.co/j6HsqP9iJb",
                "expanded_url": "http://bit.ly/2019nCoV-FAQ",
                "display_url": "bit.ly/2019nCoV-FAQ",
                "images": [
                    {
                        "url": "https://pbs.twimg.com/news_img/1509683460473982996/tgQ5BGXh?format=jpg&name=orig",
                        "width": 1200,
                        "height": 796
                    },
                    {
                        "url": "https://pbs.twimg.com/news_img/1509683460473982996/tgQ5BGXh?format=jpg&name=150x150",
                        "width": 150,
                        "height": 150
                    }
                ],
                "status": 200,
                "title": "Coronavirus disease (COVID-19)",
                "description": "Latest update 13 May 2021 - WHO is continuously monitoring and responding to this pandemic. This Q&A will be updated as more is known about COVID-19, how it spreads and how it is affecting people worldwide. For more information, regularly check the WHO coronavirus pages. https://www.who.int/covid-19",
                "unwound_url": "https://www.who.int/emergencies/diseases/novel-coronavirus-2019/question-and-answers-hub/q-a-detail/coronavirus-disease-covid-19"
            },
            {
                "start": 116,
                "end": 139,
                "url": "https://t.co/pMi5RLlrlt",
                "expanded_url": "https://twitter.com/WHO/status/1224718798806274048/photo/1",
                "display_url": "pic.twitter.com/pMi5RLlrlt"
            }
        ],
        "mentions": [
            {
                "start": 0,
                "end": 8,
                "username": "WHOWPRO",
                "id": "3794682452"
            },
            {
                "start": 9,
                "end": 18,
                "username": "WHOSEARO",
                "id": "1545915336"
            },
            {
                "start": 19,
                "end": 27,
                "username": "pahowho",
                "id": "20629893"
            },
            {
                "start": 28,
                "end": 39,
                "username": "WHO_Europe",
                "id": "125403342"
            },
            {
                "start": 40,
                "end": 48,
                "username": "WHOEMRO",
                "id": "259372802"
            },
            {
                "start": 49,
                "end": 57,
                "username": "WHOAFRO",
                "id": "544389588"
            }
        ],
        "hashtags": [
            {
                "start": 70,
                "end": 79,
                "tag": "2019nCoV"
            }
        ]
    },
    "source": "Twitter Web App",
    "in_reply_to_user_id": 14499829
}