{
    "created_at": "2020-02-18 13:51:36+00:00",
    "id": 1229765409399812097,
    "text": "@WHO @WHOWPRO @WHOSEARO @WHO_Europe @WHOEMRO @WHOAFRO @pahowho Somebody get this into the cartoons that Trump watches on a daily basis.",
    "entities": {
        "annotations": [
            {
                "start": 104,
                "end": 108,
                "probability": 0.9989,
                "type": "Person",
                "normalized_text": "Trump"
            }
        ],
        "mentions": [
            {
                "start": 0,
                "end": 4,
                "username": "WHO",
                "id": "14499829"
            },
            {
                "start": 5,
                "end": 13,
                "username": "WHOWPRO",
                "id": "3794682452"
            },
            {
                "start": 14,
                "end": 23,
                "username": "WHOSEARO",
                "id": "1545915336"
            },
            {
                "start": 24,
                "end": 35,
                "username": "WHO_Europe",
                "id": "125403342"
            },
            {
                "start": 36,
                "end": 44,
                "username": "WHOEMRO",
                "id": "259372802"
            },
            {
                "start": 45,
                "end": 53,
                "username": "WHOAFRO",
                "id": "544389588"
            },
            {
                "start": 54,
                "end": 62,
                "username": "pahowho",
                "id": "20629893"
            }
        ]
    },
    "source": "Twitter for Android",
    "in_reply_to_user_id": 14499829
}