{
    "created_at": "2020-02-23 06:42:05+00:00",
    "id": 1231469259747975173,
    "text": "Italy becomes the country with the highest number of cases and deaths in Europe.\n#coronavirus \n- 54 cases in Lombardy region (including 1 death, with 18 in critical condition).\n- 18 in Veneto region (including 1 death).\n-   3 in Emilia Romagna region\n-   3 in Rome\n-   1 in Turin",
    "entities": {
        "annotations": [
            {
                "start": 0,
                "end": 4,
                "probability": 0.9816,
                "type": "Place",
                "normalized_text": "Italy"
            },
            {
                "start": 73,
                "end": 78,
                "probability": 0.9966,
                "type": "Place",
                "normalized_text": "Europe"
            },
            {
                "start": 109,
                "end": 116,
                "probability": 0.799,
                "type": "Place",
                "normalized_text": "Lombardy"
            },
            {
                "start": 185,
                "end": 190,
                "probability": 0.9368,
                "type": "Place",
                "normalized_text": "Veneto"
            },
            {
                "start": 229,
                "end": 242,
                "probability": 0.9061,
                "type": "Place",
                "normalized_text": "Emilia Romagna"
            },
            {
                "start": 274,
                "end": 278,
                "probability": 0.9654,
                "type": "Place",
                "normalized_text": "Turin"
            }
        ],
        "hashtags": [
            {
                "start": 81,
                "end": 93,
                "tag": "coronavirus"
            }
        ]
    },
    "source": "Twitter for iPhone",
    "in_reply_to_user_id": 326631858
}