{
    "created_at": "2020-03-03 16:53:38+00:00",
    "id": 1234884649437937664,
    "text": "Can I catch COVID-19 from my pet? https://t.co/qNJCP9I5ri",
    "entities": {
        "urls": [
            {
                "start": 34,
                "end": 57,
                "url": "https://t.co/qNJCP9I5ri",
                "expanded_url": "https://twitter.com/teawithdev/status/1234884649437937664/photo/1",
                "display_url": "pic.twitter.com/qNJCP9I5ri"
            }
        ]
    },
    "source": "Twitter Web App",
    "in_reply_to_user_id": 110341100
}