{
    "created_at": "2020-03-03 16:53:31+00:00",
    "id": 1234884620845367297,
    "text": "Can I catch COVID-19 from the feces of someone with the disease? https://t.co/oVi14JdYPB",
    "entities": {
        "urls": [
            {
                "start": 65,
                "end": 88,
                "url": "https://t.co/oVi14JdYPB",
                "expanded_url": "https://twitter.com/teawithdev/status/1234884620845367297/photo/1",
                "display_url": "pic.twitter.com/oVi14JdYPB"
            }
        ]
    },
    "source": "Twitter Web App",
    "in_reply_to_user_id": 110341100
}