{
    "created_at": "2020-03-11 12:43:13+00:00",
    "id": 1237720736409812998,
    "text": "Since when is it acceptable to value one persons life over another simply because that other person is elderly or has a compromised immune system?  We\u2019re all human.  No one persons life should matter more than another\u2019s! #Covid19 #CoronaVirus",
    "entities": {
        "hashtags": [
            {
                "start": 221,
                "end": 229,
                "tag": "Covid19"
            },
            {
                "start": 230,
                "end": 242,
                "tag": "CoronaVirus"
            }
        ]
    },
    "source": "Twitter for iPhone",
    "in_reply_to_user_id": 381021267
}