{
    "created_at": "2020-03-12 00:40:45+00:00",
    "id": 1237901309011021825,
    "text": "Coronavirus disease (COVID-19) advice for the public:\n\n\u2733\ufe0f Should I wear a mask to protect myself?\n\n\u2733\ufe0f How to put on, use, take off and dispose of a mask?\n\n\u2733\ufe0f When and how to use masks?\n\nhttps://t.co/hYwVDOX3mn https://t.co/aj1CKwbKkE",
    "entities": {
        "urls": [
            {
                "start": 186,
                "end": 209,
                "url": "https://t.co/hYwVDOX3mn",
                "expanded_url": "https://www.who.int/emergencies/diseases/novel-coronavirus-2019/advice-for-public/when-and-how-to-use-masks",
                "display_url": "who.int/emergencies/di\u2026"
            },
            {
                "start": 210,
                "end": 233,
                "url": "https://t.co/aj1CKwbKkE",
                "expanded_url": "https://twitter.com/kareem_alnakeeb/status/1237901309011021825/photo/1",
                "display_url": "pic.twitter.com/aj1CKwbKkE"
            },
            {
                "start": 210,
                "end": 233,
                "url": "https://t.co/aj1CKwbKkE",
                "expanded_url": "https://twitter.com/kareem_alnakeeb/status/1237901309011021825/photo/1",
                "display_url": "pic.twitter.com/aj1CKwbKkE"
            }
        ]
    },
    "source": "Twitter Web App",
    "in_reply_to_user_id": null
}