{
    "created_at": "2020-03-13 14:48:07+00:00",
    "id": 1238476940438204422,
    "text": "@marimachaspeaks \u201cCovid-19 disease usually begins with mild fever, dry cough, sore throat and malaise,\u201d well I don\u2019t have a fever but.... https://t.co/k4GKciDGgV",
    "entities": {
        "urls": [
            {
                "start": 138,
                "end": 161,
                "url": "https://t.co/k4GKciDGgV",
                "expanded_url": "https://twitter.com/RadioRodriguez/status/1238476940438204422/photo/1",
                "display_url": "pic.twitter.com/k4GKciDGgV"
            }
        ],
        "mentions": [
            {
                "start": 0,
                "end": 16,
                "username": "marimachaspeaks",
                "id": "2724432001"
            }
        ]
    },
    "source": "Twitter for iPhone",
    "in_reply_to_user_id": 2724432001
}