{
    "created_at": "2020-03-13 23:03:09+00:00",
    "id": 1238601522306408448,
    "text": "My kid is/I am coughing. Should I ask for testing?\n\nContact a healthcare provider if you or your child has symptoms such as cough, fever, or shortness of breath. Children typically have milder symptoms, more like a common cold\u2026 (2/12)\n\n#COVID19US",
    "entities": {
        "hashtags": [
            {
                "start": 236,
                "end": 246,
                "tag": "COVID19US"
            }
        ]
    },
    "source": "Twitter Web App",
    "in_reply_to_user_id": 29816986
}