{
    "created_at": "2020-03-13 01:36:49+00:00",
    "id": 1238277803977641984,
    "text": "#FACTCHECK\nCan mosquitoes transmit #coronavirus? \nMythbusting and Factchecking coronavirus https://t.co/kohdb5VcGe #Covid_19 #CoronavirusPandemic #CoronaVirusSafety https://t.co/addP8KoeLa",
    "entities": {
        "urls": [
            {
                "start": 91,
                "end": 114,
                "url": "https://t.co/kohdb5VcGe",
                "expanded_url": "https://www.who.int/emergencies/diseases/novel-coronavirus-2019/advice-for-public/myth-busters",
                "display_url": "who.int/emergencies/di\u2026"
            },
            {
                "start": 165,
                "end": 188,
                "url": "https://t.co/addP8KoeLa",
                "expanded_url": "https://twitter.com/SarahJonesWTHR/status/1238277803977641984/photo/1",
                "display_url": "pic.twitter.com/addP8KoeLa"
            }
        ],
        "hashtags": [
            {
                "start": 0,
                "end": 10,
                "tag": "FACTCHECK"
            },
            {
                "start": 35,
                "end": 47,
                "tag": "coronavirus"
            },
            {
                "start": 115,
                "end": 124,
                "tag": "Covid_19"
            },
            {
                "start": 125,
                "end": 145,
                "tag": "CoronavirusPandemic"
            },
            {
                "start": 146,
                "end": 164,
                "tag": "CoronaVirusSafety"
            }
        ]
    },
    "source": "Twitter for iPhone",
    "in_reply_to_user_id": 1022930031922872320
}