{
    "created_at": "2020-03-15 18:42:26+00:00",
    "id": 1239260687341359104,
    "text": "Antibiotics do not work against viruses, only bacteria.\n\n#COVID19 is a virus and, therefore, antibiotics should not be used as a means of prevention or treatment.\n\nIf hospitalized for #COVID19, you may receive antibiotics coz bacterial co-infection is possible #CoronaVirusUpdates https://t.co/Fq1A4VEs4z",
    "entities": {
        "hashtags": [
            {
                "start": 57,
                "end": 65,
                "tag": "COVID19"
            },
            {
                "start": 184,
                "end": 192,
                "tag": "COVID19"
            },
            {
                "start": 261,
                "end": 280,
                "tag": "CoronaVirusUpdates"
            }
        ],
        "urls": [
            {
                "start": 281,
                "end": 304,
                "url": "https://t.co/Fq1A4VEs4z",
                "expanded_url": "https://twitter.com/CollinsNgetich/status/1239260687341359104/photo/1",
                "display_url": "pic.twitter.com/Fq1A4VEs4z"
            }
        ]
    },
    "source": "Twitter Web App",
    "in_reply_to_user_id": 41103354
}