{
    "created_at": "2020-03-17 06:29:51+00:00",
    "id": 1239801100133371904,
    "text": "@MAbdullahGul What is a coronavirus?\n\nCoronaviruses are a family of viruses that cause disease in animals. Seven, including the new virus, have made the jump to humans, but most just cause cold-like symptoms.\nTwo other coronaviruses \u2013 Middle East respiratory syndrome (Mers) 1/2",
    "entities": {
        "mentions": [
            {
                "start": 0,
                "end": 13,
                "username": "MAbdullahGul",
                "id": "752937698"
            }
        ]
    },
    "source": "Twitter for Android",
    "in_reply_to_user_id": 752937698
}