{
    "created_at": "2020-03-16 02:12:51+00:00",
    "id": 1239374035466805248,
    "text": "6) https://t.co/lDIesSygs5\n7)https://t.co/6iFECL5fgC\n8)https://t.co/Lg0g6f9c9b",
    "entities": {
        "urls": [
            {
                "start": 3,
                "end": 26,
                "url": "https://t.co/lDIesSygs5",
                "expanded_url": "https://healthblog.uofmhealth.org/wellness-prevention/flattening-curve-for-covid-19-what-does-it-mean-and-how-can-you-help",
                "display_url": "healthblog.uofmhealth.org/wellness-preve\u2026",
                "images": [
                    {
                        "url": "https://pbs.twimg.com/news_img/1511368931281416195/kPMZkvyq?format=jpg&name=orig",
                        "width": 850,
                        "height": 478
                    },
                    {
                        "url": "https://pbs.twimg.com/news_img/1511368931281416195/kPMZkvyq?format=jpg&name=150x150",
                        "width": 150,
                        "height": 150
                    }
                ],
                "status": 200,
                "title": "Flattening the Curve for COVID-19: What Does It Mean and How Can You Help?",
                "description": "History shows that taking strong steps now to slow the spread of coronavirus will help communities and individuals.",
                "unwound_url": "https://healthblog.uofmhealth.org/wellness-prevention/flattening-curve-for-covid-19-what-does-it-mean-and-how-can-you-help"
            },
            {
                "start": 29,
                "end": 52,
                "url": "https://t.co/6iFECL5fgC",
                "expanded_url": "https://www.ncbi.nlm.nih.gov/pmc/articles/PMC4170985/",
                "display_url": "ncbi.nlm.nih.gov/pmc/articles/P\u2026"
            },
            {
                "start": 55,
                "end": 78,
                "url": "https://t.co/Lg0g6f9c9b",
                "expanded_url": "https://www.ncbi.nlm.nih.gov/books/NBK525302/",
                "display_url": "ncbi.nlm.nih.gov/books/NBK52530\u2026"
            }
        ]
    },
    "source": "Twitter for Android",
    "in_reply_to_user_id": 1143578810144608256
}