{
    "created_at": "2020-03-15 03:47:34+00:00",
    "id": 1239035486217416704,
    "text": "@Monstaars so, the WHO estimates that of people who get infected, 1 in 5 will need hospital care. so 20% https://t.co/ODHcFVbRrn look under \"should i worry about COVID-19?\"",
    "entities": {
        "urls": [
            {
                "start": 105,
                "end": 128,
                "url": "https://t.co/ODHcFVbRrn",
                "expanded_url": "https://www.who.int/news-room/q-a-detail/q-a-coronaviruses",
                "display_url": "who.int/news-room/q-a-\u2026"
            }
        ],
        "mentions": [
            {
                "start": 0,
                "end": 10,
                "username": "Monstaars",
                "id": "400531577"
            }
        ]
    },
    "source": "Twitter Web App",
    "in_reply_to_user_id": 400531577
}