{
    "created_at": "2020-03-20 13:10:05+00:00",
    "id": 1240988985696149506,
    "text": "MYTH-06: CAN AN ULTRAVIOLET DISINFECTION LAMP KILL THE NEW CORONAVIRUS?\n\nUV lamps should not be used to sterilize hands or other areas of skin as UV radiation can cause skin irritation. #Covid_19 \n\n9/n",
    "entities": {
        "hashtags": [
            {
                "start": 186,
                "end": 195,
                "tag": "Covid_19"
            }
        ]
    },
    "source": "Twitter for Android",
    "in_reply_to_user_id": 4499388753
}