{
    "created_at": "2020-03-17 22:50:08+00:00",
    "id": 1240047798587805696,
    "text": "#NewCrownVirus \ud83d\udc51 March 17\n\n10) SENATOR GRASSLEY ACCUSES CHINA SECRETIVENESS\n\nAND HIDING REN ZHIQIANG \u201cTHE CANNON\u201d https://t.co/2fpYPMKN82",
    "entities": {
        "hashtags": [
            {
                "start": 0,
                "end": 14,
                "tag": "NewCrownVirus"
            }
        ],
        "annotations": [
            {
                "start": 32,
                "end": 47,
                "probability": 0.6172,
                "type": "Person",
                "normalized_text": "SENATOR GRASSLEY"
            },
            {
                "start": 57,
                "end": 61,
                "probability": 0.9136,
                "type": "Place",
                "normalized_text": "CHINA"
            },
            {
                "start": 89,
                "end": 100,
                "probability": 0.5943,
                "type": "Person",
                "normalized_text": "REN ZHIQIANG"
            }
        ],
        "urls": [
            {
                "start": 114,
                "end": 137,
                "url": "https://t.co/2fpYPMKN82",
                "expanded_url": "https://twitter.com/jj_talking/status/1240047798587805696/photo/1",
                "display_url": "pic.twitter.com/2fpYPMKN82"
            }
        ]
    },
    "source": "Twitter Web App",
    "in_reply_to_user_id": 826129656856207360
}