{
    "created_at": "2020-03-21 16:21:10+00:00",
    "id": 1241399461550518274,
    "text": "Q5: What care should be available during #pregnancy &amp; childbirth?\n\nAns: All #pregnant women, including those with confirmed or suspected #COVID19 infections, have the right to high quality care before, during and after childbirth. @V2019N @MoHFW_INDIA @WHO (1/2) #parentingQ",
    "entities": {
        "hashtags": [
            {
                "start": 41,
                "end": 51,
                "tag": "pregnancy"
            },
            {
                "start": 80,
                "end": 89,
                "tag": "pregnant"
            },
            {
                "start": 141,
                "end": 149,
                "tag": "COVID19"
            },
            {
                "start": 267,
                "end": 278,
                "tag": "parentingQ"
            }
        ],
        "mentions": [
            {
                "start": 235,
                "end": 242,
                "username": "V2019N",
                "id": "1218324988966531072"
            },
            {
                "start": 243,
                "end": 255,
                "username": "MoHFW_INDIA",
                "id": "2596143056"
            },
            {
                "start": 256,
                "end": 260,
                "username": "WHO",
                "id": "14499829"
            }
        ]
    },
    "source": "Twitter Web App",
    "in_reply_to_user_id": 1197205231177588736
}