{
    "created_at": "2020-03-23 14:18:05+00:00",
    "id": 1242093262384447491,
    "text": "Airborne spread has not been reported for #COVID-19 #coronavirus. \nChinese authorities reported possibility of aerosol transmission in a relatively closed environment with prolonged exposure like ICUs &amp; CCUs in hospitals, but more epid data analysis is needed to understand this.",
    "entities": {
        "hashtags": [
            {
                "start": 42,
                "end": 48,
                "tag": "COVID"
            },
            {
                "start": 52,
                "end": 64,
                "tag": "coronavirus"
            }
        ]
    },
    "source": "Twitter for iPhone",
    "in_reply_to_user_id": 1545915336
}