{
    "created_at": "2020-03-26 02:08:00+00:00",
    "id": 1242996695450836992,
    "text": "@TOONdids @sec1968 @realBradBrewer @JackPosobiec I think it's on CDC site too, but can't find it now.\n\nAt WHO\n\nLook under \"How does Covid 19 spread\" then: \"Can CoVID-19 be caught from a person who has no symptoms?\"\n\nSays:\n\n\"The risk of catching COVID-19 from someone with no symptoms at all is very low.\"\n\nhttps://t.co/uOCSWXnsN9",
    "entities": {
        "mentions": [
            {
                "start": 10,
                "end": 18,
                "username": "sec1968",
                "id": "486007290"
            },
            {
                "start": 19,
                "end": 34,
                "username": "realBradBrewer",
                "id": "247374262"
            },
            {
                "start": 35,
                "end": 48,
                "username": "JackPosobiec",
                "id": "592730371"
            }
        ],
        "urls": [
            {
                "start": 306,
                "end": 329,
                "url": "https://t.co/uOCSWXnsN9",
                "expanded_url": "https://www.who.int/news-room/q-a-detail/q-a-coronaviruses",
                "display_url": "who.int/news-room/q-a-\u2026"
            }
        ]
    },
    "source": "Twitter for Android",
    "in_reply_to_user_id": 537830162
}