{
    "created_at": "2020-03-28 10:19:19+00:00",
    "id": 1243845112662237184,
    "text": "@vgrgic @tomgrundy @jasonyng Many people wash their hands in a wrong way. But the WHO doesn't advice people to stop washing their hands. Instead, they give proper instructions. Why is that not happening with regard to the use of masks then? Most probably because a shortage.",
    "entities": {
        "mentions": [
            {
                "start": 0,
                "end": 7,
                "username": "vgrgic",
                "id": "14242304"
            },
            {
                "start": 8,
                "end": 18,
                "username": "tomgrundy",
                "id": "74418756"
            }
        ]
    },
    "source": "Twitter for Android",
    "in_reply_to_user_id": 14242304
}