{
    "created_at": "2020-03-26 06:12:08+00:00",
    "id": 1243058133427195904,
    "text": "@Impedance20 Man I get that feeling quite often whenever I feel a little discomfort. The brains be playing with u tho.",
    "entities": {
        "mentions": [
            {
                "start": 0,
                "end": 12,
                "username": "Impedance20",
                "id": "1162085834079854594"
            }
        ]
    },
    "source": "Twitter for iPhone",
    "in_reply_to_user_id": 1162085834079854594
}