{
    "created_at": "2020-03-29 03:51:43+00:00",
    "id": 1244109959228313601,
    "text": "@priyapyadav18 @OverseasINCian The PM gets away with many things because there are very few individuals who THINK and QUESTION.\nSome idiots are even praising the Moron for coming up with this idea.\nWhat can I say?",
    "entities": {
        "mentions": [
            {
                "start": 0,
                "end": 14,
                "username": "priyapyadav18",
                "id": "3300288798"
            }
        ]
    },
    "source": "Twitter for Android",
    "in_reply_to_user_id": 3300288798
}