{
    "created_at": "2020-03-29 19:05:14+00:00",
    "id": 1244339851882790914,
    "text": "@Adeoluwa_noble @iefamharris Where\u2019s our giveaway? We need it now than before",
    "entities": {
        "mentions": [
            {
                "start": 0,
                "end": 15,
                "username": "Adeoluwa_noble",
                "id": "393559303"
            },
            {
                "start": 16,
                "end": 28,
                "username": "iefamharris",
                "id": "282383532"
            }
        ]
    },
    "source": "Twitter for iPhone",
    "in_reply_to_user_id": 393559303
}