{
    "created_at": "2020-03-30 06:52:57+00:00",
    "id": 1244517957624926208,
    "text": "Can eating garlic help prevent infection with the new coronavirus?\nGarlic is a healthy food that may have some antimicrobial properties. However, there is no evidence from the current outbreak that eating garlic has protected people from the new coronavirus\n\n#stayhome #staysafe https://t.co/ajeF7JrnA4",
    "entities": {
        "hashtags": [
            {
                "start": 259,
                "end": 268,
                "tag": "stayhome"
            },
            {
                "start": 269,
                "end": 278,
                "tag": "staysafe"
            }
        ],
        "urls": [
            {
                "start": 279,
                "end": 302,
                "url": "https://t.co/ajeF7JrnA4",
                "expanded_url": "https://twitter.com/SavioSt/status/1244517957624926208/photo/1",
                "display_url": "pic.twitter.com/ajeF7JrnA4"
            }
        ]
    },
    "source": "Twitter Web App",
    "in_reply_to_user_id": null
}