{
    "created_at": "2020-04-01 17:08:14+00:00",
    "id": 1245397572199550986,
    "text": "that enriches our knowledge about\n what is a coronavirus, what is its pathology /physiology mode of Transmission, what actually is needed to do and what not to do, How to enhance our immunity? Just want to not only rely on Whatsapp msgs and Facebook posts(that are 90% fake)\n4/7",
    "entities": {
        "annotations": [
            {
                "start": 223,
                "end": 230,
                "probability": 0.868,
                "type": "Product",
                "normalized_text": "Whatsapp"
            },
            {
                "start": 241,
                "end": 248,
                "probability": 0.833,
                "type": "Product",
                "normalized_text": "Facebook"
            }
        ]
    },
    "source": "Twitter Web App",
    "in_reply_to_user_id": 456401394
}