{
    "created_at": "2020-04-01 09:08:21+00:00",
    "id": 1245276804929269760,
    "text": "Is COVID-19 airborne?\n\u2764\u2764\u2764\u2764\u2764\u2764\u2764\u2764\u2764\nThe virus that causes COVID-19 is mainly transmitted through droplets generated when an infected person coughs, sneezes, or speaks. These droplets are too heavy to hang in the air. They quickly fall on floors or surfaces.\n \ud83d\ude2d\ud83d\ude2d\ud83d\ude2d\ud83d\ude0d\ud83d\ude0d\ud83d\ude18\ud83d\ude18",
    "entities": null,
    "source": "Twitter Web App",
    "in_reply_to_user_id": null
}