{
    "created_at": "2020-04-06 16:35:31+00:00",
    "id": 1247201278951919618,
    "text": "@SMahashur @asuph I might not grow either. I need to breathe! Smile.",
    "entities": {
        "mentions": [
            {
                "start": 0,
                "end": 10,
                "username": "SMahashur",
                "id": "1100386497838993408"
            },
            {
                "start": 11,
                "end": 17,
                "username": "asuph",
                "id": "14448856"
            }
        ]
    },
    "source": "Twitter Web App",
    "in_reply_to_user_id": 1100386497838993408
}