{
    "created_at": "2020-04-06 09:39:07+00:00",
    "id": 1247096490423615488,
    "text": "@MattScript @ruskin147 Go on then, what are the facts?",
    "entities": {
        "mentions": [
            {
                "start": 0,
                "end": 11,
                "username": "MattScript",
                "id": "353962723"
            },
            {
                "start": 12,
                "end": 22,
                "username": "ruskin147",
                "id": "1294741"
            }
        ]
    },
    "source": "Twitter for Android",
    "in_reply_to_user_id": 353962723
}