{
    "created_at": "2020-04-10 13:40:53+00:00",
    "id": 1248606881846824960,
    "text": "@thatchriswalker So bizarre that Fox News is activity trying to kill it\u2019s own viewers.",
    "entities": {
        "annotations": [
            {
                "start": 33,
                "end": 40,
                "probability": 0.9508,
                "type": "Organization",
                "normalized_text": "Fox News"
            }
        ],
        "mentions": [
            {
                "start": 0,
                "end": 16,
                "username": "thatchriswalker",
                "id": "89568605"
            }
        ]
    },
    "source": "Twitter for iPhone",
    "in_reply_to_user_id": 89568605
}