{
    "created_at": "2020-04-14 18:30:15+00:00",
    "id": 1250129257315078144,
    "text": "@citizentvkenya Please tell @MikeSonko that alcohol when ingested acts primarily at the CNS level and hence his objective of dealing with coronavirus through issuance of alcoholic drink  is cosmetic.",
    "entities": {
        "mentions": [
            {
                "start": 0,
                "end": 15,
                "username": "citizentvkenya",
                "id": "70394965"
            },
            {
                "start": 28,
                "end": 38,
                "username": "MikeSonko",
                "id": "1462725421"
            }
        ]
    },
    "source": "Twitter for Android",
    "in_reply_to_user_id": 70394965
}