{
    "created_at": "2020-04-14 16:28:15+00:00",
    "id": 1250098553717997572,
    "text": "@jahkyd @citizentvkenya @Vinniewilsons Ukweli. Hawana pesa za mask lakini pombe inapewa bure.",
    "entities": {
        "mentions": [
            {
                "start": 0,
                "end": 7,
                "username": "jahkyd",
                "id": "1223925960237617152"
            },
            {
                "start": 8,
                "end": 23,
                "username": "citizentvkenya",
                "id": "70394965"
            },
            {
                "start": 24,
                "end": 38,
                "username": "Vinniewilsons",
                "id": "1183015362310430720"
            }
        ]
    },
    "source": "Twitter Web App",
    "in_reply_to_user_id": 1223925960237617152
}