{
    "created_at": "2020-04-15 00:25:57+00:00",
    "id": 1250218770628349952,
    "text": "2. Are antibiotics effective in preventing and treating the new coronavirus?\n\n#COVID19Malaysia https://t.co/0Hbs7sQs4U",
    "entities": {
        "hashtags": [
            {
                "start": 78,
                "end": 94,
                "tag": "COVID19Malaysia"
            }
        ],
        "urls": [
            {
                "start": 95,
                "end": 118,
                "url": "https://t.co/0Hbs7sQs4U",
                "expanded_url": "https://twitter.com/ucoptempe/status/1250218770628349952/photo/1",
                "display_url": "pic.twitter.com/0Hbs7sQs4U"
            }
        ]
    },
    "source": "Twitter Web App",
    "in_reply_to_user_id": 312362691
}