{
    "created_at": "2020-04-15 00:32:23+00:00",
    "id": 1250220389323526146,
    "text": "13. Cold weather and snow CANNOT kill the new coronavirus. https://t.co/7yeQQ6gLNo",
    "entities": {
        "urls": [
            {
                "start": 59,
                "end": 82,
                "url": "https://t.co/7yeQQ6gLNo",
                "expanded_url": "https://twitter.com/ucoptempe/status/1250220389323526146/photo/1",
                "display_url": "pic.twitter.com/7yeQQ6gLNo"
            }
        ]
    },
    "source": "Twitter Web App",
    "in_reply_to_user_id": 312362691
}