{
    "created_at": "2020-04-14 15:28:45+00:00",
    "id": 1250083579314520069,
    "text": "@citizentvkenya @Gideon_Kitheka  kijana  yenu  akona  backing  of  @WHO",
    "entities": {
        "mentions": [
            {
                "start": 0,
                "end": 15,
                "username": "citizentvkenya",
                "id": "70394965"
            },
            {
                "start": 16,
                "end": 31,
                "username": "Gideon_Kitheka",
                "id": "3288685697"
            },
            {
                "start": 67,
                "end": 71,
                "username": "WHO",
                "id": "14499829"
            }
        ]
    },
    "source": "Twitter for Android",
    "in_reply_to_user_id": 70394965
}