{
    "created_at": "2020-04-14 15:57:19+00:00",
    "id": 1250090769941180417,
    "text": "@citizentvkenya There was no lower score https://t.co/1JRAhoqPnC",
    "entities": {
        "mentions": [
            {
                "start": 0,
                "end": 15,
                "username": "citizentvkenya",
                "id": "70394965"
            }
        ],
        "urls": [
            {
                "start": 41,
                "end": 64,
                "url": "https://t.co/1JRAhoqPnC",
                "expanded_url": "https://twitter.com/MativoMJohn/status/1250090769941180417/photo/1",
                "display_url": "pic.twitter.com/1JRAhoqPnC"
            }
        ]
    },
    "source": "Twitter for iPhone",
    "in_reply_to_user_id": 70394965
}