{
    "created_at": "2020-04-15 08:57:33+00:00",
    "id": 1250347518002515968,
    "text": "@citizentvkenya @MrAdegboyega see your neighbor ooo",
    "entities": {
        "mentions": [
            {
                "start": 0,
                "end": 15,
                "username": "citizentvkenya",
                "id": "70394965"
            },
            {
                "start": 16,
                "end": 29,
                "username": "MrAdegboyega",
                "id": "741064495368445952"
            }
        ]
    },
    "source": "Twitter for Android",
    "in_reply_to_user_id": 70394965
}