{
    "created_at": "2020-04-14 14:51:48+00:00",
    "id": 1250074279351377923,
    "text": "@citizentvkenya @FauzKhalid they reposted with warning",
    "entities": {
        "mentions": [
            {
                "start": 0,
                "end": 15,
                "username": "citizentvkenya",
                "id": "70394965"
            },
            {
                "start": 16,
                "end": 27,
                "username": "FauzKhalid",
                "id": "67646648"
            }
        ]
    },
    "source": "Twitter for iPhone",
    "in_reply_to_user_id": 70394965
}