{
    "created_at": "2020-04-14 20:04:00+00:00",
    "id": 1250152847037128705,
    "text": "@PKelley513 @GovMikeDeWine YOU\u2019RE RIGHT! Numbers don\u2019t lie! I guess I\u2019m just confused where you are getting YOUR numbers... https://t.co/HbwiJm163o",
    "entities": {
        "mentions": [
            {
                "start": 0,
                "end": 11,
                "username": "PKelley513",
                "id": "1147039824"
            },
            {
                "start": 12,
                "end": 26,
                "username": "GovMikeDeWine",
                "id": "18820392"
            }
        ],
        "urls": [
            {
                "start": 124,
                "end": 147,
                "url": "https://t.co/HbwiJm163o",
                "expanded_url": "https://twitter.com/taliasfeelings/status/1250152847037128705/photo/1",
                "display_url": "pic.twitter.com/HbwiJm163o"
            }
        ]
    },
    "source": "Twitter for iPhone",
    "in_reply_to_user_id": 1147039824
}