{
    "created_at": "2020-04-14 20:33:01+00:00",
    "id": 1250160153003020288,
    "text": "@CandelaBak @citizentvkenya @directorkimfury Mi hata wanipee hiyo Hennesy wakae na chakula\ud83d\ude2d",
    "entities": {
        "mentions": [
            {
                "start": 0,
                "end": 11,
                "username": "CandelaBak",
                "id": "752080026"
            },
            {
                "start": 12,
                "end": 27,
                "username": "citizentvkenya",
                "id": "70394965"
            },
            {
                "start": 28,
                "end": 44,
                "username": "directorkimfury",
                "id": "949520079435132929"
            }
        ]
    },
    "source": "Twitter for Android",
    "in_reply_to_user_id": 752080026
}