{
    "created_at": "2020-04-14 14:29:27+00:00",
    "id": 1250068654609350658,
    "text": "@citizentvkenya @Hilarie_Owino Legend \ud83d\ude02",
    "entities": {
        "mentions": [
            {
                "start": 0,
                "end": 15,
                "username": "citizentvkenya",
                "id": "70394965"
            },
            {
                "start": 16,
                "end": 30,
                "username": "Hilarie_Owino",
                "id": "1121105867380854784"
            }
        ]
    },
    "source": "Twitter for Android",
    "in_reply_to_user_id": 70394965
}