{
    "created_at": "2020-04-19 14:37:33+00:00",
    "id": 1251882635661582337,
    "text": "@DrZweliMkhize I place paper on the table. All packets are placed on the paper. I wipe down or spray each and every item purchased, especially fridge items. Rather be safe than sorry. Wash hands thoroughly after.",
    "entities": {
        "mentions": [
            {
                "start": 0,
                "end": 14,
                "username": "DrZweliMkhize",
                "id": "844486678324658176"
            }
        ]
    },
    "source": "Twitter for Android",
    "in_reply_to_user_id": 844486678324658176
}