{
    "created_at": "2020-04-19 12:54:00+00:00",
    "id": 1251856575989506048,
    "text": "@DrZweliMkhize Thank you so much Minister, we must abide with the rules so that we can flatten the curve.",
    "entities": {
        "mentions": [
            {
                "start": 0,
                "end": 14,
                "username": "DrZweliMkhize",
                "id": "844486678324658176"
            }
        ]
    },
    "source": "Twitter Web App",
    "in_reply_to_user_id": 844486678324658176
}