{
    "created_at": "2020-04-19 13:16:23+00:00",
    "id": 1251862209464086530,
    "text": "@DrZweliMkhize May I ask where and how do i report an employer who is violating the Covid-19 rules?",
    "entities": {
        "mentions": [
            {
                "start": 0,
                "end": 14,
                "username": "DrZweliMkhize",
                "id": "844486678324658176"
            }
        ]
    },
    "source": "Twitter for Android",
    "in_reply_to_user_id": 844486678324658176
}