{
    "created_at": "2020-04-17 14:50:36+00:00",
    "id": 1251161140651978758,
    "text": "We already have the highest number of COVID-19 cases in Southeast Asia with minimal testing. Without testing, we\u2019re acting blind &amp; exposing the vulnerable\u2014 old, poor, and the jobless. I think that there will be no choice but to extend this lockdown. https://t.co/iKhER5Gf8S",
    "entities": {
        "annotations": [
            {
                "start": 56,
                "end": 69,
                "probability": 0.874,
                "type": "Place",
                "normalized_text": "Southeast Asia"
            }
        ],
        "urls": [
            {
                "start": 254,
                "end": 277,
                "url": "https://t.co/iKhER5Gf8S",
                "expanded_url": "https://twitter.com/elyssardof/status/1251161140651978758/photo/1",
                "display_url": "pic.twitter.com/iKhER5Gf8S"
            }
        ]
    },
    "source": "Twitter Web App",
    "in_reply_to_user_id": 1250657308125745153
}