{
    "created_at": "2020-04-17 14:52:16+00:00",
    "id": 1251161563194552323,
    "text": "We should all cooperate during this lockdown. The government should provide our needs and necessities to prevent people from going outside. We can overcome this situation by cooperating and puting our faith to God and the frontliners. https://t.co/Mfq7mH4RoG",
    "entities": {
        "annotations": [
            {
                "start": 210,
                "end": 212,
                "probability": 0.9712,
                "type": "Other",
                "normalized_text": "God"
            }
        ],
        "urls": [
            {
                "start": 235,
                "end": 258,
                "url": "https://t.co/Mfq7mH4RoG",
                "expanded_url": "https://twitter.com/elyssardof/status/1251161563194552323/photo/1",
                "display_url": "pic.twitter.com/Mfq7mH4RoG"
            }
        ]
    },
    "source": "Twitter Web App",
    "in_reply_to_user_id": 1250657308125745153
}