{
    "created_at": "2020-04-19 15:46:44+00:00",
    "id": 1251900043185082369,
    "text": "@DrZweliMkhize Of course not. #CoronaHoax",
    "entities": {
        "mentions": [
            {
                "start": 0,
                "end": 14,
                "username": "DrZweliMkhize",
                "id": "844486678324658176"
            }
        ],
        "hashtags": [
            {
                "start": 30,
                "end": 41,
                "tag": "CoronaHoax"
            }
        ]
    },
    "source": "Twitter Web App",
    "in_reply_to_user_id": 844486678324658176
}