{
    "created_at": "2020-04-20 19:09:44+00:00",
    "id": 1252313519325880320,
    "text": "@DrZweliMkhize I also sanitize everything I buy from the grocery shop my kids call me paranoid, maybe i am\ud83e\udd37\ud83c\udffd\u200d\u2640\ufe0f",
    "entities": {
        "mentions": [
            {
                "start": 0,
                "end": 14,
                "username": "DrZweliMkhize",
                "id": "844486678324658176"
            }
        ]
    },
    "source": "Twitter for Android",
    "in_reply_to_user_id": 844486678324658176
}