{
    "created_at": "2020-04-24 22:30:59+00:00",
    "id": 1253813717092851712,
    "text": "@Conserv57871867 @JoeySalads they're the same virus... covid 19, also known as Corona virus, Like, what, is covid-19 a scarier name to you?",
    "entities": {
        "mentions": [
            {
                "start": 17,
                "end": 28,
                "username": "JoeySalads",
                "id": "488998711"
            }
        ]
    },
    "source": "Twitter for Android",
    "in_reply_to_user_id": 1253487154153639946
}