{
    "created_at": "2020-04-26 16:58:42+00:00",
    "id": 1254454868728786954,
    "text": "@NolteNC @jkc_jaycee As long as you return to your beaches in your state and stay out of my state will be good with the beaches.Look at the I-10 corridor from Texas to Florida and you can see where the spring breakers and vacationers came through in February that whole corridor is contaminated.",
    "entities": {
        "mentions": [
            {
                "start": 0,
                "end": 8,
                "username": "NolteNC",
                "id": "16163639"
            }
        ],
        "annotations": [
            {
                "start": 159,
                "end": 163,
                "probability": 0.9941,
                "type": "Place",
                "normalized_text": "Texas"
            },
            {
                "start": 168,
                "end": 174,
                "probability": 0.9813,
                "type": "Place",
                "normalized_text": "Florida"
            }
        ]
    },
    "source": "Twitter for Android",
    "in_reply_to_user_id": 16163639
}