{
    "created_at": "2020-04-26 17:52:14+00:00",
    "id": 1254468341303070721,
    "text": "Q5. @PublicHealthRx Who is at risk for becoming sick and ill from COVID-19 ? #JCIAUKickoutCovid19 https://t.co/SCCIVGx2qC",
    "entities": {
        "hashtags": [
            {
                "start": 77,
                "end": 97,
                "tag": "JCIAUKickoutCovid19"
            }
        ],
        "mentions": [
            {
                "start": 4,
                "end": 19,
                "username": "PublicHealthRx",
                "id": "1191041848099266560"
            }
        ],
        "urls": [
            {
                "start": 98,
                "end": 121,
                "url": "https://t.co/SCCIVGx2qC",
                "expanded_url": "https://twitter.com/jciabujaunity/status/1254468341303070721/photo/1",
                "display_url": "pic.twitter.com/SCCIVGx2qC"
            }
        ]
    },
    "source": "Twitter for Android",
    "in_reply_to_user_id": 4443586222
}