{
    "created_at": "2020-04-29 16:28:08+00:00",
    "id": 1255534341251358721,
    "text": "@DondaBella @IAMGUKS @DBE_SA Who\u2019s gonna buy ama snacks and sweets from umama when I can stock up on that myself?",
    "entities": {
        "mentions": [
            {
                "start": 0,
                "end": 11,
                "username": "DondaBella",
                "id": "1222816469349797888"
            },
            {
                "start": 12,
                "end": 20,
                "username": "IAMGUKS",
                "id": "1074300738"
            },
            {
                "start": 21,
                "end": 28,
                "username": "DBE_SA",
                "id": "168410432"
            }
        ]
    },
    "source": "Twitter for iPhone",
    "in_reply_to_user_id": 1222816469349797888
}