{
    "created_at": "2020-04-30 21:34:55+00:00",
    "id": 1255973934907953158,
    "text": "@Comrade_Cheapra @petropouliotiz \u0391\u03c0\u03b1\u03bd\u03c4\u03ae\u03c3\u03c4\u03b5 \u03bc\u03bf\u03c5, \u03cc\u03bc\u03c9\u03c2, \u03b5\u03c3\u03b5\u03af\u03c2. \u0395\u03af\u03bd\u03b1\u03b9 \u03bf \u03c5\u03c0\u03b5\u03cd\u03b8\u03c5\u03bd\u03bf\u03c2 \u03c4\u03b7\u03c2 \u03b5\u03c0\u03b9\u03c4\u03c1\u03bf\u03c0\u03ae\u03c2 \u03bb\u03bf\u03b9\u03bc\u03c9\u03be\u03b9\u03bf\u03bb\u03bf\u03b3\u03c9\u03bd? \u039a\u03b1\u03b8\u03bf\u03c1\u03af\u03b6\u03b5\u03b9 \u03c4\u03bf\u03c5\u03c2 \u03c3\u03c5\u03bc\u03bc\u03b5\u03c4\u03ad\u03c7\u03bf\u03bd\u03c4\u03b5\u03c2? \u0395\u03af\u03bd\u03b1\u03b9 \u03b1\u03c5\u03c4\u03cc\u03c2 \u03b3\u03b9\u03b1 \u03b3\u03b9\u03b1\u03bc\u03b1\u03c1\u03b5\u03bb\u03bf\u03c5 \u03bc\u03b1\u03b6\u03af? \u038c\u03bb\u03b1 \u03c4\u03b1 \u03b1\u03bb\u03bb\u03b1 \u03b5\u03af\u03bd\u03b1\u03b9 \u03c5\u03c0\u03cc \u03c4\u03bf \u03c0\u03c1\u03af\u03c3\u03bc\u03b1 \u03b1\u03c5\u03c4\u03cc",
    "entities": {
        "mentions": [
            {
                "start": 0,
                "end": 16,
                "username": "Comrade_Cheapra",
                "id": "3350746096"
            },
            {
                "start": 17,
                "end": 32,
                "username": "petropouliotiz",
                "id": "3132062438"
            }
        ]
    },
    "source": "Twitter Web App",
    "in_reply_to_user_id": 3350746096
}