{
    "created_at": "2020-05-06 11:52:41+00:00",
    "id": 1258001738113511424,
    "text": "@Bekiwii You can probably tell from the appearance and smell. If it\u2019s not discolored and still smells like bacon (mmmm, bacon), should be OK. Today was pretty cool outside anyway, and four hours isn\u2019t bad for cured meat. But don\u2019t take any chances...",
    "entities": {
        "mentions": [
            {
                "start": 0,
                "end": 8,
                "username": "Bekiwii",
                "id": "260942401"
            }
        ]
    },
    "source": "Twitter for iPhone",
    "in_reply_to_user_id": 260942401
}