{
    "created_at": "2020-05-16 23:13:38+00:00",
    "id": 1261796982504513536,
    "text": "@msbradleyrox @osstf It was indicated yesterday that we would hear tonight. \ud83e\udd1e https://t.co/fPfdrmj8Nf",
    "entities": {
        "mentions": [
            {
                "start": 14,
                "end": 20,
                "username": "osstf",
                "id": "24121620"
            }
        ],
        "urls": [
            {
                "start": 78,
                "end": 101,
                "url": "https://t.co/fPfdrmj8Nf",
                "expanded_url": "https://twitter.com/octugal/status/1261796982504513536/photo/1",
                "display_url": "pic.twitter.com/fPfdrmj8Nf"
            }
        ]
    },
    "source": "Twitter for iPhone",
    "in_reply_to_user_id": 3018760209
}