{
    "created_at": "2020-05-17 11:51:22+00:00",
    "id": 1261987671506915328,
    "text": "@soli_jazz @riccardofrizza Ma certo, \u00e8 una questione di igiene. E piuttosto che mettere quelle schifezze di guanti che trovi nei negozi o nei supermercati, che non aderiscono e ti rendono impossibili i movimenti, preferisco usare i miei in lattice o similari.",
    "entities": {
        "mentions": [
            {
                "start": 11,
                "end": 26,
                "username": "riccardofrizza",
                "id": "4720675762"
            }
        ]
    },
    "source": "Twitter for Android",
    "in_reply_to_user_id": 487579110
}