{
    "created_at": "2020-05-20 06:00:45+00:00",
    "id": 1262986599945498630,
    "text": "Care for a quick summary of #Oregonprimary results all in one place? @OPB has that for you, right heeeere: https://t.co/KlmDAvFqjj",
    "entities": {
        "mentions": [
            {
                "start": 69,
                "end": 73,
                "username": "OPB",
                "id": "21512383"
            }
        ],
        "urls": [
            {
                "start": 107,
                "end": 130,
                "url": "https://t.co/KlmDAvFqjj",
                "expanded_url": "https://www.opb.org/news/article/election-results-updates-oregon-2020-primary/",
                "display_url": "opb.org/news/article/e\u2026",
                "status": 200,
                "unwound_url": "https://www.opb.org/news/article/election-results-updates-oregon-2020-primary/"
            }
        ],
        "hashtags": [
            {
                "start": 28,
                "end": 42,
                "tag": "Oregonprimary"
            }
        ]
    },
    "source": "Twitter Web App",
    "in_reply_to_user_id": null
}