{
    "created_at": "2020-05-18 17:07:05+00:00",
    "id": 1262429514954661896,
    "text": "@Covfefe2020Eas @clevelanddotcom BTW - We are not testing for asymptomatic. We do not have enough test except for the serious suspects and those awaiting surgeries/procedures.",
    "entities": {
        "mentions": [
            {
                "start": 16,
                "end": 32,
                "username": "clevelanddotcom",
                "id": "14267944"
            }
        ]
    },
    "source": "Twitter Web App",
    "in_reply_to_user_id": 37983040
}