{
    "created_at": "2020-05-20 23:44:42+00:00",
    "id": 1263254351507623936,
    "text": "\ud83d\udc18When can we expect to hear from \u2066@EugenieSage\u2069 re: #NZ #ivory ban &amp; #TIESActReview results? #UK Court of Appeal dismisses legal challenge trying to reverse #UK ban on ivory trading\ud83d\udc4f\ud83c\udffd\ud83d\udc4f\ud83c\udffd \u2066@JGI_NZ\u2069 \u2066@HelenClarkNZ\u2069 \u2066@MarjaLubeck\u2069  https://t.co/phdTHABZHf",
    "entities": {
        "urls": [
            {
                "start": 232,
                "end": 255,
                "url": "https://t.co/phdTHABZHf",
                "expanded_url": "https://news.artnet.com/market/uk-ivory-ban-appeal-1864893",
                "display_url": "news.artnet.com/market/uk-ivor\u2026"
            }
        ],
        "mentions": [
            {
                "start": 34,
                "end": 46,
                "username": "EugenieSage",
                "id": "429452117"
            },
            {
                "start": 191,
                "end": 198,
                "username": "JGI_NZ",
                "id": "920447531242340352"
            },
            {
                "start": 201,
                "end": 214,
                "username": "HelenClarkNZ",
                "id": "191849753"
            },
            {
                "start": 217,
                "end": 229,
                "username": "MarjaLubeck",
                "id": "844462713698963458"
            }
        ],
        "hashtags": [
            {
                "start": 52,
                "end": 55,
                "tag": "NZ"
            },
            {
                "start": 56,
                "end": 62,
                "tag": "ivory"
            },
            {
                "start": 73,
                "end": 87,
                "tag": "TIESActReview"
            },
            {
                "start": 97,
                "end": 100,
                "tag": "UK"
            },
            {
                "start": 161,
                "end": 164,
                "tag": "UK"
            }
        ]
    },
    "source": "Twitter for iPhone",
    "in_reply_to_user_id": null
}