{
    "created_at": "2020-05-26 19:46:29+00:00",
    "id": 1265368728922984448,
    "text": "@BikovAndras @PeterHorby @LanceTurtle That's my guess based on the sample size so far, but keeping an open mind until we see the data",
    "entities": {
        "mentions": [
            {
                "start": 0,
                "end": 12,
                "username": "BikovAndras",
                "id": "989191047707267074"
            },
            {
                "start": 13,
                "end": 24,
                "username": "PeterHorby",
                "id": "2322345709"
            },
            {
                "start": 25,
                "end": 37,
                "username": "LanceTurtle",
                "id": "306940949"
            }
        ]
    },
    "source": "Twitter Web App",
    "in_reply_to_user_id": 989191047707267074
}