{
    "created_at": "2020-06-07 05:56:05+00:00",
    "id": 1269508407985352704,
    "text": "@88549439 Admittedly, the [HCQ] reached is at upper end of what used for RhA, but within that range.",
    "entities": {
        "annotations": [
            {
                "start": 73,
                "end": 75,
                "probability": 0.4285,
                "type": "Person",
                "normalized_text": "RhA"
            }
        ],
        "mentions": [
            {
                "start": 0,
                "end": 9,
                "username": "88549439",
                "id": "2225226474"
            }
        ]
    },
    "source": "Twitter for iPhone",
    "in_reply_to_user_id": 931571402
}