{
    "created_at": "2020-06-11 08:03:00+00:00",
    "id": 1270989899961950208,
    "text": "Any writers still up? Got a prompt for you. Take a look at the scene in this photo\u2014it feels eerie, even emotional, even though there aren't any people in it.\n\nNow see if you can tell the story of this scene in exactly 6 words: https://t.co/1ouVPKiQXQ",
    "entities": {
        "urls": [
            {
                "start": 227,
                "end": 250,
                "url": "https://t.co/1ouVPKiQXQ",
                "expanded_url": "https://hitrecord.app.link/ZSAqtmuzd7",
                "display_url": "hitrecord.app.link/ZSAqtmuzd7",
                "status": 200,
                "unwound_url": "https://hitrecord.app.link/ZSAqtmuzd7"
            }
        ]
    },
    "source": "Sprout Social",
    "in_reply_to_user_id": null
}