{
    "created_at": "2020-06-17 21:03:54+00:00",
    "id": 1273360746076921864,
    "text": "Join us on by 11am Friday 19th June at the webinar organised by the All-Africa Students Union @aasu_72 . Click Here to Register: https://t.co/ffE7zfZoBd",
    "entities": {
        "urls": [
            {
                "start": 129,
                "end": 152,
                "url": "https://t.co/ffE7zfZoBd",
                "expanded_url": "https://us02web.zoom.us/webinar/register/WN_p3-sOKTaQfGYQWkS18a1jQ",
                "display_url": "us02web.zoom.us/webinar/regist\u2026"
            }
        ],
        "mentions": [
            {
                "start": 94,
                "end": 102,
                "username": "aasu_72",
                "id": "750335575954194432"
            }
        ],
        "annotations": [
            {
                "start": 68,
                "end": 92,
                "probability": 0.8777,
                "type": "Organization",
                "normalized_text": "All-Africa Students Union"
            }
        ]
    },
    "source": "Twitter for iPhone",
    "in_reply_to_user_id": 1492899931
}