{
    "created_at": "2020-06-18 22:50:35+00:00",
    "id": 1273749981615308804,
    "text": "@conserv8320 @_dedenne__ @CNN Herd immunity is not sure.\nSay it is there, you would have clogged the HC system with the sick as happened in Italy.\nAnd is happening now in Sweden which tried that approach and now recognize it wasn\u2019t the right one.",
    "entities": {
        "annotations": [
            {
                "start": 140,
                "end": 144,
                "probability": 0.9826,
                "type": "Place",
                "normalized_text": "Italy"
            },
            {
                "start": 171,
                "end": 176,
                "probability": 0.9962,
                "type": "Place",
                "normalized_text": "Sweden"
            }
        ],
        "mentions": [
            {
                "start": 0,
                "end": 12,
                "username": "conserv8320",
                "id": "1152608898186121216"
            },
            {
                "start": 13,
                "end": 24,
                "username": "_dedenne__",
                "id": "3248401111"
            },
            {
                "start": 25,
                "end": 29,
                "username": "CNN",
                "id": "759251"
            }
        ]
    },
    "source": "Twitter for iPhone",
    "in_reply_to_user_id": 1152608898186121216
}