{
    "created_at": "2020-06-18 06:25:21+00:00",
    "id": 1273502041969655810,
    "text": "@jidesanwoolu Hello Mr.Governor I believe you should visit computer village, malls, lagos &amp; yaba markets.Then give another statement.The Church does not &amp; will never cause increase of any disease.\nAs for the mask - this is what your WHO has to say. https://t.co/HMhHHrwbjp",
    "entities": {
        "mentions": [
            {
                "start": 0,
                "end": 13,
                "username": "jidesanwoolu",
                "id": "198084264"
            }
        ],
        "urls": [
            {
                "start": 257,
                "end": 280,
                "url": "https://t.co/HMhHHrwbjp",
                "expanded_url": "https://www.who.int/emergencies/diseases/novel-coronavirus-2019/question-and-answers-hub/q-a-detail/q-a-on-covid-19-and-masks#",
                "display_url": "who.int/emergencies/di\u2026"
            }
        ],
        "annotations": [
            {
                "start": 20,
                "end": 30,
                "probability": 0.6202,
                "type": "Person",
                "normalized_text": "Mr.Governor"
            }
        ]
    },
    "source": "Twitter for Android",
    "in_reply_to_user_id": 198084264
}