{
    "created_at": "2020-06-19 17:59:06+00:00",
    "id": 1274039017529413635,
    "text": "@MsJohnGault @EarI0fLemongrab @charlescwcooke Super funny til someone you know gets it and dies.",
    "entities": {
        "mentions": [
            {
                "start": 0,
                "end": 12,
                "username": "MsJohnGault",
                "id": "1658160594"
            },
            {
                "start": 30,
                "end": 45,
                "username": "charlescwcooke",
                "id": "233484761"
            }
        ]
    },
    "source": "Twitter Web App",
    "in_reply_to_user_id": 1658160594
}