{
    "created_at": "2020-06-19 18:30:57+00:00",
    "id": 1274047032664051712,
    "text": "@EauxSnap @EarI0fLemongrab @charlescwcooke What is humorous about herd immunity?",
    "entities": {
        "mentions": [
            {
                "start": 0,
                "end": 9,
                "username": "EauxSnap",
                "id": "1363785974"
            },
            {
                "start": 27,
                "end": 42,
                "username": "charlescwcooke",
                "id": "233484761"
            }
        ]
    },
    "source": "Twitter for iPhone",
    "in_reply_to_user_id": 1363785974
}