{
    "created_at": "2020-06-21 20:28:42+00:00",
    "id": 1274801441543053312,
    "text": "@Gee_Whitty @yarbsalocin @rc_outside @JesseKellyDC I see hundreds of thousands of black people with amassed wealth much greater than my own (and good for them, no issues with that from me). \n\nI see hundreds of thousands of black business owners, I see a higher education system that does everything it possibly can to recruit...",
    "entities": {
        "mentions": [
            {
                "start": 12,
                "end": 24,
                "username": "yarbsalocin",
                "id": "2164225381"
            },
            {
                "start": 25,
                "end": 36,
                "username": "rc_outside",
                "id": "3017586212"
            },
            {
                "start": 37,
                "end": 50,
                "username": "JesseKellyDC",
                "id": "34082620"
            }
        ]
    },
    "source": "Twitter for Android",
    "in_reply_to_user_id": 1877652192
}