{
    "created_at": "2020-06-19 17:49:42+00:00",
    "id": 1274036649718996992,
    "text": "@EarI0fLemongrab @MaeveReston @charlescwcooke @RonDeSantisFL And we achieve herd immunity before the fall flu season.",
    "entities": {
        "mentions": [
            {
                "start": 17,
                "end": 29,
                "username": "MaeveReston",
                "id": "16555985"
            },
            {
                "start": 30,
                "end": 45,
                "username": "charlescwcooke",
                "id": "233484761"
            },
            {
                "start": 46,
                "end": 60,
                "username": "RonDeSantisFL",
                "id": "487297085"
            }
        ]
    },
    "source": "Twitter for iPhone",
    "in_reply_to_user_id": 3220037738
}