{
    "created_at": "2020-06-24 04:09:49+00:00",
    "id": 1275642258331701252,
    "text": "@DiseaseEcology @vcolizza did some work on this in 2007 or so also when I recall correctly: \u201c\"A programme targeting just five per cent of the population could reduce the number of infected people to just one per cent of the scenario where no antiviral drugs were available.\"",
    "entities": {
        "mentions": [
            {
                "start": 0,
                "end": 15,
                "username": "DiseaseEcology",
                "id": "1647829928"
            },
            {
                "start": 16,
                "end": 25,
                "username": "vcolizza",
                "id": "35467792"
            }
        ]
    },
    "source": "Twitter for iPhone",
    "in_reply_to_user_id": 1647829928
}