{
    "created_at": "2020-06-26 01:06:18+00:00",
    "id": 1276320851022032897,
    "text": "@challiance @CambMA @CambHealth I understand that you need to give boilerplate health advice. But my point is: if the results of tests are taking a week how useful is that for someone who is asymptomatic who is not able to isolate to wait for the results?\n\nWhen can we expect testing with a faster turnaround?",
    "entities": {
        "mentions": [
            {
                "start": 0,
                "end": 11,
                "username": "challiance",
                "id": "24168698"
            },
            {
                "start": 12,
                "end": 19,
                "username": "CambMA",
                "id": "1251981278"
            },
            {
                "start": 20,
                "end": 31,
                "username": "CambHealth",
                "id": "3341544519"
            }
        ]
    },
    "source": "Twitter for iPhone",
    "in_reply_to_user_id": 24168698
}