{
    "created_at": "2020-06-25 22:58:14+00:00",
    "id": 1276288621876662272,
    "text": "@DiseaseEcology @nataliexdean without reading: the hu mangus differences in some people contracting and spreading.",
    "entities": {
        "mentions": [
            {
                "start": 0,
                "end": 15,
                "username": "DiseaseEcology",
                "id": "1647829928"
            },
            {
                "start": 16,
                "end": 29,
                "username": "nataliexdean",
                "id": "1005085697018138624"
            }
        ]
    },
    "source": "Twitter Web App",
    "in_reply_to_user_id": 1647829928
}