{
    "created_at": "2020-06-30 08:34:55+00:00",
    "id": 1277883301055934464,
    "text": "So a virus that will kill around 0.5% of those infected,  which would be just half the pop until herd immunity kicks in, is best dealt with by a compulsory vaccine with Gates himself admits will kill 1% of TOTAL population?? What is going on here???",
    "entities": {
        "annotations": [
            {
                "start": 169,
                "end": 173,
                "probability": 0.8499,
                "type": "Person",
                "normalized_text": "Gates"
            }
        ]
    },
    "source": "Twitter for Android",
    "in_reply_to_user_id": null
}