{
    "created_at": "2020-07-22 11:48:52+00:00",
    "id": 1285904643852242945,
    "text": "@cjorgaz @WHO No es t\u00f3xico si tomas menos del nivel observado de no efectos adversos NOAEL publicado por la EPA que es de 3 mg/Kg/d\u00eda. Para una persona de 60 Kg son 180 mg.   Las dosis que recomiendan son 1 a 2 lts de agua con 30 mg/lt. Es decir 30 a 60 mg por d\u00eda.",
    "entities": {
        "annotations": [
            {
                "start": 108,
                "end": 110,
                "probability": 0.5299,
                "type": "Organization",
                "normalized_text": "EPA"
            }
        ],
        "mentions": [
            {
                "start": 0,
                "end": 8,
                "username": "cjorgaz",
                "id": "1089085616"
            },
            {
                "start": 9,
                "end": 13,
                "username": "WHO",
                "id": "14499829"
            }
        ]
    },
    "source": "Twitter for iPhone",
    "in_reply_to_user_id": 1089085616
}