{
    "created_at": "2013-04-22 00:59:19+00:00",
    "id": 326138110268289024,
    "text": "\u201c@WildestFacts: A photo of black nurses saving the life of a KKK member. http://t.co/7ecqERGOzK\u201dAWWW HELL NAW #ShouldHaveLetHisAssDie \ud83d\ude21\ud83d\ude21\ud83d\ude20\ud83d\ude20\ud83d\ude12\ud83d\ude21",
    "entities": {
        "mentions": [
            {
                "start": 1,
                "end": 14,
                "username": "WildestFacts",
                "id": "287168172"
            }
        ],
        "hashtags": [
            {
                "start": 110,
                "end": 133,
                "tag": "ShouldHaveLetHisAssDie"
            }
        ],
        "urls": [
            {
                "start": 73,
                "end": 95,
                "url": "http://t.co/7ecqERGOzK",
                "expanded_url": "https://twitter.com/WildestFacts/status/326137285450018817/photo/1",
                "display_url": "pic.twitter.com/7ecqERGOzK"
            }
        ],
        "annotations": [
            {
                "start": 61,
                "end": 63,
                "probability": 0.6792,
                "type": "Organization",
                "normalized_text": "KKK"
            }
        ]
    },
    "source": "Twitter for iPhone",
    "in_reply_to_user_id": 287168172
}