{
    "created_at": "2013-09-09 10:57:24+00:00",
    "id": 377022923820654593,
    "text": "@EmilyWaldvogel @tiffarvin_13 what!!!! \ud83d\ude40\ud83d\ude40\ud83d\ude40\ud83d\ude40\ud83d\ude40\ud83d\ude40",
    "entities": {
        "mentions": [
            {
                "start": 0,
                "end": 15,
                "username": "EmilyWaldvogel",
                "id": "1041178470"
            },
            {
                "start": 16,
                "end": 29,
                "username": "tiffarvin_13",
                "id": "1063154299"
            }
        ]
    },
    "source": "Twitter for iPhone",
    "in_reply_to_user_id": 1041178470
}