{
    "created_at": "2013-09-14 13:51:17+00:00",
    "id": 378878621701906432,
    "text": "\u201c@UnrevealedFacts: J.K. Rowling is working on an 8th Harry Potter book.\u201d",
    "entities": {
        "mentions": [
            {
                "start": 1,
                "end": 17,
                "username": "unrevealedfacts",
                "id": "377385959"
            }
        ],
        "annotations": [
            {
                "start": 19,
                "end": 30,
                "probability": 0.9922,
                "type": "Person",
                "normalized_text": "J.K. Rowling"
            },
            {
                "start": 53,
                "end": 64,
                "probability": 0.5197,
                "type": "Person",
                "normalized_text": "Harry Potter"
            }
        ]
    },
    "source": "Twitter for iPhone",
    "in_reply_to_user_id": 149760844
}