{
    "created_at": "2013-09-24 17:48:49+00:00",
    "id": 382562278371262464,
    "text": "\u201c@UnrevealedFacts: J.K. Rowling is working on an 8th Harry Potter book.\u201d Is this true?!?!",
    "entities": {
        "mentions": [
            {
                "start": 1,
                "end": 17,
                "username": "unrevealedfacts",
                "id": "377385959"
            }
        ],
        "annotations": [
            {
                "start": 19,
                "end": 30,
                "probability": 0.9919,
                "type": "Person",
                "normalized_text": "J.K. Rowling"
            },
            {
                "start": 53,
                "end": 64,
                "probability": 0.5152,
                "type": "Person",
                "normalized_text": "Harry Potter"
            }
        ]
    },
    "source": "Twitter for iPhone",
    "in_reply_to_user_id": 149760844
}