{
    "created_at": "2013-10-07 01:38:30+00:00",
    "id": 387029133777444864,
    "text": "\u201c@TwitchyTeam: Really? Amber Alert website goes dark under government shutdown http://t.co/tsr1wvrf4T\u201d Okay this is NOT COOL.",
    "entities": {
        "urls": [
            {
                "start": 79,
                "end": 101,
                "url": "http://t.co/tsr1wvrf4T",
                "expanded_url": "http://bit.ly/15fMLyM",
                "display_url": "bit.ly/15fMLyM"
            }
        ],
        "mentions": [
            {
                "start": 1,
                "end": 13,
                "username": "TwitchyTeam",
                "id": "469194846"
            }
        ],
        "annotations": [
            {
                "start": 23,
                "end": 27,
                "probability": 0.4701,
                "type": "Person",
                "normalized_text": "Amber"
            }
        ]
    },
    "source": "Twitter for iPhone",
    "in_reply_to_user_id": 469194846
}