{
    "created_at": "2013-10-07 01:50:01+00:00",
    "id": 387032028753170432,
    "text": "@th3j35t3r well of course... This is part of the smoke and mirrors. What can we shut down that will piss off the most people?",
    "entities": {
        "mentions": [
            {
                "start": 0,
                "end": 10,
                "username": "th3j35t3r",
                "id": "97994396"
            }
        ]
    },
    "source": "Falcon Call",
    "in_reply_to_user_id": 97994396
}