{
    "created_at": "2013-10-07 00:13:44+00:00",
    "id": 387007801207177216,
    "text": "Extortion knows no limits. \u201c@TwitchyTeam: Really? Amber Alert website goes dark under government shutdown http://t.co/nOyhFrkosF\u201d",
    "entities": {
        "annotations": [
            {
                "start": 50,
                "end": 54,
                "probability": 0.4978,
                "type": "Person",
                "normalized_text": "Amber"
            }
        ],
        "mentions": [
            {
                "start": 28,
                "end": 40,
                "username": "TwitchyTeam",
                "id": "469194846"
            }
        ],
        "urls": [
            {
                "start": 106,
                "end": 128,
                "url": "http://t.co/nOyhFrkosF",
                "expanded_url": "http://bit.ly/15fMLyM",
                "display_url": "bit.ly/15fMLyM"
            }
        ]
    },
    "source": "Twitter for iPhone",
    "in_reply_to_user_id": 469194846
}