{
    "created_at": "2013-10-09 04:56:35+00:00",
    "id": 387803758723231744,
    "text": "@UnrevealedFacts @Factsionary lies...",
    "entities": {
        "mentions": [
            {
                "start": 0,
                "end": 16,
                "username": "unrevealedfacts",
                "id": "377385959"
            },
            {
                "start": 17,
                "end": 29,
                "username": "factsionary",
                "id": "43042353"
            }
        ]
    },
    "source": "Twitter for Android",
    "in_reply_to_user_id": 149760844
}