{
    "created_at": "2013-12-01 16:12:10+00:00",
    "id": 407180328520806401,
    "text": "Wow, how does a car end up looking like that, after hitting such a tiny tree? #RIPPaulWalker RT @peoplemag http://t.co/YI7mj95aUx",
    "entities": {
        "mentions": [
            {
                "start": 96,
                "end": 106,
                "username": "peoplemag",
                "id": "3064617094"
            }
        ],
        "urls": [
            {
                "start": 107,
                "end": 129,
                "url": "http://t.co/YI7mj95aUx",
                "expanded_url": "http://peoplem.ag/rkNWR",
                "display_url": "peoplem.ag/rkNWR"
            }
        ],
        "hashtags": [
            {
                "start": 78,
                "end": 92,
                "tag": "RIPPaulWalker"
            }
        ]
    },
    "source": "Twitter for iPhone",
    "in_reply_to_user_id": 25589776
}