{
    "created_at": "2013-12-01 19:56:38+00:00",
    "id": 407236821442375680,
    "text": "@usweekly RIP Paul Walker",
    "entities": {
        "mentions": [
            {
                "start": 0,
                "end": 9,
                "username": "usweekly",
                "id": "20012204"
            }
        ],
        "annotations": [
            {
                "start": 14,
                "end": 24,
                "probability": 0.986,
                "type": "Person",
                "normalized_text": "Paul Walker"
            }
        ]
    },
    "source": "Twitter for iPhone",
    "in_reply_to_user_id": 20012204
}