{
    "created_at": "2013-12-01 19:29:33+00:00",
    "id": 407230004934635520,
    "text": "\u201c@THR: Paul Walker's Death: 'Fast &amp; Furious 7' Delayed But Won't Be Scrapped http://t.co/ZaN0jAe231\u201d",
    "entities": {
        "mentions": [
            {
                "start": 1,
                "end": 5,
                "username": "THR",
                "id": "17446621"
            }
        ],
        "urls": [
            {
                "start": 81,
                "end": 103,
                "url": "http://t.co/ZaN0jAe231",
                "expanded_url": "http://j.mp/1hrhZtA",
                "display_url": "j.mp/1hrhZtA"
            }
        ],
        "annotations": [
            {
                "start": 7,
                "end": 17,
                "probability": 0.9839,
                "type": "Person",
                "normalized_text": "Paul Walker"
            }
        ]
    },
    "source": "Twitter for iPhone",
    "in_reply_to_user_id": 17446621
}