{
    "created_at": "2013-12-01 17:31:18+00:00",
    "id": 407200243344609280,
    "text": "@Signiiaa @EdijsMajors Who cares about #PaulWalker more than about any victim of driver who's been speeding?",
    "entities": {
        "hashtags": [
            {
                "start": 39,
                "end": 50,
                "tag": "PaulWalker"
            }
        ],
        "mentions": [
            {
                "start": 0,
                "end": 9,
                "username": "Signiiaa",
                "id": "326637270"
            },
            {
                "start": 10,
                "end": 22,
                "username": "EdijsMajors",
                "id": "45302754"
            }
        ]
    },
    "source": "TweetDeck",
    "in_reply_to_user_id": 326637270
}