{
    "created_at": "2013-12-02 10:50:24+00:00",
    "id": 407461742113865728,
    "text": "@usweekly indonesia also crying :(",
    "entities": {
        "annotations": [
            {
                "start": 10,
                "end": 18,
                "probability": 0.8139,
                "type": "Place",
                "normalized_text": "indonesia"
            }
        ],
        "mentions": [
            {
                "start": 0,
                "end": 9,
                "username": "usweekly",
                "id": "20012204"
            }
        ]
    },
    "source": "Twitter Web Client",
    "in_reply_to_user_id": 20012204
}