{
    "created_at": "2013-12-03 18:30:01+00:00",
    "id": 407939798922297344,
    "text": "@Jalopnik Paul &amp; Roger: 4 EVER missed, NEVER 4gotten and ETERNALLY in our hearts. May God give strength to their families &amp; friends.RIP bro",
    "entities": {
        "mentions": [
            {
                "start": 0,
                "end": 9,
                "username": "Jalopnik",
                "id": "3060631"
            }
        ],
        "annotations": [
            {
                "start": 10,
                "end": 13,
                "probability": 0.8711,
                "type": "Person",
                "normalized_text": "Paul"
            },
            {
                "start": 17,
                "end": 21,
                "probability": 0.9572,
                "type": "Person",
                "normalized_text": "Roger"
            },
            {
                "start": 86,
                "end": 88,
                "probability": 0.9769,
                "type": "Other",
                "normalized_text": "God"
            }
        ]
    },
    "source": "Twitter Web Client",
    "in_reply_to_user_id": 3060631
}