{
    "created_at": "2014-01-27 20:08:05+00:00",
    "id": 427895807766175745,
    "text": "\u201c@YahooNews: Actor who portrayed Marlboro Man in cigarette ads in late 1970s dies from smoking-related disease: http://t.co/0bfOTMr4vX\u201d",
    "entities": {
        "urls": [
            {
                "start": 112,
                "end": 134,
                "url": "http://t.co/0bfOTMr4vX",
                "expanded_url": "http://yhoo.it/1brx3QC",
                "display_url": "yhoo.it/1brx3QC"
            }
        ],
        "mentions": [
            {
                "start": 1,
                "end": 11,
                "username": "YahooNews",
                "id": "7309052"
            }
        ]
    },
    "source": "Twitter for iPad",
    "in_reply_to_user_id": 7309052
}