{
    "created_at": "2014-01-27 18:38:10+00:00",
    "id": 427873181789982720,
    "text": "\u201c@CBCNews: Marlboro Man dies of smoking-related disease http://t.co/lDo6ZvjJrl http://t.co/cjCUyzC3EX\u201d",
    "entities": {
        "mentions": [
            {
                "start": 1,
                "end": 9,
                "username": "CBCNews",
                "id": "6433472"
            }
        ],
        "urls": [
            {
                "start": 56,
                "end": 78,
                "url": "http://t.co/lDo6ZvjJrl",
                "expanded_url": "http://fw.to/uHqJOZm",
                "display_url": "fw.to/uHqJOZm"
            },
            {
                "start": 79,
                "end": 101,
                "url": "http://t.co/cjCUyzC3EX",
                "expanded_url": "https://twitter.com/CBCNews/status/427846006600777729/photo/1",
                "display_url": "pic.twitter.com/cjCUyzC3EX"
            }
        ]
    },
    "source": "Twitter for iPhone",
    "in_reply_to_user_id": 6433472
}