{
    "created_at": "2014-02-19 15:42:27+00:00",
    "id": 436163883045519360,
    "text": "@jefft could have killed the hot pocket truck! Phew :o \u201c@CNN: Nestl\u00e9 USA has issued a recall of Hot Pockets. http://t.co/VYgWTgAQVK\u201d",
    "entities": {
        "annotations": [
            {
                "start": 62,
                "end": 71,
                "probability": 0.4366,
                "type": "Organization",
                "normalized_text": "Nestl\u00e9 USA"
            },
            {
                "start": 96,
                "end": 106,
                "probability": 0.3532,
                "type": "Organization",
                "normalized_text": "Hot Pockets"
            }
        ],
        "mentions": [
            {
                "start": 0,
                "end": 6,
                "username": "jefft",
                "id": "1063891"
            },
            {
                "start": 56,
                "end": 60,
                "username": "CNN",
                "id": "759251"
            }
        ],
        "urls": [
            {
                "start": 109,
                "end": 131,
                "url": "http://t.co/VYgWTgAQVK",
                "expanded_url": "http://cnn.it/1c2EpuB",
                "display_url": "cnn.it/1c2EpuB"
            }
        ]
    },
    "source": "Twitter for Mac",
    "in_reply_to_user_id": 759251
}