{
    "created_at": "2014-02-19 15:36:29+00:00",
    "id": 436162377977843712,
    "text": "Uh oh @lizmmorris lol RT @CNN: Nestl\u00e9 USA has issued a recall of Hot Pockets. See the varieties affected: http://t.co/pjeuzNQs2W",
    "entities": {
        "mentions": [
            {
                "start": 6,
                "end": 17,
                "username": "lizmmorris",
                "id": "313691360"
            },
            {
                "start": 25,
                "end": 29,
                "username": "CNN",
                "id": "759251"
            }
        ],
        "annotations": [
            {
                "start": 31,
                "end": 40,
                "probability": 0.5287,
                "type": "Organization",
                "normalized_text": "Nestl\u00e9 USA"
            }
        ],
        "urls": [
            {
                "start": 106,
                "end": 128,
                "url": "http://t.co/pjeuzNQs2W",
                "expanded_url": "http://cnn.it/1c2EpuB",
                "display_url": "cnn.it/1c2EpuB"
            }
        ]
    },
    "source": "Twitter for iPhone",
    "in_reply_to_user_id": 759251
}