{
    "created_at": "2014-02-19 15:47:05+00:00",
    "id": 436165046150762497,
    "text": "@CNN Does @JimGaffigan know this?",
    "entities": {
        "mentions": [
            {
                "start": 0,
                "end": 4,
                "username": "CNN",
                "id": "759251"
            },
            {
                "start": 10,
                "end": 22,
                "username": "JimGaffigan",
                "id": "6539592"
            }
        ]
    },
    "source": "Twitter Web Client",
    "in_reply_to_user_id": 759251
}