{
    "created_at": "2014-02-19 21:48:15+00:00",
    "id": 436255939688022016,
    "text": "@wsfa12news @Just_Xandria Oh....\ud83d\ude37nvm, disregard my last tweet",
    "entities": {
        "mentions": [
            {
                "start": 0,
                "end": 11,
                "username": "wsfa12news",
                "id": "21845346"
            },
            {
                "start": 12,
                "end": 25,
                "username": "Just_Xandria",
                "id": "1561062746"
            }
        ]
    },
    "source": "Twitter for iPhone",
    "in_reply_to_user_id": 21845346
}