{
    "created_at": "2014-07-17 17:29:12+00:00",
    "id": 489824151897505792,
    "text": "\u201c@CBSNews: Reported photographs from Malaysia Airlines #MH17 crash: http://t.co/oBZGdqNFlS http://t.co/2LntR1r3Dh\u201d",
    "entities": {
        "urls": [
            {
                "start": 68,
                "end": 90,
                "url": "http://t.co/oBZGdqNFlS",
                "expanded_url": "http://cbsn.ws/1l8M4f2",
                "display_url": "cbsn.ws/1l8M4f2"
            },
            {
                "start": 91,
                "end": 113,
                "url": "http://t.co/2LntR1r3Dh",
                "expanded_url": "https://twitter.com/CBSNews/status/489820657291911168/photo/1",
                "display_url": "pic.twitter.com/2LntR1r3Dh"
            }
        ],
        "annotations": [
            {
                "start": 37,
                "end": 53,
                "probability": 0.6177,
                "type": "Place",
                "normalized_text": "Malaysia Airlines"
            }
        ],
        "mentions": [
            {
                "start": 1,
                "end": 9,
                "username": "CBSNews",
                "id": "15012486"
            }
        ],
        "hashtags": [
            {
                "start": 55,
                "end": 60,
                "tag": "MH17"
            }
        ]
    },
    "source": "Twitter for iPad",
    "in_reply_to_user_id": 15012486
}