{
    "created_at": "2014-08-02 15:02:17+00:00",
    "id": 495585381148930048,
    "text": "@StateOfUkraine Bird is now Hero of #Ukraine, and set good example for all birds who get near #Putin",
    "entities": {
        "hashtags": [
            {
                "start": 36,
                "end": 44,
                "tag": "Ukraine"
            },
            {
                "start": 94,
                "end": 100,
                "tag": "Putin"
            }
        ],
        "mentions": [
            {
                "start": 0,
                "end": 15,
                "username": "StateOfUkraine",
                "id": "2371458720"
            }
        ]
    },
    "source": "Twitter Web Client",
    "in_reply_to_user_id": 2371458720
}