{
    "created_at": "2014-08-13 23:34:17+00:00",
    "id": 499700497738383360,
    "text": "@nealcarter @NatashaVianna @ksdknews what about the executioners record and job history?",
    "entities": {
        "mentions": [
            {
                "start": 0,
                "end": 11,
                "username": "nealcarter",
                "id": "15249499"
            },
            {
                "start": 12,
                "end": 26,
                "username": "NatashaVianna",
                "id": "38479588"
            },
            {
                "start": 27,
                "end": 36,
                "username": "ksdknews",
                "id": "42921216"
            }
        ]
    },
    "source": "Twitter for iPhone",
    "in_reply_to_user_id": 15249499
}