{
    "created_at": "2014-08-19 22:36:11+00:00",
    "id": 501860202589614080,
    "text": "@zaidbenjamin   I got a message for you #ISIS #USA all the way!!",
    "entities": {
        "mentions": [
            {
                "start": 0,
                "end": 13,
                "username": "zaidbenjamin",
                "id": "48956231"
            }
        ],
        "hashtags": [
            {
                "start": 40,
                "end": 45,
                "tag": "ISIS"
            },
            {
                "start": 46,
                "end": 50,
                "tag": "USA"
            }
        ]
    },
    "source": "Twitter for BlackBerry",
    "in_reply_to_user_id": 48956231
}