{
    "created_at": "2014-08-19 20:56:26+00:00",
    "id": 501835102360322048,
    "text": "@zaidbenjamin @AntheaButler Barbaric. Anti-Islamic.",
    "entities": {
        "mentions": [
            {
                "start": 0,
                "end": 13,
                "username": "zaidbenjamin",
                "id": "48956231"
            },
            {
                "start": 14,
                "end": 27,
                "username": "AntheaButler",
                "id": "113038982"
            }
        ]
    },
    "source": "Twitter Web Client",
    "in_reply_to_user_id": 48956231
}