{
    "created_at": "2014-08-19 23:36:43+00:00",
    "id": 501875437589364737,
    "text": "@zaidbenjamin *message. A massage is the manipulation of superficial and deeper layers of muscle and connective tissue.",
    "entities": {
        "mentions": [
            {
                "start": 0,
                "end": 13,
                "username": "zaidbenjamin",
                "id": "48956231"
            }
        ]
    },
    "source": "Twitter for Websites",
    "in_reply_to_user_id": 48956231
}