{
    "created_at": "2014-08-19 21:21:16+00:00",
    "id": 501841353031294979,
    "text": "@CPism @zaidbenjamin this is not islam, this is terorism, those pricks cannot represent 1,5 billion muslims",
    "entities": {
        "mentions": [
            {
                "start": 0,
                "end": 6,
                "username": "CPism",
                "id": "144150729"
            },
            {
                "start": 7,
                "end": 20,
                "username": "zaidbenjamin",
                "id": "48956231"
            }
        ]
    },
    "source": "Twitter Web Client",
    "in_reply_to_user_id": 144150729
}