{
    "created_at": "2014-08-19 20:45:51+00:00",
    "id": 501832436225814529,
    "text": "@zaidbenjamin @Shakawan Why does USA have to be anywhere in over there in other peoples biz?\nLet people alone.\nI don't condone beheading.",
    "entities": {
        "mentions": [
            {
                "start": 0,
                "end": 13,
                "username": "zaidbenjamin",
                "id": "48956231"
            },
            {
                "start": 14,
                "end": 23,
                "username": "shakawan",
                "id": "967877304377593858"
            }
        ],
        "annotations": [
            {
                "start": 33,
                "end": 35,
                "probability": 0.9836,
                "type": "Place",
                "normalized_text": "USA"
            }
        ]
    },
    "source": "Twitter Web Client",
    "in_reply_to_user_id": 48956231
}