{
    "created_at": "2014-08-19 20:48:17+00:00",
    "id": 501833052482330624,
    "text": "They posted the video of it: http://t.co/zOoE0heP6p - @WalshFreedom @CiFWatch @zaidbenjamin",
    "entities": {
        "urls": [
            {
                "start": 29,
                "end": 51,
                "url": "http://t.co/zOoE0heP6p",
                "expanded_url": "http://youtu.be/9uK0fXM9MRI",
                "display_url": "youtu.be/9uK0fXM9MRI"
            }
        ],
        "mentions": [
            {
                "start": 54,
                "end": 67,
                "username": "WalshFreedom",
                "id": "236487888"
            },
            {
                "start": 68,
                "end": 77,
                "username": "cifwatch",
                "id": "3054756952"
            },
            {
                "start": 78,
                "end": 91,
                "username": "zaidbenjamin",
                "id": "48956231"
            }
        ]
    },
    "source": "Twitter Web Client",
    "in_reply_to_user_id": 236487888
}