{
    "created_at": "2014-08-19 20:52:54+00:00",
    "id": 501834213973561344,
    "text": "@zaidbenjamin @JadedByPolitics ISIS didn't do that and the video is old.",
    "entities": {
        "mentions": [
            {
                "start": 0,
                "end": 13,
                "username": "zaidbenjamin",
                "id": "48956231"
            },
            {
                "start": 14,
                "end": 30,
                "username": "JadedByPolitics",
                "id": "17907878"
            }
        ],
        "annotations": [
            {
                "start": 31,
                "end": 34,
                "probability": 0.8109,
                "type": "Organization",
                "normalized_text": "ISIS"
            }
        ]
    },
    "source": "Twitter for iPhone",
    "in_reply_to_user_id": 48956231
}