{
    "created_at": "2014-08-19 21:24:17+00:00",
    "id": 501842111214657538,
    "text": "\u201c@zaidbenjamin: #ISIS beheads photojournalist James Wright Foley in a massage to US to end its intervention in #Iraq. http://t.co/e43TTgzeCW",
    "entities": {
        "mentions": [
            {
                "start": 1,
                "end": 14,
                "username": "zaidbenjamin",
                "id": "48956231"
            }
        ],
        "hashtags": [
            {
                "start": 16,
                "end": 21,
                "tag": "ISIS"
            },
            {
                "start": 111,
                "end": 116,
                "tag": "Iraq"
            }
        ],
        "urls": [
            {
                "start": 118,
                "end": 140,
                "url": "http://t.co/e43TTgzeCW",
                "expanded_url": "https://twitter.com/zaidbenjamin/status/501827465032237056/photo/1",
                "display_url": "pic.twitter.com/e43TTgzeCW"
            }
        ],
        "annotations": [
            {
                "start": 46,
                "end": 63,
                "probability": 0.9429,
                "type": "Person",
                "normalized_text": "James Wright Foley"
            },
            {
                "start": 81,
                "end": 82,
                "probability": 0.8175,
                "type": "Place",
                "normalized_text": "US"
            }
        ]
    },
    "source": "Twitter for iPhone",
    "in_reply_to_user_id": 48956231
}