{
    "created_at": "2014-08-19 21:00:52+00:00",
    "id": 501836215373819904,
    "text": "Non... RT @zaidbenjamin: #ISIS beheads journalist James W. Foley in a massage to US to end its intervention in #Iraq http://t.co/2xvDtHKpdu\u201d",
    "entities": {
        "urls": [
            {
                "start": 117,
                "end": 139,
                "url": "http://t.co/2xvDtHKpdu",
                "expanded_url": "https://twitter.com/zaidbenjamin/status/501827465032237056/photo/1",
                "display_url": "pic.twitter.com/2xvDtHKpdu"
            }
        ],
        "annotations": [
            {
                "start": 50,
                "end": 63,
                "probability": 0.983,
                "type": "Person",
                "normalized_text": "James W. Foley"
            },
            {
                "start": 81,
                "end": 82,
                "probability": 0.8514,
                "type": "Place",
                "normalized_text": "US"
            }
        ],
        "mentions": [
            {
                "start": 10,
                "end": 23,
                "username": "zaidbenjamin",
                "id": "48956231"
            }
        ],
        "hashtags": [
            {
                "start": 25,
                "end": 30,
                "tag": "ISIS"
            },
            {
                "start": 111,
                "end": 116,
                "tag": "Iraq"
            }
        ]
    },
    "source": "Twitter for iPhone",
    "in_reply_to_user_id": 48956231
}