{
    "created_at": "2014-08-27 04:03:49+00:00",
    "id": 504479372552986624,
    "text": "\u201c@NHLBlinn: Report: Toronto, Seattle, Quebec City to join Vegas in 2017 NHL expansion: http://t.co/QZdJcew7dO\u201d @Jeffler interesting",
    "entities": {
        "annotations": [
            {
                "start": 20,
                "end": 26,
                "probability": 0.9606,
                "type": "Place",
                "normalized_text": "Toronto"
            },
            {
                "start": 29,
                "end": 35,
                "probability": 0.8259,
                "type": "Place",
                "normalized_text": "Seattle"
            },
            {
                "start": 38,
                "end": 48,
                "probability": 0.5964,
                "type": "Place",
                "normalized_text": "Quebec City"
            },
            {
                "start": 58,
                "end": 62,
                "probability": 0.4698,
                "type": "Place",
                "normalized_text": "Vegas"
            },
            {
                "start": 72,
                "end": 74,
                "probability": 0.6853,
                "type": "Organization",
                "normalized_text": "NHL"
            }
        ],
        "mentions": [
            {
                "start": 1,
                "end": 10,
                "username": "NHLBlinn",
                "id": "119482229"
            },
            {
                "start": 111,
                "end": 119,
                "username": "Jeffler",
                "id": "1374268849651122178"
            }
        ],
        "urls": [
            {
                "start": 87,
                "end": 109,
                "url": "http://t.co/QZdJcew7dO",
                "expanded_url": "http://ow.ly/ALe1Z",
                "display_url": "ow.ly/ALe1Z"
            }
        ]
    },
    "source": "Twitter for iPhone",
    "in_reply_to_user_id": 119482229
}