{
    "created_at": "2014-08-27 04:24:21+00:00",
    "id": 504484538639458304,
    "text": "RT @SportsBizNews: NHL expansion \u2013 four teams added by 2017, Quebec City, Toronto, Seattle, and Las Vegas $1.4b in expansion fees",
    "entities": {
        "mentions": [
            {
                "start": 3,
                "end": 17,
                "username": "SportsBizNews",
                "id": "29849267"
            }
        ],
        "annotations": [
            {
                "start": 19,
                "end": 21,
                "probability": 0.9776,
                "type": "Organization",
                "normalized_text": "NHL"
            },
            {
                "start": 61,
                "end": 71,
                "probability": 0.6856,
                "type": "Organization",
                "normalized_text": "Quebec City"
            },
            {
                "start": 74,
                "end": 80,
                "probability": 0.7977,
                "type": "Place",
                "normalized_text": "Toronto"
            },
            {
                "start": 83,
                "end": 89,
                "probability": 0.7182,
                "type": "Place",
                "normalized_text": "Seattle"
            },
            {
                "start": 96,
                "end": 104,
                "probability": 0.6463,
                "type": "Organization",
                "normalized_text": "Las Vegas"
            }
        ]
    },
    "source": "Twitter for iPhone",
    "in_reply_to_user_id": 29849267
}