{
    "created_at": "2014-08-27 12:18:56+00:00",
    "id": 504603973215870976,
    "text": "@SportsBizNews @SensChirp there will be an imbalance in schedule and conferences/divisions. There's no way.",
    "entities": {
        "mentions": [
            {
                "start": 0,
                "end": 14,
                "username": "SportsBizNews",
                "id": "29849267"
            },
            {
                "start": 15,
                "end": 25,
                "username": "SensChirp",
                "id": "46479891"
            }
        ]
    },
    "source": "Twitter for Android",
    "in_reply_to_user_id": 29849267
}