{
    "created_at": "2014-08-27 13:06:54+00:00",
    "id": 504616040882397184,
    "text": "Oh. RT @SportsBizNews: NHL expansion \u2013 four teams added by 2017, Quebec City, Toronto, Seattle, and Las Vegas $1.4b in expansion fees",
    "entities": {
        "mentions": [
            {
                "start": 7,
                "end": 21,
                "username": "SportsBizNews",
                "id": "29849267"
            }
        ],
        "annotations": [
            {
                "start": 23,
                "end": 25,
                "probability": 0.9701,
                "type": "Organization",
                "normalized_text": "NHL"
            },
            {
                "start": 65,
                "end": 75,
                "probability": 0.6623,
                "type": "Organization",
                "normalized_text": "Quebec City"
            },
            {
                "start": 78,
                "end": 84,
                "probability": 0.8052,
                "type": "Place",
                "normalized_text": "Toronto"
            },
            {
                "start": 87,
                "end": 93,
                "probability": 0.7277,
                "type": "Place",
                "normalized_text": "Seattle"
            },
            {
                "start": 100,
                "end": 108,
                "probability": 0.6431,
                "type": "Organization",
                "normalized_text": "Las Vegas"
            }
        ]
    },
    "source": "TweetDeck",
    "in_reply_to_user_id": 29849267
}