{
    "created_at": "2014-08-29 10:32:37+00:00",
    "id": 505301989585321984,
    "text": "@SportsBizNews You're saying this and the #NHL is saying no.  Which one of you is lying?",
    "entities": {
        "hashtags": [
            {
                "start": 42,
                "end": 46,
                "tag": "NHL"
            }
        ],
        "mentions": [
            {
                "start": 0,
                "end": 14,
                "username": "SportsBizNews",
                "id": "29849267"
            }
        ]
    },
    "source": "Twitter Web Client",
    "in_reply_to_user_id": 29849267
}