{
    "created_at": "2014-08-29 13:19:37+00:00",
    "id": 505344018428223489,
    "text": "@SportsBizNews @Browntruck1980 another hypothesis? opinion? A hunch? Sources?",
    "entities": {
        "mentions": [
            {
                "start": 0,
                "end": 14,
                "username": "SportsBizNews",
                "id": "29849267"
            },
            {
                "start": 15,
                "end": 30,
                "username": "Browntruck1980",
                "id": "421152181"
            }
        ]
    },
    "source": "Twitter for Android Tablets",
    "in_reply_to_user_id": 29849267
}