{
    "created_at": "2014-08-30 13:31:22+00:00",
    "id": 505709363299115008,
    "text": "@Noble_TcM @PHiZZURP @FraauD_ it's fake. That kid went to jail for killing his girlfriends son",
    "entities": {
        "mentions": [
            {
                "start": 0,
                "end": 10,
                "username": "noble_tcm",
                "id": "2827270566"
            },
            {
                "start": 11,
                "end": 20,
                "username": "PHiZZURP",
                "id": "174172366"
            },
            {
                "start": 21,
                "end": 29,
                "username": "FraauD_",
                "id": "778957218"
            }
        ]
    },
    "source": "Twitter for iPhone",
    "in_reply_to_user_id": 551041733
}