{
    "created_at": "2014-09-02 04:19:00+00:00",
    "id": 506657520815849472,
    "text": "\u201c@UrbanCraziness: cant believe tupac is still alive http://t.co/MDsf0G7HDq\u201d @hannahhansard",
    "entities": {
        "urls": [
            {
                "start": 52,
                "end": 74,
                "url": "http://t.co/MDsf0G7HDq",
                "expanded_url": "https://twitter.com/UrbanCraziness/status/506656271517622272/photo/1",
                "display_url": "pic.twitter.com/MDsf0G7HDq"
            }
        ],
        "annotations": [
            {
                "start": 31,
                "end": 35,
                "probability": 0.973,
                "type": "Person",
                "normalized_text": "tupac"
            }
        ],
        "mentions": [
            {
                "start": 1,
                "end": 16,
                "username": "urbancraziness",
                "id": "759954668285988865"
            },
            {
                "start": 76,
                "end": 90,
                "username": "HannahHansard",
                "id": "1175602597291528193"
            }
        ]
    },
    "source": "Twitter for iPhone",
    "in_reply_to_user_id": 2565473791
}