{
    "created_at": "2014-09-04 21:19:09+00:00",
    "id": 507639022991073280,
    "text": ".@billyeichner Don't worry! Betty White @BettyMWhite feels better now! #RIPJoanRivers",
    "entities": {
        "mentions": [
            {
                "start": 1,
                "end": 14,
                "username": "billyeichner",
                "id": "74669397"
            },
            {
                "start": 40,
                "end": 52,
                "username": "BettyMWhite",
                "id": "544517731"
            }
        ],
        "hashtags": [
            {
                "start": 71,
                "end": 85,
                "tag": "RIPJoanRivers"
            }
        ],
        "annotations": [
            {
                "start": 28,
                "end": 38,
                "probability": 0.8249,
                "type": "Person",
                "normalized_text": "Betty White"
            }
        ]
    },
    "source": "Twitter for iPhone",
    "in_reply_to_user_id": 74669397
}