{
    "created_at": "2014-09-08 17:50:41+00:00",
    "id": 509036114171027456,
    "text": "@BuzzFeed @cynthiasaysyo \ud83d\ude22\ud83d\udc94",
    "entities": {
        "mentions": [
            {
                "start": 0,
                "end": 9,
                "username": "BuzzFeed",
                "id": "5695632"
            },
            {
                "start": 10,
                "end": 24,
                "username": "cynthiasaysyo",
                "id": "30161774"
            }
        ]
    },
    "source": "Tweetbot for Mac",
    "in_reply_to_user_id": 5695632
}