{
    "created_at": "2014-09-08 18:37:15+00:00",
    "id": 509047832171798528,
    "text": "@King_Evo @_SneakHERS @BuzzFeed @rachelzarrell \ud83d\ude2d\ud83d\ude2d\ud83d\ude2d\ud83d\ude2d\ud83d\ude2d\ud83d\ude2d",
    "entities": {
        "mentions": [
            {
                "start": 0,
                "end": 9,
                "username": "king_evo",
                "id": "1335061146295013378"
            },
            {
                "start": 10,
                "end": 21,
                "username": "_SneakHERS",
                "id": "167242187"
            },
            {
                "start": 22,
                "end": 31,
                "username": "BuzzFeed",
                "id": "5695632"
            },
            {
                "start": 32,
                "end": 46,
                "username": "rachelzarrell",
                "id": "760145182977392642"
            }
        ]
    },
    "source": "Twitter for iPhone",
    "in_reply_to_user_id": 151254018
}