{
    "created_at": "2014-09-08 17:38:15+00:00",
    "id": 509032983308029952,
    "text": "@KevinYounge Lol i read that this morning but aparently ppl think they did since the pic has been all ovr the internet!!",
    "entities": {
        "mentions": [
            {
                "start": 0,
                "end": 12,
                "username": "KevinYounge",
                "id": "23857263"
            }
        ]
    },
    "source": "Twitter for iPhone",
    "in_reply_to_user_id": 23857263
}