{
    "created_at": "2014-09-08 21:06:05+00:00",
    "id": 509085285599031296,
    "text": "\u201c@BuzzFeed: BREAKING NEWS:\n\nDurex has NOT come out with a pumpkin spice condom\nhttp://t.co/72I5A6BQpg http://t.co/NOfNPzGnBl\u201d damn \ud83d\ude01",
    "entities": {
        "urls": [
            {
                "start": 79,
                "end": 101,
                "url": "http://t.co/72I5A6BQpg",
                "expanded_url": "http://bzfd.it/1tmSvA3",
                "display_url": "bzfd.it/1tmSvA3"
            },
            {
                "start": 102,
                "end": 124,
                "url": "http://t.co/NOfNPzGnBl",
                "expanded_url": "https://twitter.com/BuzzFeed/status/509031495101874176/photo/1",
                "display_url": "pic.twitter.com/NOfNPzGnBl"
            }
        ],
        "mentions": [
            {
                "start": 1,
                "end": 10,
                "username": "BuzzFeed",
                "id": "5695632"
            }
        ]
    },
    "source": "Twitter for iPhone",
    "in_reply_to_user_id": 5695632
}