{
    "created_at": "2014-09-08 17:38:01+00:00",
    "id": 509032926650974209,
    "text": "\u201c@BuzzFeed: BREAKING NEWS:\n\nDurex has NOT come out with a pumpkin spice condom\nhttp://t.co/0I6MvXhMZZ http://t.co/aYWP6qx97D\u201d @not_ovechkin",
    "entities": {
        "mentions": [
            {
                "start": 1,
                "end": 10,
                "username": "BuzzFeed",
                "id": "5695632"
            },
            {
                "start": 126,
                "end": 139,
                "username": "not_ovechkin",
                "id": "1006257296203288577"
            }
        ],
        "urls": [
            {
                "start": 79,
                "end": 101,
                "url": "http://t.co/0I6MvXhMZZ",
                "expanded_url": "http://bzfd.it/1tmSvA3",
                "display_url": "bzfd.it/1tmSvA3"
            },
            {
                "start": 102,
                "end": 124,
                "url": "http://t.co/aYWP6qx97D",
                "expanded_url": "https://twitter.com/BuzzFeed/status/509031495101874176/photo/1",
                "display_url": "pic.twitter.com/aYWP6qx97D"
            }
        ]
    },
    "source": "Twitter for iPhone",
    "in_reply_to_user_id": 5695632
}