{
    "created_at": "2014-09-09 22:30:43+00:00",
    "id": 509468972551774208,
    "text": "BRUH. RT @Kotaku Report: Microsoft trying to buy Mojang, creators of Minecraft http://t.co/1IVtZPN5Lc",
    "entities": {
        "annotations": [
            {
                "start": 25,
                "end": 33,
                "probability": 0.9017,
                "type": "Organization",
                "normalized_text": "Microsoft"
            },
            {
                "start": 49,
                "end": 54,
                "probability": 0.443,
                "type": "Product",
                "normalized_text": "Mojang"
            },
            {
                "start": 69,
                "end": 77,
                "probability": 0.7629,
                "type": "Product",
                "normalized_text": "Minecraft"
            }
        ],
        "mentions": [
            {
                "start": 9,
                "end": 16,
                "username": "Kotaku",
                "id": "11928542"
            }
        ],
        "urls": [
            {
                "start": 79,
                "end": 101,
                "url": "http://t.co/1IVtZPN5Lc",
                "expanded_url": "http://bit.ly/1xFlg1l",
                "display_url": "bit.ly/1xFlg1l"
            }
        ]
    },
    "source": "Plume\u00a0for\u00a0Android",
    "in_reply_to_user_id": 11928542
}