{
    "created_at": "2014-09-13 22:24:48+00:00",
    "id": 510917034935603200,
    "text": "@BreakingNews @DailyMirror This MUST mean Obama's about to hit the golf course.",
    "entities": {
        "annotations": [
            {
                "start": 42,
                "end": 46,
                "probability": 0.9926,
                "type": "Person",
                "normalized_text": "Obama"
            }
        ],
        "mentions": [
            {
                "start": 0,
                "end": 13,
                "username": "BreakingNews",
                "id": "6017542"
            },
            {
                "start": 14,
                "end": 26,
                "username": "DailyMirror",
                "id": "16887175"
            }
        ]
    },
    "source": "Twitter for iPhone",
    "in_reply_to_user_id": 6017542
}