{
    "created_at": "2014-09-13 23:38:44+00:00",
    "id": 510935643820535808,
    "text": "@FoxNews @muffinalaniz",
    "entities": {
        "mentions": [
            {
                "start": 0,
                "end": 8,
                "username": "FoxNews",
                "id": "1367531"
            },
            {
                "start": 9,
                "end": 22,
                "username": "muffinalaniz",
                "id": "584461321"
            }
        ]
    },
    "source": "Twitter for iPhone",
    "in_reply_to_user_id": 1367531
}