{
    "created_at": "2014-09-13 23:57:32+00:00",
    "id": 510940372542177280,
    "text": "@FoxNews Still do not get this folks? No one want to follow anyone who \"leads from behind\" Would you, I would not. They know Obama lies",
    "entities": {
        "mentions": [
            {
                "start": 0,
                "end": 8,
                "username": "FoxNews",
                "id": "1367531"
            }
        ],
        "annotations": [
            {
                "start": 125,
                "end": 129,
                "probability": 0.9983,
                "type": "Person",
                "normalized_text": "Obama"
            }
        ]
    },
    "source": "Twitter Web Client",
    "in_reply_to_user_id": 1367531
}