{
    "created_at": "2014-09-13 22:10:39+00:00",
    "id": 510913474369961984,
    "text": "@IsraelHatzolah That's sickening...how awful for his family! The USA &amp; Britain need to act..3 beheadings now? Enough is enough! #Terrorists",
    "entities": {
        "mentions": [
            {
                "start": 0,
                "end": 15,
                "username": "IsraelHatzolah",
                "id": "322572436"
            }
        ],
        "hashtags": [
            {
                "start": 132,
                "end": 143,
                "tag": "Terrorists"
            }
        ],
        "annotations": [
            {
                "start": 65,
                "end": 67,
                "probability": 0.9768,
                "type": "Place",
                "normalized_text": "USA"
            },
            {
                "start": 71,
                "end": 77,
                "probability": 0.905,
                "type": "Place",
                "normalized_text": "Britain"
            }
        ]
    },
    "source": "Twitter for Android",
    "in_reply_to_user_id": 322572436
}