{
    "created_at": "2014-09-13 22:02:26+00:00",
    "id": 510911405890228224,
    "text": "@IsraelHatzolah @Ginabeans22 maybe now we will enlist the UK to obliterate the ISIS savages. Bomb them into a smoking pit.",
    "entities": {
        "mentions": [
            {
                "start": 0,
                "end": 15,
                "username": "IsraelHatzolah",
                "id": "322572436"
            },
            {
                "start": 16,
                "end": 28,
                "username": "Ginabeans22",
                "id": "338768978"
            }
        ],
        "annotations": [
            {
                "start": 58,
                "end": 59,
                "probability": 0.9527,
                "type": "Place",
                "normalized_text": "UK"
            },
            {
                "start": 79,
                "end": 82,
                "probability": 0.7874,
                "type": "Organization",
                "normalized_text": "ISIS"
            }
        ]
    },
    "source": "Twitter for iPad",
    "in_reply_to_user_id": 322572436
}