{
    "created_at": "2014-09-14 14:52:35+00:00",
    "id": 511165621607104512,
    "text": "@IsraelHatzolah @heavyhammer COWARD ISIS!!! TELL HILLARY, WHAT DIFFERENCE DOES IT MAKE!",
    "entities": {
        "annotations": [
            {
                "start": 36,
                "end": 39,
                "probability": 0.5577,
                "type": "Organization",
                "normalized_text": "ISIS"
            },
            {
                "start": 49,
                "end": 55,
                "probability": 0.9984,
                "type": "Person",
                "normalized_text": "HILLARY"
            }
        ],
        "mentions": [
            {
                "start": 0,
                "end": 15,
                "username": "IsraelHatzolah",
                "id": "322572436"
            },
            {
                "start": 16,
                "end": 28,
                "username": "Heavyhammer",
                "id": "218240180"
            }
        ]
    },
    "source": "Twitter Web Client",
    "in_reply_to_user_id": 322572436
}