{
    "created_at": "2014-09-22 16:37:51+00:00",
    "id": 514091215894380545,
    "text": "\ud83d\ude15 \u201c@ComplexMag: A Florida woman had surgery to give herself a third boob: http://t.co/sawQdgApuU http://t.co/xFJc6Me1vb\u201d",
    "entities": {
        "annotations": [
            {
                "start": 19,
                "end": 25,
                "probability": 0.8825,
                "type": "Place",
                "normalized_text": "Florida"
            }
        ],
        "mentions": [
            {
                "start": 3,
                "end": 14,
                "username": "complexmag",
                "id": "784467"
            }
        ],
        "urls": [
            {
                "start": 74,
                "end": 96,
                "url": "http://t.co/sawQdgApuU",
                "expanded_url": "http://trib.al/fpdTvki",
                "display_url": "trib.al/fpdTvki"
            },
            {
                "start": 97,
                "end": 119,
                "url": "http://t.co/xFJc6Me1vb",
                "expanded_url": "https://twitter.com/ComplexMag/status/514081464171102208/photo/1",
                "display_url": "pic.twitter.com/xFJc6Me1vb"
            }
        ]
    },
    "source": "Twitter for iPhone",
    "in_reply_to_user_id": 13049362
}