{
    "created_at": "2014-09-22 16:05:30+00:00",
    "id": 514083074770874368,
    "text": "She off the molly. \u201c@ComplexMag: A Florida woman had surgery to give herself a third boob: http://t.co/nmI52QM8XG http://t.co/xRJfay8Ajd\u201d",
    "entities": {
        "urls": [
            {
                "start": 91,
                "end": 113,
                "url": "http://t.co/nmI52QM8XG",
                "expanded_url": "http://trib.al/fpdTvki",
                "display_url": "trib.al/fpdTvki"
            },
            {
                "start": 114,
                "end": 136,
                "url": "http://t.co/xRJfay8Ajd",
                "expanded_url": "https://twitter.com/ComplexMag/status/514081464171102208/photo/1",
                "display_url": "pic.twitter.com/xRJfay8Ajd"
            }
        ],
        "mentions": [
            {
                "start": 20,
                "end": 31,
                "username": "complexmag",
                "id": "784467"
            }
        ],
        "annotations": [
            {
                "start": 35,
                "end": 41,
                "probability": 0.8631,
                "type": "Place",
                "normalized_text": "Florida"
            }
        ]
    },
    "source": "Twitter for iPhone",
    "in_reply_to_user_id": 13049362
}