{
    "created_at": "2014-09-22 16:27:54+00:00",
    "id": 514088712196460544,
    "text": "\u201c@ComplexMag: A Florida woman had surgery to give herself a third boob: http://t.co/Jzp3ekYJyO http://t.co/4eVcDZ4gt8\u201d WTF is wrong w/ ppl?\ud83d\ude02",
    "entities": {
        "urls": [
            {
                "start": 72,
                "end": 94,
                "url": "http://t.co/Jzp3ekYJyO",
                "expanded_url": "http://trib.al/fpdTvki",
                "display_url": "trib.al/fpdTvki"
            },
            {
                "start": 95,
                "end": 117,
                "url": "http://t.co/4eVcDZ4gt8",
                "expanded_url": "https://twitter.com/ComplexMag/status/514081464171102208/photo/1",
                "display_url": "pic.twitter.com/4eVcDZ4gt8"
            }
        ],
        "mentions": [
            {
                "start": 1,
                "end": 12,
                "username": "complexmag",
                "id": "784467"
            }
        ],
        "annotations": [
            {
                "start": 16,
                "end": 22,
                "probability": 0.9113,
                "type": "Place",
                "normalized_text": "Florida"
            }
        ]
    },
    "source": "Twitter for iPhone",
    "in_reply_to_user_id": 13049362
}