{
    "created_at": "2014-09-22 15:59:43+00:00",
    "id": 514081616919293953,
    "text": "\u201c@ComplexMag: A Florida woman had surgery to give herself a third boob: http://t.co/kbGZo2ZrvP http://t.co/UHKjxOJvJm\u201d I feel sick",
    "entities": {
        "mentions": [
            {
                "start": 1,
                "end": 12,
                "username": "complexmag",
                "id": "784467"
            }
        ],
        "annotations": [
            {
                "start": 16,
                "end": 22,
                "probability": 0.903,
                "type": "Place",
                "normalized_text": "Florida"
            }
        ],
        "urls": [
            {
                "start": 72,
                "end": 94,
                "url": "http://t.co/kbGZo2ZrvP",
                "expanded_url": "http://trib.al/fpdTvki",
                "display_url": "trib.al/fpdTvki"
            },
            {
                "start": 95,
                "end": 117,
                "url": "http://t.co/UHKjxOJvJm",
                "expanded_url": "https://twitter.com/ComplexMag/status/514081464171102208/photo/1",
                "display_url": "pic.twitter.com/UHKjxOJvJm"
            }
        ]
    },
    "source": "Twitter for iPhone",
    "in_reply_to_user_id": 13049362
}