{
    "created_at": "2014-09-22 16:03:54+00:00",
    "id": 514082669534400512,
    "text": "\u201c@ComplexMag: A Florida woman had surgery to give herself a third boob: http://t.co/LMrUsgZ2EX http://t.co/G8Du04IafD\u201d bitch, you annoying!",
    "entities": {
        "annotations": [
            {
                "start": 16,
                "end": 22,
                "probability": 0.9093,
                "type": "Place",
                "normalized_text": "Florida"
            }
        ],
        "mentions": [
            {
                "start": 1,
                "end": 12,
                "username": "complexmag",
                "id": "784467"
            }
        ],
        "urls": [
            {
                "start": 72,
                "end": 94,
                "url": "http://t.co/LMrUsgZ2EX",
                "expanded_url": "http://trib.al/fpdTvki",
                "display_url": "trib.al/fpdTvki"
            },
            {
                "start": 95,
                "end": 117,
                "url": "http://t.co/G8Du04IafD",
                "expanded_url": "https://twitter.com/ComplexMag/status/514081464171102208/photo/1",
                "display_url": "pic.twitter.com/G8Du04IafD"
            }
        ]
    },
    "source": "Twitter for iPhone",
    "in_reply_to_user_id": 13049362
}