{
    "created_at": "2014-09-22 23:57:54+00:00",
    "id": 514201956999782401,
    "text": "Oh great. Right down the street. \"@cnnbrk: 3 missing Afghan officers in custody at U.S.-Canada border, police say. http://t.co/S3RmB2B5c2\u201d",
    "entities": {
        "annotations": [
            {
                "start": 83,
                "end": 86,
                "probability": 0.9928,
                "type": "Place",
                "normalized_text": "U.S."
            },
            {
                "start": 88,
                "end": 93,
                "probability": 0.8159,
                "type": "Place",
                "normalized_text": "Canada"
            }
        ],
        "urls": [
            {
                "start": 115,
                "end": 137,
                "url": "http://t.co/S3RmB2B5c2",
                "expanded_url": "http://cnn.it/XYJHXf",
                "display_url": "cnn.it/XYJHXf",
                "unwound_url": "https://www.cnn.com/2014/09/22/us/massachusetts-missing-afghan-soldiers/index.html"
            }
        ],
        "mentions": [
            {
                "start": 34,
                "end": 41,
                "username": "cnnbrk",
                "id": "428333"
            }
        ]
    },
    "source": "Twitter for iPhone",
    "in_reply_to_user_id": 428333
}