{
    "created_at": "2014-09-23 01:04:32+00:00",
    "id": 514218724912799745,
    "text": "@cnnbrk @CNN Great they are safe in Canada",
    "entities": {
        "annotations": [
            {
                "start": 36,
                "end": 41,
                "probability": 0.9979,
                "type": "Place",
                "normalized_text": "Canada"
            }
        ],
        "mentions": [
            {
                "start": 0,
                "end": 7,
                "username": "cnnbrk",
                "id": "428333"
            },
            {
                "start": 8,
                "end": 12,
                "username": "CNN",
                "id": "759251"
            }
        ]
    },
    "source": "Twitter for iPhone",
    "in_reply_to_user_id": 428333
}