{
    "created_at": "2014-09-23 19:38:44+00:00",
    "id": 514499121865302018,
    "text": "\u201c@TIME: #iPhone6 owners claim it's bending in their pockets http://t.co/gB7ZvQtYrp\u201d #Apple @timesofindia @guardian @Independent @OMGFacts",
    "entities": {
        "mentions": [
            {
                "start": 1,
                "end": 6,
                "username": "TIME",
                "id": "14293310"
            },
            {
                "start": 91,
                "end": 104,
                "username": "timesofindia",
                "id": "134758540"
            },
            {
                "start": 105,
                "end": 114,
                "username": "guardian",
                "id": "87818409"
            },
            {
                "start": 115,
                "end": 127,
                "username": "Independent",
                "id": "16973333"
            },
            {
                "start": 128,
                "end": 137,
                "username": "OMGFacts",
                "id": "77888423"
            }
        ],
        "urls": [
            {
                "start": 60,
                "end": 82,
                "url": "http://t.co/gB7ZvQtYrp",
                "expanded_url": "http://ti.me/1uiLm7T",
                "display_url": "ti.me/1uiLm7T"
            }
        ],
        "hashtags": [
            {
                "start": 8,
                "end": 16,
                "tag": "iPhone6"
            },
            {
                "start": 84,
                "end": 90,
                "tag": "Apple"
            }
        ]
    },
    "source": "Twitter for iPad",
    "in_reply_to_user_id": 14293310
}