{
    "created_at": "2014-09-23 22:28:24+00:00",
    "id": 514541820798574592,
    "text": "\u201c@TIME: iPhone 6 owners claim it's bending in their pockets http://t.co/h88BIoI3V9\u201d this is crazy \ud83d\ude33",
    "entities": {
        "annotations": [
            {
                "start": 8,
                "end": 15,
                "probability": 0.9189,
                "type": "Product",
                "normalized_text": "iPhone 6"
            }
        ],
        "mentions": [
            {
                "start": 1,
                "end": 6,
                "username": "TIME",
                "id": "14293310"
            }
        ],
        "urls": [
            {
                "start": 60,
                "end": 82,
                "url": "http://t.co/h88BIoI3V9",
                "expanded_url": "http://ti.me/1uiLm7T",
                "display_url": "ti.me/1uiLm7T"
            }
        ]
    },
    "source": "Twitter for iPhone",
    "in_reply_to_user_id": 14293310
}