{
    "created_at": "2014-09-30 09:13:52+00:00",
    "id": 516878587186921472,
    "text": "@DavidJo52951945 People who eat in KFC's are the sort of people who make love to vacuum cleaners.",
    "entities": {
        "mentions": [
            {
                "start": 0,
                "end": 16,
                "username": "DavidJo52951945",
                "id": "893966122109853696"
            }
        ],
        "annotations": [
            {
                "start": 35,
                "end": 37,
                "probability": 0.7413,
                "type": "Organization",
                "normalized_text": "KFC"
            }
        ]
    },
    "source": "Twitter Web Client",
    "in_reply_to_user_id": 1125937411
}