{
    "created_at": "2014-09-30 14:39:56+00:00",
    "id": 516960642549698561,
    "text": "@DavidJo52951945 @1968TonyB what a fucking joke, the Colonel would be turning in his grave, if they don't like it, piss off",
    "entities": {
        "mentions": [
            {
                "start": 0,
                "end": 16,
                "username": "DavidJo52951945",
                "id": "893966122109853696"
            }
        ],
        "annotations": [
            {
                "start": 53,
                "end": 59,
                "probability": 0.6001,
                "type": "Person",
                "normalized_text": "Colonel"
            }
        ]
    },
    "source": "Twitter for iPhone",
    "in_reply_to_user_id": 1125937411
}