{
    "created_at": "2014-09-30 23:42:20+00:00",
    "id": 517097141169553408,
    "text": "Beheading Victim Colleen Hufford\u2014Speak UP Obama, we can't HEAR you! \n\nvia @Jarjarbug\nhttp://t.co/29om7mFr8F http://t.co/RddOJmq8uX #tcot #2A",
    "entities": {
        "annotations": [
            {
                "start": 17,
                "end": 31,
                "probability": 0.9356,
                "type": "Person",
                "normalized_text": "Colleen Hufford"
            },
            {
                "start": 42,
                "end": 46,
                "probability": 0.9883,
                "type": "Person",
                "normalized_text": "Obama"
            }
        ],
        "mentions": [
            {
                "start": 74,
                "end": 84,
                "username": "Jarjarbug",
                "id": "43182702"
            }
        ],
        "urls": [
            {
                "start": 85,
                "end": 107,
                "url": "http://t.co/29om7mFr8F",
                "expanded_url": "http://dailym.ai/1pncFat",
                "display_url": "dailym.ai/1pncFat",
                "status": 200,
                "unwound_url": "https://www.dailymail.co.uk/news/article-2774477/Pictured-Smiling-grandmother-beheaded-Muslim-convert-Oklahoma-just-months-losing-home-tornado.html"
            },
            {
                "start": 108,
                "end": 130,
                "url": "http://t.co/RddOJmq8uX",
                "expanded_url": "https://twitter.com/Jarjarbug/status/517051126466625536/photo/1",
                "display_url": "pic.twitter.com/RddOJmq8uX"
            }
        ],
        "hashtags": [
            {
                "start": 131,
                "end": 136,
                "tag": "tcot"
            },
            {
                "start": 137,
                "end": 140,
                "tag": "2A"
            }
        ]
    },
    "source": "Twitter for iPhone",
    "in_reply_to_user_id": 43182702
}