{
    "created_at": "2014-09-30 20:31:38+00:00",
    "id": 517049152513916928,
    "text": "@DavidJo52951945 @wallrad - yes! Stamp it out now or it really will be too late. It's a terrible story, it really is.",
    "entities": {
        "mentions": [
            {
                "start": 0,
                "end": 16,
                "username": "DavidJo52951945",
                "id": "893966122109853696"
            },
            {
                "start": 17,
                "end": 25,
                "username": "wallrad",
                "id": "217415964"
            }
        ]
    },
    "source": "Twitter for iPad",
    "in_reply_to_user_id": 1125937411
}