{
    "created_at": "2014-09-30 23:47:17+00:00",
    "id": 517098387104362498,
    "text": "@reFocusZone @Jarjarbug #spreadingthelove of #ColleenHufford\n\nhttp://t.co/74w61sPcQp\n\nhttp://t.co/PADm4eNFhd\n\nhttp://t.co/XZqBNLKKjL",
    "entities": {
        "urls": [
            {
                "start": 62,
                "end": 84,
                "url": "http://t.co/74w61sPcQp",
                "expanded_url": "http://tinyurl.com/HelpColleenHufford",
                "display_url": "tinyurl.com/HelpColleenHuf\u2026"
            },
            {
                "start": 86,
                "end": 108,
                "url": "http://t.co/PADm4eNFhd",
                "expanded_url": "http://tinyurl.com/ColleenHufford",
                "display_url": "tinyurl.com/ColleenHufford"
            },
            {
                "start": 110,
                "end": 132,
                "url": "http://t.co/XZqBNLKKjL",
                "expanded_url": "http://tinyurl.com/ColleenOnFB",
                "display_url": "tinyurl.com/ColleenOnFB",
                "status": 503,
                "unwound_url": "http://tinyurl.com/ColleenOnFB"
            }
        ],
        "mentions": [
            {
                "start": 0,
                "end": 12,
                "username": "reFocusZone",
                "id": "17999966"
            },
            {
                "start": 13,
                "end": 23,
                "username": "Jarjarbug",
                "id": "43182702"
            }
        ],
        "hashtags": [
            {
                "start": 24,
                "end": 41,
                "tag": "spreadingthelove"
            },
            {
                "start": 45,
                "end": 60,
                "tag": "ColleenHufford"
            }
        ]
    },
    "source": "Twitter for iPhone",
    "in_reply_to_user_id": 17999966
}