{
    "created_at": "2014-10-01 08:10:47+00:00",
    "id": 517225099129520128,
    "text": "@DavidJo52951945 KFC off my list then cheers",
    "entities": {
        "annotations": [
            {
                "start": 17,
                "end": 19,
                "probability": 0.5988,
                "type": "Organization",
                "normalized_text": "KFC"
            }
        ],
        "mentions": [
            {
                "start": 0,
                "end": 16,
                "username": "DavidJo52951945",
                "id": "893966122109853696"
            }
        ]
    },
    "source": "Twitter Web Client",
    "in_reply_to_user_id": 1125937411
}