{
    "created_at": "2014-10-01 17:55:27+00:00",
    "id": 517372233761972224,
    "text": "@DavidJo52951945 That's right Patriot. We need to let the Corporates who really is in charge in America; that being We the American People.",
    "entities": {
        "mentions": [
            {
                "start": 0,
                "end": 16,
                "username": "DavidJo52951945",
                "id": "893966122109853696"
            }
        ],
        "annotations": [
            {
                "start": 96,
                "end": 102,
                "probability": 0.9989,
                "type": "Place",
                "normalized_text": "America"
            }
        ]
    },
    "source": "Twitter Web Client",
    "in_reply_to_user_id": 1125937411
}