{
    "created_at": "2014-10-01 20:13:05+00:00",
    "id": 517406869368111105,
    "text": "@dwill6413 @DavidJo52951945 @jeanniemcbride Fortunately Tweeting seems to be turning the tide.",
    "entities": {
        "mentions": [
            {
                "start": 11,
                "end": 27,
                "username": "DavidJo52951945",
                "id": "893966122109853696"
            },
            {
                "start": 28,
                "end": 43,
                "username": "JeannieMcbride",
                "id": "3086155613"
            }
        ]
    },
    "source": "Twitter for iPad",
    "in_reply_to_user_id": 23037924
}