{
    "created_at": "2014-10-06 12:47:09+00:00",
    "id": 519106588519723008,
    "text": "\u201c@WSJ: Hewlett-Packard announces it will break in two http://t.co/1fOAJH2lmA\u201d @pgranadi",
    "entities": {
        "mentions": [
            {
                "start": 1,
                "end": 5,
                "username": "WSJ",
                "id": "3108351"
            },
            {
                "start": 78,
                "end": 87,
                "username": "pgranadi",
                "id": "51091615"
            }
        ],
        "annotations": [
            {
                "start": 7,
                "end": 21,
                "probability": 0.9112,
                "type": "Organization",
                "normalized_text": "Hewlett-Packard"
            }
        ],
        "urls": [
            {
                "start": 54,
                "end": 76,
                "url": "http://t.co/1fOAJH2lmA",
                "expanded_url": "http://on.wsj.com/1s0CSQN",
                "display_url": "on.wsj.com/1s0CSQN"
            }
        ]
    },
    "source": "Twitter for iPhone",
    "in_reply_to_user_id": 3108351
}