{
    "created_at": "2014-10-08 15:13:25+00:00",
    "id": 519868171768303616,
    "text": "\u201c@ComplexMag: Someone spray painted a penis on a $2.4 million Bugatti Veyron: http://t.co/kJZ6hzUYY0 http://t.co/eTYzbCgOdi\u201d lool smh",
    "entities": {
        "mentions": [
            {
                "start": 1,
                "end": 12,
                "username": "complexmag",
                "id": "784467"
            }
        ],
        "urls": [
            {
                "start": 78,
                "end": 100,
                "url": "http://t.co/kJZ6hzUYY0",
                "expanded_url": "http://trib.al/LCfbZqy",
                "display_url": "trib.al/LCfbZqy"
            },
            {
                "start": 101,
                "end": 123,
                "url": "http://t.co/eTYzbCgOdi",
                "expanded_url": "https://twitter.com/ComplexMag/status/519867098945044480/photo/1",
                "display_url": "pic.twitter.com/eTYzbCgOdi"
            }
        ],
        "annotations": [
            {
                "start": 62,
                "end": 75,
                "probability": 0.8728,
                "type": "Product",
                "normalized_text": "Bugatti Veyron"
            }
        ]
    },
    "source": "Twitter for iPhone",
    "in_reply_to_user_id": 13049362
}