{
    "created_at": "2014-10-08 15:33:37+00:00",
    "id": 519873255004712960,
    "text": "@ComplexMag @Wallace_Kidd215",
    "entities": {
        "mentions": [
            {
                "start": 0,
                "end": 11,
                "username": "complexmag",
                "id": "784467"
            },
            {
                "start": 12,
                "end": 28,
                "username": "Wallace_Kidd215",
                "id": "833427074"
            }
        ]
    },
    "source": "Twitter for iPhone",
    "in_reply_to_user_id": 13049362
}