{
    "created_at": "2014-10-08 15:11:44+00:00",
    "id": 519867750135906304,
    "text": "\u201c@ComplexMag: Someone spray painted a penis on a $2.4 million Bugatti Veyron: http://t.co/cThyrv58O6 http://t.co/WIfZ91Q0v0\u201d LOLLLLL",
    "entities": {
        "mentions": [
            {
                "start": 1,
                "end": 12,
                "username": "complexmag",
                "id": "784467"
            }
        ],
        "annotations": [
            {
                "start": 62,
                "end": 75,
                "probability": 0.9037,
                "type": "Product",
                "normalized_text": "Bugatti Veyron"
            }
        ],
        "urls": [
            {
                "start": 78,
                "end": 100,
                "url": "http://t.co/cThyrv58O6",
                "expanded_url": "http://trib.al/LCfbZqy",
                "display_url": "trib.al/LCfbZqy"
            },
            {
                "start": 101,
                "end": 123,
                "url": "http://t.co/WIfZ91Q0v0",
                "expanded_url": "https://twitter.com/ComplexMag/status/519867098945044480/photo/1",
                "display_url": "pic.twitter.com/WIfZ91Q0v0"
            }
        ]
    },
    "source": "Twitter for iPhone",
    "in_reply_to_user_id": 13049362
}