{
    "created_at": "2014-10-08 15:21:48+00:00",
    "id": 519870282677243904,
    "text": "@ComplexMag @Adam_Jacobi the guys who did this are dicks",
    "entities": {
        "mentions": [
            {
                "start": 0,
                "end": 11,
                "username": "complexmag",
                "id": "784467"
            },
            {
                "start": 12,
                "end": 24,
                "username": "adam_jacobi",
                "id": "1220818482310324224"
            }
        ]
    },
    "source": "TweetDeck",
    "in_reply_to_user_id": 13049362
}