{
    "created_at": "2014-10-08 22:11:59+00:00",
    "id": 519973508949241857,
    "text": "\u201c@ComplexMag: Someone spraypainted a penis on a $2.4 million Bugatti Veyron: http://t.co/oqu8YYgBwX http://t.co/BukdchhJCC\u201d @vanesssa_moran",
    "entities": {
        "annotations": [
            {
                "start": 61,
                "end": 74,
                "probability": 0.8728,
                "type": "Product",
                "normalized_text": "Bugatti Veyron"
            }
        ],
        "urls": [
            {
                "start": 77,
                "end": 99,
                "url": "http://t.co/oqu8YYgBwX",
                "expanded_url": "http://trib.al/LCfbZqy",
                "display_url": "trib.al/LCfbZqy"
            },
            {
                "start": 100,
                "end": 122,
                "url": "http://t.co/BukdchhJCC",
                "expanded_url": "https://twitter.com/ComplexMag/status/519867098945044480/photo/1",
                "display_url": "pic.twitter.com/BukdchhJCC"
            }
        ],
        "mentions": [
            {
                "start": 1,
                "end": 12,
                "username": "complexmag",
                "id": "784467"
            }
        ]
    },
    "source": "Twitter for iPhone",
    "in_reply_to_user_id": 13049362
}