{
    "created_at": "2014-10-08 23:42:17+00:00",
    "id": 519996230785830912,
    "text": "@OmarUnited @ComplexMag the irony is that it's giant",
    "entities": {
        "mentions": [
            {
                "start": 0,
                "end": 11,
                "username": "OmarUnited",
                "id": "124282886"
            },
            {
                "start": 12,
                "end": 23,
                "username": "complexmag",
                "id": "784467"
            }
        ]
    },
    "source": "Twitter for iPhone",
    "in_reply_to_user_id": 124282886
}