{
    "created_at": "2014-10-08 18:02:00+00:00",
    "id": 519910595962105857,
    "text": "Wow \ud83d\udc80\ud83d\udc80\ud83d\udc80\ud83d\ude29 \u201c@ComplexMag: Someone spray painted a penis on a $2.4 million Bugatti Veyron: http://t.co/5Zkq8iHkCG http://t.co/ZrD5mmkfdU\u201d",
    "entities": {
        "annotations": [
            {
                "start": 75,
                "end": 88,
                "probability": 0.9208,
                "type": "Product",
                "normalized_text": "Bugatti Veyron"
            }
        ],
        "urls": [
            {
                "start": 87,
                "end": 109,
                "url": "http://t.co/5Zkq8iHkCG",
                "expanded_url": "http://trib.al/LCfbZqy",
                "display_url": "trib.al/LCfbZqy"
            },
            {
                "start": 110,
                "end": 132,
                "url": "http://t.co/ZrD5mmkfdU",
                "expanded_url": "https://twitter.com/ComplexMag/status/519867098945044480/photo/1",
                "display_url": "pic.twitter.com/ZrD5mmkfdU"
            }
        ],
        "mentions": [
            {
                "start": 10,
                "end": 21,
                "username": "complexmag",
                "id": "784467"
            }
        ]
    },
    "source": "Twitter for iPhone",
    "in_reply_to_user_id": 13049362
}