{
    "created_at": "2014-10-09 01:56:46+00:00",
    "id": 520030074289258496,
    "text": "\u201c@ComplexMag: Someone spray painted a penis on a $2.4 million Bugatti Veyron: http://t.co/XJE3ouBGSe http://t.co/GwUxhKeAIk\u201d nah\u270b",
    "entities": {
        "urls": [
            {
                "start": 78,
                "end": 100,
                "url": "http://t.co/XJE3ouBGSe",
                "expanded_url": "http://trib.al/LCfbZqy",
                "display_url": "trib.al/LCfbZqy"
            },
            {
                "start": 101,
                "end": 123,
                "url": "http://t.co/GwUxhKeAIk",
                "expanded_url": "https://twitter.com/ComplexMag/status/519867098945044480/photo/1",
                "display_url": "pic.twitter.com/GwUxhKeAIk"
            }
        ],
        "mentions": [
            {
                "start": 1,
                "end": 12,
                "username": "complexmag",
                "id": "784467"
            }
        ],
        "annotations": [
            {
                "start": 62,
                "end": 75,
                "probability": 0.9008,
                "type": "Product",
                "normalized_text": "Bugatti Veyron"
            }
        ]
    },
    "source": "Twitter for iPhone",
    "in_reply_to_user_id": 13049362
}