{
    "created_at": "2014-10-09 19:17:17+00:00",
    "id": 520291929419173890,
    "text": "Interesting! RT @mashable: Report: Amazon plans to open its first physical store, in New York http://t.co/SGIS3sU9ge",
    "entities": {
        "annotations": [
            {
                "start": 35,
                "end": 40,
                "probability": 0.9199,
                "type": "Organization",
                "normalized_text": "Amazon"
            },
            {
                "start": 85,
                "end": 92,
                "probability": 0.9903,
                "type": "Place",
                "normalized_text": "New York"
            }
        ],
        "mentions": [
            {
                "start": 16,
                "end": 25,
                "username": "mashable",
                "id": "972651"
            }
        ],
        "urls": [
            {
                "start": 94,
                "end": 116,
                "url": "http://t.co/SGIS3sU9ge",
                "expanded_url": "http://on.mash.to/ZgsDwh",
                "display_url": "on.mash.to/ZgsDwh"
            }
        ]
    },
    "source": "Twitter for iPhone",
    "in_reply_to_user_id": 972651
}