{
    "created_at": "2014-10-12 20:09:28+00:00",
    "id": 521392226002567169,
    "text": "\u201c@tastefactory: #RIPHulkHogan My heart is ripping like your shirt. WWE'll miss you.\u201d @3hunnaCrocs",
    "entities": {
        "hashtags": [
            {
                "start": 16,
                "end": 29,
                "tag": "RIPHulkHogan"
            }
        ],
        "mentions": [
            {
                "start": 1,
                "end": 14,
                "username": "tastefactory",
                "id": "138102228"
            },
            {
                "start": 85,
                "end": 97,
                "username": "3hunnaCrocs",
                "id": "2806702810"
            }
        ],
        "annotations": [
            {
                "start": 67,
                "end": 69,
                "probability": 0.4715,
                "type": "Organization",
                "normalized_text": "WWE"
            }
        ]
    },
    "source": "Twitter for iPhone",
    "in_reply_to_user_id": 138102228
}