{
    "created_at": "2014-10-13 03:02:27+00:00",
    "id": 521496155310796800,
    "text": "Move! Get Out! Dumbass! Kristen Stewart Trashes our #Military, Defends 9/11 Terrorists http://t.co/NZKE7ah5U9 #tcot http://t.co/Gex6HNZcqH",
    "entities": {
        "hashtags": [
            {
                "start": 52,
                "end": 61,
                "tag": "Military"
            },
            {
                "start": 110,
                "end": 115,
                "tag": "tcot"
            }
        ],
        "urls": [
            {
                "start": 87,
                "end": 109,
                "url": "http://t.co/NZKE7ah5U9",
                "expanded_url": "http://bit.ly/1xHFAvp",
                "display_url": "bit.ly/1xHFAvp"
            },
            {
                "start": 116,
                "end": 138,
                "url": "http://t.co/Gex6HNZcqH",
                "expanded_url": "https://twitter.com/AmyMek/status/521496155310796800/photo/1",
                "display_url": "pic.twitter.com/Gex6HNZcqH"
            }
        ],
        "annotations": [
            {
                "start": 24,
                "end": 38,
                "probability": 0.9982,
                "type": "Person",
                "normalized_text": "Kristen Stewart"
            }
        ]
    },
    "source": "Twitter Web Client",
    "in_reply_to_user_id": null
}