{
    "created_at": "2014-10-13 03:42:08+00:00",
    "id": 521506145261740035,
    "text": ".@AmyMek Yet another Hollywood #NeverWasBeen seeking publicity/relevance. #FalseAuthority #ShallowFAIL #AffleckFAIL",
    "entities": {
        "mentions": [
            {
                "start": 1,
                "end": 8,
                "username": "AmyMek",
                "id": "954124423"
            }
        ],
        "hashtags": [
            {
                "start": 31,
                "end": 44,
                "tag": "NeverWasBeen"
            },
            {
                "start": 74,
                "end": 89,
                "tag": "FalseAuthority"
            },
            {
                "start": 90,
                "end": 102,
                "tag": "ShallowFAIL"
            },
            {
                "start": 103,
                "end": 115,
                "tag": "AffleckFAIL"
            }
        ],
        "annotations": [
            {
                "start": 21,
                "end": 29,
                "probability": 0.5749,
                "type": "Place",
                "normalized_text": "Hollywood"
            }
        ]
    },
    "source": "Twitter Web Client",
    "in_reply_to_user_id": 954124423
}