{
    "created_at": "2014-10-13 05:34:19+00:00",
    "id": 521534374789935104,
    "text": "@AmyMek @PolitiBunny Fortunately the Military fights for the rights of Hollywood idiots to say stupid shit also!!! You're welcome, Kristen!!",
    "entities": {
        "annotations": [
            {
                "start": 71,
                "end": 79,
                "probability": 0.6283,
                "type": "Place",
                "normalized_text": "Hollywood"
            },
            {
                "start": 131,
                "end": 137,
                "probability": 0.9802,
                "type": "Person",
                "normalized_text": "Kristen"
            }
        ],
        "mentions": [
            {
                "start": 0,
                "end": 7,
                "username": "AmyMek",
                "id": "954124423"
            },
            {
                "start": 8,
                "end": 20,
                "username": "PolitiBunny",
                "id": "35051304"
            }
        ]
    },
    "source": "Twitter for Android",
    "in_reply_to_user_id": 954124423
}