{
    "created_at": "2014-10-14 02:14:45+00:00",
    "id": 521846543083524097,
    "text": "@CNNSitRoom @CNN where's he been hiding and why?",
    "entities": {
        "mentions": [
            {
                "start": 0,
                "end": 11,
                "username": "CNNSitRoom",
                "id": "34310801"
            },
            {
                "start": 12,
                "end": 16,
                "username": "CNN",
                "id": "759251"
            }
        ]
    },
    "source": "Twitter for Android",
    "in_reply_to_user_id": 34310801
}