{
    "created_at": "2014-10-18 21:07:43+00:00",
    "id": 523581212175392768,
    "text": "Hello everyone. \"Puppy-Sized Spider Surprises Scientist in Rainforest\" http://t.co/wTv14ePKaT http://t.co/FV2xam2lix",
    "entities": {
        "urls": [
            {
                "start": 71,
                "end": 93,
                "url": "http://t.co/wTv14ePKaT",
                "expanded_url": "http://livescience.com/48340-goliath-birdeater-surprises-scientist.html",
                "display_url": "livescience.com/48340-goliath-\u2026"
            },
            {
                "start": 94,
                "end": 116,
                "url": "http://t.co/FV2xam2lix",
                "expanded_url": "https://twitter.com/pourmecoffee/status/523581212175392768/photo/1",
                "display_url": "pic.twitter.com/FV2xam2lix"
            }
        ]
    },
    "source": "Fenix for Android",
    "in_reply_to_user_id": null
}