{
    "created_at": "2014-10-18 21:21:00+00:00",
    "id": 523584554540744704,
    "text": "@pexastete33 @PeeEssDoubleYou @pourmecoffee @cantsey my brother had one of them. He's right about the hissing. Proper mardy cunts.",
    "entities": {
        "mentions": [
            {
                "start": 0,
                "end": 12,
                "username": "pexastete33",
                "id": "2201906092"
            },
            {
                "start": 30,
                "end": 43,
                "username": "pourmecoffee",
                "id": "16906137"
            },
            {
                "start": 44,
                "end": 52,
                "username": "cantsey",
                "id": "1413081236"
            }
        ]
    },
    "source": "Twitter for Android",
    "in_reply_to_user_id": 2201906092
}