{
    "created_at": "2014-10-18 21:11:04+00:00",
    "id": 523582054563577856,
    "text": "NO!\ud83d\ude48 \u201c@pourmecoffee: Hello everyone. \"Puppy-Sized Spider Surprises Scientist in Rainforest\" http://t.co/nNlY1Xz9Wb http://t.co/wiTyauaBM3\u201d",
    "entities": {
        "mentions": [
            {
                "start": 6,
                "end": 19,
                "username": "pourmecoffee",
                "id": "16906137"
            }
        ],
        "urls": [
            {
                "start": 92,
                "end": 114,
                "url": "http://t.co/nNlY1Xz9Wb",
                "expanded_url": "http://livescience.com/48340-goliath-birdeater-surprises-scientist.html",
                "display_url": "livescience.com/48340-goliath-\u2026"
            },
            {
                "start": 115,
                "end": 137,
                "url": "http://t.co/wiTyauaBM3",
                "expanded_url": "https://twitter.com/pourmecoffee/status/523581212175392768/photo/1",
                "display_url": "pic.twitter.com/wiTyauaBM3"
            }
        ]
    },
    "source": "Twitter for iPad",
    "in_reply_to_user_id": 16906137
}