{
    "created_at": "2014-10-18 21:45:49+00:00",
    "id": 523590802895691778,
    "text": "@PatrickWeekes @pourmecoffee I wanted to link you this the other day but decided against it.... Oh well.",
    "entities": {
        "mentions": [
            {
                "start": 0,
                "end": 14,
                "username": "PatrickWeekes",
                "id": "369586333"
            },
            {
                "start": 15,
                "end": 28,
                "username": "pourmecoffee",
                "id": "16906137"
            }
        ]
    },
    "source": "TweetDeck",
    "in_reply_to_user_id": 369586333
}