{
    "created_at": "2014-10-18 21:39:57+00:00",
    "id": 523589324676550659,
    "text": "@pourmecoffee @GreatDismal No no no no no...",
    "entities": {
        "mentions": [
            {
                "start": 0,
                "end": 13,
                "username": "pourmecoffee",
                "id": "16906137"
            },
            {
                "start": 14,
                "end": 26,
                "username": "GreatDismal",
                "id": "28049003"
            }
        ]
    },
    "source": "Tweetbot for i\u039fS",
    "in_reply_to_user_id": 16906137
}