{
    "created_at": "2014-10-18 21:47:19+00:00",
    "id": 523591180593143810,
    "text": "@PatrickWeekes @pourmecoffee I no longer believe in god. Or hope. Or joy. I'll be curled up in a ball over there crying now thank you. WAAAH",
    "entities": {
        "mentions": [
            {
                "start": 0,
                "end": 14,
                "username": "PatrickWeekes",
                "id": "369586333"
            },
            {
                "start": 15,
                "end": 28,
                "username": "pourmecoffee",
                "id": "16906137"
            }
        ],
        "annotations": [
            {
                "start": 52,
                "end": 54,
                "probability": 0.5624,
                "type": "Other",
                "normalized_text": "god"
            }
        ]
    },
    "source": "Twitter Web Client",
    "in_reply_to_user_id": 369586333
}