{
    "created_at": "2014-10-19 00:29:54+00:00",
    "id": 523632095784992768,
    "text": "@pourmecoffee Kill it with #fire. cc: @drewmagary",
    "entities": {
        "mentions": [
            {
                "start": 0,
                "end": 13,
                "username": "pourmecoffee",
                "id": "16906137"
            },
            {
                "start": 38,
                "end": 49,
                "username": "drewmagary",
                "id": "16246688"
            }
        ],
        "hashtags": [
            {
                "start": 27,
                "end": 32,
                "tag": "fire"
            }
        ]
    },
    "source": "Twitter for iPhone",
    "in_reply_to_user_id": 16906137
}