{
    "created_at": "2014-10-19 01:28:06+00:00",
    "id": 523646741875544064,
    "text": "Screams quickly followed... RT @pourmecoffee: Hello everyone. \"Puppy-Sized Spider Surprises Scientist in Rainforest\" http://t.co/skR287zbWR",
    "entities": {
        "urls": [
            {
                "start": 117,
                "end": 139,
                "url": "http://t.co/skR287zbWR",
                "expanded_url": "http://livescience.com/48340-goliath-birdeater-surprises-scientist.html",
                "display_url": "livescience.com/48340-goliath-\u2026"
            }
        ],
        "mentions": [
            {
                "start": 31,
                "end": 44,
                "username": "pourmecoffee",
                "id": "16906137"
            }
        ]
    },
    "source": "Twitter for iPhone",
    "in_reply_to_user_id": 16906137
}