{
    "created_at": "2014-10-18 22:31:35+00:00",
    "id": 523602317690417152,
    "text": "\u201c@pourmecoffee: Hello everyone. \"Puppy-Sized Spider Surprises Scientist in Rainforest\" http://t.co/xfCznsf2eP http://t.co/Ta6BKXm2d1\u201d no",
    "entities": {
        "urls": [
            {
                "start": 87,
                "end": 109,
                "url": "http://t.co/xfCznsf2eP",
                "expanded_url": "http://livescience.com/48340-goliath-birdeater-surprises-scientist.html",
                "display_url": "livescience.com/48340-goliath-\u2026"
            },
            {
                "start": 110,
                "end": 132,
                "url": "http://t.co/Ta6BKXm2d1",
                "expanded_url": "https://twitter.com/pourmecoffee/status/523581212175392768/photo/1",
                "display_url": "pic.twitter.com/Ta6BKXm2d1"
            }
        ],
        "mentions": [
            {
                "start": 1,
                "end": 14,
                "username": "pourmecoffee",
                "id": "16906137"
            }
        ]
    },
    "source": "Twitter for iPhone",
    "in_reply_to_user_id": 16906137
}