{
    "created_at": "2014-10-18 23:31:34+00:00",
    "id": 523617413804597248,
    "text": "\u201c@pourmecoffee: Hello everyone. \"Puppy-Sized Spider Surprises Scientist in Rainforest\" http://t.co/HwUgFJeYH4 http://t.co/vvTP9PrZ4m\u201d &lt;Aw!",
    "entities": {
        "mentions": [
            {
                "start": 1,
                "end": 14,
                "username": "pourmecoffee",
                "id": "16906137"
            }
        ],
        "urls": [
            {
                "start": 87,
                "end": 109,
                "url": "http://t.co/HwUgFJeYH4",
                "expanded_url": "http://livescience.com/48340-goliath-birdeater-surprises-scientist.html",
                "display_url": "livescience.com/48340-goliath-\u2026"
            },
            {
                "start": 110,
                "end": 132,
                "url": "http://t.co/vvTP9PrZ4m",
                "expanded_url": "https://twitter.com/pourmecoffee/status/523581212175392768/photo/1",
                "display_url": "pic.twitter.com/vvTP9PrZ4m"
            }
        ]
    },
    "source": "Twitter for iPhone",
    "in_reply_to_user_id": 16906137
}