{
    "created_at": "2014-10-18 22:32:27+00:00",
    "id": 523602536318521346,
    "text": "@stevesmithffx @pourmecoffee - I haven't had enough coffee today to experience that just yet.",
    "entities": {
        "mentions": [
            {
                "start": 0,
                "end": 14,
                "username": "stevesmithffx",
                "id": "204546104"
            },
            {
                "start": 15,
                "end": 28,
                "username": "pourmecoffee",
                "id": "16906137"
            }
        ]
    },
    "source": "Twitter for Windows Phone",
    "in_reply_to_user_id": 204546104
}