{
    "created_at": "2014-10-19 00:50:48+00:00",
    "id": 523637355560042496,
    "text": "@datachick @pourmecoffee Holy crap!!!",
    "entities": {
        "mentions": [
            {
                "start": 0,
                "end": 10,
                "username": "datachick",
                "id": "15534499"
            },
            {
                "start": 11,
                "end": 24,
                "username": "pourmecoffee",
                "id": "16906137"
            }
        ]
    },
    "source": "Twitter for Android",
    "in_reply_to_user_id": 15534499
}