{
    "created_at": "2014-10-19 18:30:36+00:00",
    "id": 523904059237863424,
    "text": "\u201c@KHOU: Scientist discover a puppy-sized spider in the rainforest http://t.co/EGVGwsUay1 http://t.co/xZKVxaWYYN\u201d \ud83d\ude45\ud83d\ude33",
    "entities": {
        "urls": [
            {
                "start": 66,
                "end": 88,
                "url": "http://t.co/EGVGwsUay1",
                "expanded_url": "http://bit.ly/1upq3N8",
                "display_url": "bit.ly/1upq3N8"
            },
            {
                "start": 89,
                "end": 111,
                "url": "http://t.co/xZKVxaWYYN",
                "expanded_url": "https://twitter.com/KHOU/status/523888836456108032/photo/1",
                "display_url": "pic.twitter.com/xZKVxaWYYN"
            }
        ],
        "mentions": [
            {
                "start": 1,
                "end": 6,
                "username": "KHOU",
                "id": "15791186"
            }
        ]
    },
    "source": "Twitter for iPhone",
    "in_reply_to_user_id": 15791186
}