{
    "created_at": "2014-10-20 20:26:07+00:00",
    "id": 524295520978612224,
    "text": "\u5357\u7c73\u30ac\u30a4\u30a2\u30ca\u3067\u3001\u5b50\u72ac\u307b\u3069\u306e\u5927\u304d\u3055\u306e\u30af\u30e2\u304c\u767a\u898b\u3055\u308c\u305f @iwakamiyasumi\u3000#\u98db\u3079\u30b5\u30eb\u3000@wisdomwatch @Newsweek http://t.co/gk8KudvX62  http://t.co/F36ThGpi5k",
    "entities": {
        "hashtags": [
            {
                "start": 41,
                "end": 46,
                "tag": "\u98db\u3079\u30b5\u30eb"
            }
        ],
        "annotations": [
            {
                "start": 0,
                "end": 5,
                "probability": 0.495,
                "type": "Place",
                "normalized_text": "\u5357\u7c73\u30ac\u30a4\u30a2\u30ca"
            }
        ],
        "mentions": [
            {
                "start": 26,
                "end": 40,
                "username": "iwakamiyasumi",
                "id": "98891836"
            },
            {
                "start": 47,
                "end": 59,
                "username": "wisdomwatch",
                "id": "2435960576"
            },
            {
                "start": 60,
                "end": 69,
                "username": "Newsweek",
                "id": "2884771"
            }
        ],
        "urls": [
            {
                "start": 70,
                "end": 92,
                "url": "http://t.co/gk8KudvX62",
                "expanded_url": "http://bit.ly/1uvkm08",
                "display_url": "bit.ly/1uvkm08"
            },
            {
                "start": 94,
                "end": 116,
                "url": "http://t.co/F36ThGpi5k",
                "expanded_url": "https://twitter.com/wisdomwatch/status/524294016435634178/photo/1",
                "display_url": "pic.twitter.com/F36ThGpi5k"
            }
        ]
    },
    "source": "Twitter Web Client",
    "in_reply_to_user_id": 2435960576
}