{
    "created_at": "2014-10-20 20:20:09+00:00",
    "id": 524294016435634178,
    "text": "Spiders \u2191 Scientist finds puppy-sized spider in rainforest. Sit. Stay. FOREVER. http://t.co/svaTWeTFud http://t.co/XRjhKMwKcg",
    "entities": {
        "urls": [
            {
                "start": 80,
                "end": 102,
                "url": "http://t.co/svaTWeTFud",
                "expanded_url": "http://bit.ly/1uvkm08",
                "display_url": "bit.ly/1uvkm08"
            },
            {
                "start": 103,
                "end": 125,
                "url": "http://t.co/XRjhKMwKcg",
                "expanded_url": "https://twitter.com/wisdomwatch/status/524294016435634178/photo/1",
                "display_url": "pic.twitter.com/XRjhKMwKcg"
            }
        ]
    },
    "source": "Sprout Social",
    "in_reply_to_user_id": null
}