{
    "created_at": "2014-10-20 22:30:19+00:00",
    "id": 524326776068390912,
    "text": "@KHOU @mujicaaylin",
    "entities": {
        "mentions": [
            {
                "start": 0,
                "end": 5,
                "username": "KHOU",
                "id": "15791186"
            },
            {
                "start": 6,
                "end": 18,
                "username": "MujicaAylin",
                "id": "716728968284663813"
            }
        ]
    },
    "source": "Twitter for iPhone",
    "in_reply_to_user_id": 15791186
}