{
    "created_at": "2014-10-20 21:36:57+00:00",
    "id": 524313344413429760,
    "text": "\u201c@MythBusters: Adam we should do a test with this spider! ...Adam? http://t.co/bpiM1xKKbE http://t.co/dDKPxV9g7N\u201d@Rudi_Dog13",
    "entities": {
        "annotations": [
            {
                "start": 15,
                "end": 18,
                "probability": 0.8888,
                "type": "Person",
                "normalized_text": "Adam"
            },
            {
                "start": 61,
                "end": 64,
                "probability": 0.9673,
                "type": "Person",
                "normalized_text": "Adam"
            }
        ],
        "mentions": [
            {
                "start": 1,
                "end": 13,
                "username": "MythBusters",
                "id": "52146755"
            }
        ],
        "urls": [
            {
                "start": 67,
                "end": 89,
                "url": "http://t.co/bpiM1xKKbE",
                "expanded_url": "http://dsc.tv/D3HwX",
                "display_url": "dsc.tv/D3HwX"
            },
            {
                "start": 90,
                "end": 112,
                "url": "http://t.co/dDKPxV9g7N",
                "expanded_url": "https://twitter.com/MythBusters/status/524291188422356993/photo/1",
                "display_url": "pic.twitter.com/dDKPxV9g7N"
            }
        ]
    },
    "source": "Twitter for iPad",
    "in_reply_to_user_id": 52146755
}