{
    "created_at": "2014-10-20 21:27:48+00:00",
    "id": 524311041807642624,
    "text": "\"@KHOU: Scientist discover a puppy-sized spider in the rainforest, http://t.co/8EB75aoPGf http://t.co/AHqif0wxwq\" @FatManCollier",
    "entities": {
        "mentions": [
            {
                "start": 1,
                "end": 6,
                "username": "KHOU",
                "id": "15791186"
            }
        ],
        "urls": [
            {
                "start": 67,
                "end": 89,
                "url": "http://t.co/8EB75aoPGf",
                "expanded_url": "http://bit.ly/1upq3N8",
                "display_url": "bit.ly/1upq3N8"
            },
            {
                "start": 90,
                "end": 112,
                "url": "http://t.co/AHqif0wxwq",
                "expanded_url": "https://twitter.com/KHOU/status/523888836456108032/photo/1",
                "display_url": "pic.twitter.com/AHqif0wxwq"
            }
        ]
    },
    "source": "Twitter for Windows Phone",
    "in_reply_to_user_id": 15791186
}