{
    "created_at": "2014-10-22 14:57:17+00:00",
    "id": 524937542593167361,
    "text": "\u201c@OttawaCitizen: BREAKING: Soldier shot at War Memorial in Ottawa, Hill on lockdown, shooter at large http://t.co/w3YhVYDb9A #ottnews\u201d &lt; wow",
    "entities": {
        "mentions": [
            {
                "start": 1,
                "end": 15,
                "username": "OttawaCitizen",
                "id": "23655688"
            }
        ],
        "hashtags": [
            {
                "start": 125,
                "end": 133,
                "tag": "ottnews"
            }
        ],
        "annotations": [
            {
                "start": 43,
                "end": 54,
                "probability": 0.773,
                "type": "Place",
                "normalized_text": "War Memorial"
            },
            {
                "start": 59,
                "end": 64,
                "probability": 0.999,
                "type": "Place",
                "normalized_text": "Ottawa"
            },
            {
                "start": 67,
                "end": 70,
                "probability": 0.7646,
                "type": "Place",
                "normalized_text": "Hill"
            }
        ],
        "urls": [
            {
                "start": 102,
                "end": 124,
                "url": "http://t.co/w3YhVYDb9A",
                "expanded_url": "http://ottawacitizen.com/news/national/soldier-shot-at-war-memorial-in-ottawa/",
                "display_url": "ottawacitizen.com/news/national/\u2026"
            }
        ]
    },
    "source": "Twitter for iPhone",
    "in_reply_to_user_id": 23655688
}