{
    "created_at": "2014-10-22 18:51:05+00:00",
    "id": 524996377453948928,
    "text": "@kawah2 Actually the ideology inoculated to them acts like a virus that converts them in ZOMBIES, got to treat this like a disease #kobane",
    "entities": {
        "mentions": [
            {
                "start": 0,
                "end": 7,
                "username": "kawah2",
                "id": "3063589205"
            }
        ],
        "hashtags": [
            {
                "start": 131,
                "end": 138,
                "tag": "kobane"
            }
        ]
    },
    "source": "Twitter Web Client",
    "in_reply_to_user_id": 48304732
}