{
    "created_at": "2014-10-22 14:34:09+00:00",
    "id": 524931721708716032,
    "text": "\u201c@CP24: Soldier shot at National War Memorial in Ottawa http://t.co/PybLQoluYf http://t.co/iufQCGqFGV\u201d #cdnpoli",
    "entities": {
        "annotations": [
            {
                "start": 24,
                "end": 44,
                "probability": 0.3303,
                "type": "Place",
                "normalized_text": "National War Memorial"
            },
            {
                "start": 49,
                "end": 54,
                "probability": 0.9964,
                "type": "Place",
                "normalized_text": "Ottawa"
            }
        ],
        "mentions": [
            {
                "start": 1,
                "end": 6,
                "username": "CP24",
                "id": "19636948"
            }
        ],
        "hashtags": [
            {
                "start": 103,
                "end": 111,
                "tag": "cdnpoli"
            }
        ],
        "urls": [
            {
                "start": 56,
                "end": 78,
                "url": "http://t.co/PybLQoluYf",
                "expanded_url": "http://www.cp24.com/news/soldier-shot-at-national-war-memorial-in-ottawa-1.2065446#ixzz3GsrmvuDY",
                "display_url": "cp24.com/news/soldier-s\u2026",
                "status": 200,
                "unwound_url": "https://www.cp24.com/news/federal-sources-confirm-identity-of-slain-ottawa-gunman-1.2065446"
            },
            {
                "start": 79,
                "end": 101,
                "url": "http://t.co/iufQCGqFGV",
                "expanded_url": "https://twitter.com/CP24/status/524929796862918656/photo/1",
                "display_url": "pic.twitter.com/iufQCGqFGV"
            }
        ]
    },
    "source": "Twitter for iPad",
    "in_reply_to_user_id": 19636948
}