{
    "created_at": "2014-10-22 14:01:13+00:00",
    "id": 524923432933552128,
    "text": "@Henderburn thank you for posting. It may just be hard to tell in the picture but bystanders look quite calm considering gunfire in area.",
    "entities": {
        "mentions": [
            {
                "start": 0,
                "end": 11,
                "username": "Henderburn",
                "id": "44685373"
            }
        ]
    },
    "source": "Twitter for iPhone",
    "in_reply_to_user_id": 44685373
}