{
    "created_at": "2014-10-22 16:06:16+00:00",
    "id": 524954903861792768,
    "text": "@FoxNews suggest all countries put government buildings on special alert. even countries not friendly to US should do so also",
    "entities": {
        "mentions": [
            {
                "start": 0,
                "end": 8,
                "username": "FoxNews",
                "id": "1367531"
            }
        ],
        "annotations": [
            {
                "start": 105,
                "end": 106,
                "probability": 0.971,
                "type": "Place",
                "normalized_text": "US"
            }
        ]
    },
    "source": "Twitter Web Client",
    "in_reply_to_user_id": 1367531
}