{
    "created_at": "2014-10-23 02:50:01+00:00",
    "id": 525116906987347968,
    "text": "@KHOU @bbossyo tyler told me to tell you that you suck for that, and thanks for the panic attack.. \ud83d\ude02",
    "entities": {
        "annotations": [
            {
                "start": 15,
                "end": 19,
                "probability": 0.9802,
                "type": "Person",
                "normalized_text": "tyler"
            }
        ],
        "mentions": [
            {
                "start": 0,
                "end": 5,
                "username": "KHOU",
                "id": "15791186"
            }
        ]
    },
    "source": "Twitter for iPhone",
    "in_reply_to_user_id": 15791186
}