{
    "created_at": "2014-10-23 06:27:26+00:00",
    "id": 525171620026261505,
    "text": "Damn Right \"NOPE\" \u201c@KHOU: Scientist discover a puppy-sized spider ,known as the 'nope' spider http://t.co/WuyR38sqz5 http://t.co/kUkXf5aLmg\u201d",
    "entities": {
        "urls": [
            {
                "start": 94,
                "end": 116,
                "url": "http://t.co/WuyR38sqz5",
                "expanded_url": "http://bit.ly/1upq3N8",
                "display_url": "bit.ly/1upq3N8"
            },
            {
                "start": 117,
                "end": 139,
                "url": "http://t.co/kUkXf5aLmg",
                "expanded_url": "https://twitter.com/KHOU/status/523888836456108032/photo/1",
                "display_url": "pic.twitter.com/kUkXf5aLmg"
            }
        ],
        "mentions": [
            {
                "start": 19,
                "end": 24,
                "username": "KHOU",
                "id": "15791186"
            }
        ]
    },
    "source": "Twitter for iPhone",
    "in_reply_to_user_id": 15791186
}