{
    "created_at": "2014-10-23 14:23:01+00:00",
    "id": 525291306000846848,
    "text": "This cartoon is the perfect tribute to Nathan Cirillo #OttawaShooting \nhttp://t.co/H3L9bHSvSm http://t.co/YbCBtDzBRb",
    "entities": {
        "urls": [
            {
                "start": 71,
                "end": 93,
                "url": "http://t.co/H3L9bHSvSm",
                "expanded_url": "http://ind.pn/1D1hbSq",
                "display_url": "ind.pn/1D1hbSq"
            },
            {
                "start": 94,
                "end": 116,
                "url": "http://t.co/YbCBtDzBRb",
                "expanded_url": "https://twitter.com/Independent/status/525291306000846848/photo/1",
                "display_url": "pic.twitter.com/YbCBtDzBRb"
            }
        ],
        "annotations": [
            {
                "start": 39,
                "end": 52,
                "probability": 0.9957,
                "type": "Person",
                "normalized_text": "Nathan Cirillo"
            }
        ],
        "hashtags": [
            {
                "start": 54,
                "end": 69,
                "tag": "OttawaShooting"
            }
        ]
    },
    "source": "TweetDeck",
    "in_reply_to_user_id": null
}