{
    "created_at": "2014-10-26 03:18:15+00:00",
    "id": 526211175282143232,
    "text": "\ud83d\ude2b\ud83d\ude12 gtfoh \u201c@pourmecoffee:\"Puppy-Sized Spider Surprises Scientist in Rainforest\" http://t.co/SZveuq7t4e http://t.co/UKknzIkyZ2\u201d",
    "entities": {
        "mentions": [
            {
                "start": 10,
                "end": 23,
                "username": "pourmecoffee",
                "id": "16906137"
            }
        ],
        "urls": [
            {
                "start": 79,
                "end": 101,
                "url": "http://t.co/SZveuq7t4e",
                "expanded_url": "http://livescience.com/48340-goliath-birdeater-surprises-scientist.html",
                "display_url": "livescience.com/48340-goliath-\u2026"
            },
            {
                "start": 102,
                "end": 124,
                "url": "http://t.co/UKknzIkyZ2",
                "expanded_url": "https://twitter.com/pourmecoffee/status/523581212175392768/photo/1",
                "display_url": "pic.twitter.com/UKknzIkyZ2"
            }
        ]
    },
    "source": "Twitter for iPhone",
    "in_reply_to_user_id": 16906137
}