{
    "created_at": "2014-10-30 23:05:51+00:00",
    "id": 527959597265326080,
    "text": "@IGN @rc_olivas",
    "entities": {
        "mentions": [
            {
                "start": 0,
                "end": 4,
                "username": "IGN",
                "id": "18927441"
            },
            {
                "start": 5,
                "end": 15,
                "username": "rc_olivas",
                "id": "240986117"
            }
        ]
    },
    "source": "Twitter for iPhone",
    "in_reply_to_user_id": 18927441
}