{
    "created_at": "2014-10-30 22:20:18+00:00",
    "id": 527948133351698432,
    "text": "Huh??? RT @IGN: Seth Rogen has been cast as Steve Wozniak in the Steve Jobs biopic starring Christian Bale. http://t.co/zJi1UfBZxS",
    "entities": {
        "mentions": [
            {
                "start": 10,
                "end": 14,
                "username": "IGN",
                "id": "18927441"
            }
        ],
        "urls": [
            {
                "start": 108,
                "end": 130,
                "url": "http://t.co/zJi1UfBZxS",
                "expanded_url": "http://trib.al/h11KljL",
                "display_url": "trib.al/h11KljL",
                "status": 200,
                "unwound_url": "https://www.ign.com/articles/2014/10/30/seth-rogen-cast-as-steve-wozniak-in-steve-jobs-biopic"
            }
        ],
        "annotations": [
            {
                "start": 16,
                "end": 25,
                "probability": 0.9967,
                "type": "Person",
                "normalized_text": "Seth Rogen"
            },
            {
                "start": 44,
                "end": 56,
                "probability": 0.9962,
                "type": "Person",
                "normalized_text": "Steve Wozniak"
            },
            {
                "start": 65,
                "end": 74,
                "probability": 0.5213,
                "type": "Other",
                "normalized_text": "Steve Jobs"
            },
            {
                "start": 92,
                "end": 105,
                "probability": 0.9922,
                "type": "Person",
                "normalized_text": "Christian Bale"
            }
        ]
    },
    "source": "Twitter for iPhone",
    "in_reply_to_user_id": 18927441
}