{
    "created_at": "2014-10-30 23:07:43+00:00",
    "id": 527960065144143875,
    "text": "@TaylorsShelf @IGN this. Another example of how utterly devoid of intelligence Hollywood is",
    "entities": {
        "mentions": [
            {
                "start": 0,
                "end": 13,
                "username": "TaylorsShelf",
                "id": "226799456"
            },
            {
                "start": 14,
                "end": 18,
                "username": "IGN",
                "id": "18927441"
            }
        ],
        "annotations": [
            {
                "start": 79,
                "end": 87,
                "probability": 0.5204,
                "type": "Place",
                "normalized_text": "Hollywood"
            }
        ]
    },
    "source": "Twitter for Android",
    "in_reply_to_user_id": 226799456
}