{
    "created_at": "2014-10-30 22:35:24+00:00",
    "id": 527951935333490688,
    "text": "@IGN I thought they would hire an actual actor for that instead of Seth Rogen. The guy plays himself in everything.",
    "entities": {
        "annotations": [
            {
                "start": 67,
                "end": 76,
                "probability": 0.9926,
                "type": "Person",
                "normalized_text": "Seth Rogen"
            }
        ],
        "mentions": [
            {
                "start": 0,
                "end": 4,
                "username": "IGN",
                "id": "18927441"
            }
        ]
    },
    "source": "Twitter Web Client",
    "in_reply_to_user_id": 18927441
}