{
    "created_at": "2014-11-08 16:59:43+00:00",
    "id": 531128945698041856,
    "text": "@BuzzFeed @navicer_colonna \ud83d\ude37",
    "entities": {
        "mentions": [
            {
                "start": 0,
                "end": 9,
                "username": "BuzzFeed",
                "id": "5695632"
            },
            {
                "start": 10,
                "end": 26,
                "username": "navicer_colonna",
                "id": "431149889"
            }
        ]
    },
    "source": "Twitter for iPhone",
    "in_reply_to_user_id": 5695632
}