{
    "created_at": "2014-11-08 15:20:47+00:00",
    "id": 531104049660039168,
    "text": "\u201c@BuzzFeed: Good Sweet Lord, Pepsi Is Actually Testing A Doritos-Flavored Mountain Dew\" NOW WITH CYANIDE!",
    "entities": {
        "annotations": [
            {
                "start": 65,
                "end": 85,
                "probability": 0.4405,
                "type": "Product",
                "normalized_text": "Flavored Mountain Dew"
            }
        ],
        "mentions": [
            {
                "start": 1,
                "end": 10,
                "username": "BuzzFeed",
                "id": "5695632"
            }
        ]
    },
    "source": "Twitter for iPhone",
    "in_reply_to_user_id": 5695632
}