{
    "created_at": "2014-11-09 00:02:18+00:00",
    "id": 531235295556296705,
    "text": "\u201c@BuzzFeed: Good Sweet Lord, Pepsi Is Actually Testing A Doritos-Flavored Mountain Dew http://t.co/F2Mvv4pEIE\u201d science has gone too far",
    "entities": {
        "mentions": [
            {
                "start": 1,
                "end": 10,
                "username": "BuzzFeed",
                "id": "5695632"
            }
        ],
        "urls": [
            {
                "start": 87,
                "end": 109,
                "url": "http://t.co/F2Mvv4pEIE",
                "expanded_url": "https://twitter.com/BuzzFeed/status/531085761521528834/photo/1",
                "display_url": "pic.twitter.com/F2Mvv4pEIE"
            }
        ]
    },
    "source": "Twitter for iPhone",
    "in_reply_to_user_id": 5695632
}