{
    "created_at": "2014-11-10 03:51:28+00:00",
    "id": 531655351037620225,
    "text": "@Boogie2988 Ok, its official, Boogie has lost his mind. Hopefully they'll allow gaming consoles in his padded cell ;D",
    "entities": {
        "mentions": [
            {
                "start": 0,
                "end": 11,
                "username": "Boogie2988",
                "id": "42345999"
            }
        ],
        "annotations": [
            {
                "start": 30,
                "end": 35,
                "probability": 0.8112,
                "type": "Person",
                "normalized_text": "Boogie"
            }
        ]
    },
    "source": "Twitter Web Client",
    "in_reply_to_user_id": 42345999
}