{
    "created_at": "2014-11-11 01:04:41+00:00",
    "id": 531975769698758656,
    "text": "\u201c@someecards: The manager at a Chick-fil-A made a list of words his employees aren't allowed to say. http://t.co/tpOztzp7pB\u201d @MrRyanMattB",
    "entities": {
        "mentions": [
            {
                "start": 1,
                "end": 12,
                "username": "someecards",
                "id": "14094741"
            },
            {
                "start": 125,
                "end": 137,
                "username": "MrRyanMattB",
                "id": "101366996"
            }
        ],
        "urls": [
            {
                "start": 101,
                "end": 123,
                "url": "http://t.co/tpOztzp7pB",
                "expanded_url": "http://some.ly/x0k7NdN",
                "display_url": "some.ly/x0k7NdN"
            }
        ]
    },
    "source": "Twitter for iPhone",
    "in_reply_to_user_id": 14094741
}