{
    "created_at": "2014-11-11 15:50:13+00:00",
    "id": 532198622226812928,
    "text": "\u201c@TMZ: Sugarhill Gang's Big Bank Hank Dies -- Dead at 57 from Cancer http://t.co/aVU7slqYc5\u201d rip man",
    "entities": {
        "urls": [
            {
                "start": 69,
                "end": 91,
                "url": "http://t.co/aVU7slqYc5",
                "expanded_url": "http://dlvr.it/7Ttj4t",
                "display_url": "dlvr.it/7Ttj4t"
            }
        ],
        "mentions": [
            {
                "start": 1,
                "end": 5,
                "username": "TMZ",
                "id": "16331010"
            }
        ],
        "annotations": [
            {
                "start": 7,
                "end": 20,
                "probability": 0.5176,
                "type": "Person",
                "normalized_text": "Sugarhill Gang"
            },
            {
                "start": 33,
                "end": 41,
                "probability": 0.2366,
                "type": "Person",
                "normalized_text": "Hank Dies"
            }
        ]
    },
    "source": "Twitter for iPhone",
    "in_reply_to_user_id": 16331010
}