{
    "created_at": "2014-11-11 19:23:22+00:00",
    "id": 532252263042252801,
    "text": "@GlobalGrindNews @prrosado :- ( RIP",
    "entities": {
        "mentions": [
            {
                "start": 0,
                "end": 16,
                "username": "GlobalGrindNews",
                "id": "24138795"
            },
            {
                "start": 17,
                "end": 26,
                "username": "prrosado",
                "id": "224741372"
            }
        ]
    },
    "source": "Twitter Web Client",
    "in_reply_to_user_id": 24138795
}