{
    "created_at": "2014-11-11 18:45:31+00:00",
    "id": 532242734678298624,
    "text": "@britlovesquincy @GlobalGrindNews",
    "entities": {
        "mentions": [
            {
                "start": 0,
                "end": 16,
                "username": "britlovesquincy",
                "id": "2680858909"
            },
            {
                "start": 17,
                "end": 33,
                "username": "GlobalGrindNews",
                "id": "24138795"
            }
        ]
    },
    "source": "Twitter for Android",
    "in_reply_to_user_id": 2680858909
}