{
    "created_at": "2014-11-17 13:31:18+00:00",
    "id": 534337987656835072,
    "text": "\ud83d\ude2d\u201c@Independent: We are running out of chocolate, warns world's largest chocolate manufacturer\nhttp://t.co/I03PGTFZrc http://t.co/9fk37JRok5\u201d",
    "entities": {
        "mentions": [
            {
                "start": 2,
                "end": 14,
                "username": "Independent",
                "id": "16973333"
            }
        ],
        "urls": [
            {
                "start": 94,
                "end": 116,
                "url": "http://t.co/I03PGTFZrc",
                "expanded_url": "http://ind.pn/1qbHXaJ",
                "display_url": "ind.pn/1qbHXaJ"
            },
            {
                "start": 117,
                "end": 139,
                "url": "http://t.co/9fk37JRok5",
                "expanded_url": "https://twitter.com/Independent/status/534337548680978432/photo/1",
                "display_url": "pic.twitter.com/9fk37JRok5"
            }
        ]
    },
    "source": "Twitter for iPhone",
    "in_reply_to_user_id": 16973333
}