{
    "created_at": "2014-11-26 00:02:05+00:00",
    "id": 537395831117053952,
    "text": "So does race baiting @deray @Lamarche #Ferguson",
    "entities": {
        "mentions": [
            {
                "start": 21,
                "end": 27,
                "username": "deray",
                "id": "29417304"
            },
            {
                "start": 28,
                "end": 37,
                "username": "Lamarche",
                "id": "16166161"
            }
        ],
        "hashtags": [
            {
                "start": 38,
                "end": 47,
                "tag": "Ferguson"
            }
        ]
    },
    "source": "Twitter for iPhone",
    "in_reply_to_user_id": 29417304
}