{
    "created_at": "2014-11-25 23:10:00+00:00",
    "id": 537382724840214528,
    "text": "@deray @markchappelle what the actual, unmitigated fuck.",
    "entities": {
        "mentions": [
            {
                "start": 0,
                "end": 6,
                "username": "deray",
                "id": "29417304"
            },
            {
                "start": 7,
                "end": 21,
                "username": "markchappelle",
                "id": "14680132"
            }
        ]
    },
    "source": "Twitter for iPhone",
    "in_reply_to_user_id": 29417304
}