{
    "created_at": "2014-11-25 22:53:11+00:00",
    "id": 537378494641373185,
    "text": "@deray @ShaunKing you're joking",
    "entities": {
        "mentions": [
            {
                "start": 0,
                "end": 6,
                "username": "deray",
                "id": "29417304"
            },
            {
                "start": 7,
                "end": 17,
                "username": "shaunking",
                "id": "755113"
            }
        ]
    },
    "source": "Twitter for iPhone",
    "in_reply_to_user_id": 29417304
}