{
    "created_at": "2014-11-26 03:30:52+00:00",
    "id": 537448375604756480,
    "text": "@deray @MattMurph24 Wilson's dfenc hinges on \"I was afraid for my life\" but he sd in @abc intv that he was worried \"legally.\" Liar. Murderer",
    "entities": {
        "mentions": [
            {
                "start": 0,
                "end": 6,
                "username": "deray",
                "id": "29417304"
            },
            {
                "start": 7,
                "end": 19,
                "username": "MattMurph24",
                "id": "49800332"
            },
            {
                "start": 85,
                "end": 89,
                "username": "ABC",
                "id": "28785486"
            }
        ],
        "annotations": [
            {
                "start": 20,
                "end": 25,
                "probability": 0.9667,
                "type": "Person",
                "normalized_text": "Wilson"
            }
        ]
    },
    "source": "Twitter for iPhone",
    "in_reply_to_user_id": 29417304
}