{
    "created_at": "2014-11-26 18:34:55+00:00",
    "id": 537675885621809152,
    "text": "@deray Blacks are killing blacks 100x as often as whites are.  Who is destroying black's lives?  Your hate is misguided.",
    "entities": {
        "mentions": [
            {
                "start": 0,
                "end": 6,
                "username": "deray",
                "id": "29417304"
            }
        ]
    },
    "source": "TweetCaster for Android",
    "in_reply_to_user_id": 29417304
}