{
    "created_at": "2014-11-26 21:18:35+00:00",
    "id": 537717072441397248,
    "text": "@KingofFree @PeterMaude @Jesse_sDad @deray Well when he sues the NYT, Sharpton and the rest I hope he bankrupts them all",
    "entities": {
        "mentions": [
            {
                "start": 0,
                "end": 11,
                "username": "kingoffree",
                "id": "1408893989680414720"
            },
            {
                "start": 12,
                "end": 23,
                "username": "PeterMaude",
                "id": "19352926"
            },
            {
                "start": 36,
                "end": 42,
                "username": "deray",
                "id": "29417304"
            }
        ],
        "annotations": [
            {
                "start": 65,
                "end": 67,
                "probability": 0.9521,
                "type": "Organization",
                "normalized_text": "NYT"
            },
            {
                "start": 70,
                "end": 77,
                "probability": 0.9542,
                "type": "Person",
                "normalized_text": "Sharpton"
            }
        ]
    },
    "source": "TweetDeck",
    "in_reply_to_user_id": 24677484
}