{
    "created_at": "2014-11-28 22:17:03+00:00",
    "id": 538456563531649026,
    "text": "@THESOURCE WOW SMH \u261d\ufe0f\u261d\ufe0f @FergCapone",
    "entities": {
        "mentions": [
            {
                "start": 0,
                "end": 10,
                "username": "TheSource",
                "id": "16630362"
            },
            {
                "start": 24,
                "end": 35,
                "username": "FergCapone",
                "id": "31246220"
            }
        ]
    },
    "source": "Twitter for iPhone",
    "in_reply_to_user_id": 16630362
}