{
    "created_at": "2014-11-29 03:26:05+00:00",
    "id": 538534336383823872,
    "text": "@THESOURCE why were they there in the first place??  Pregnant riding around lol lame.   Poor thing stay with your kids.   Boyfriend???",
    "entities": {
        "mentions": [
            {
                "start": 0,
                "end": 10,
                "username": "TheSource",
                "id": "16630362"
            }
        ]
    },
    "source": "Twitter for iPhone",
    "in_reply_to_user_id": 16630362
}