{
    "created_at": "2014-11-29 23:37:33+00:00",
    "id": 538839211529732096,
    "text": "@THESOURCE don't wanna lose an eyeball?? #stayhome #putbabyfirst #badmommy",
    "entities": {
        "mentions": [
            {
                "start": 0,
                "end": 10,
                "username": "TheSource",
                "id": "16630362"
            }
        ],
        "hashtags": [
            {
                "start": 41,
                "end": 50,
                "tag": "stayhome"
            },
            {
                "start": 51,
                "end": 64,
                "tag": "putbabyfirst"
            },
            {
                "start": 65,
                "end": 74,
                "tag": "badmommy"
            }
        ]
    },
    "source": "Twitter for iPhone",
    "in_reply_to_user_id": 16630362
}