{
    "created_at": "2014-11-30 19:30:15+00:00",
    "id": 539139361934438400,
    "text": "\u201c@_egotistical_: Obama daughter is not pregnant. Now when Obama get the Internet shut down on some Olivia type time, we all gonna be sick\u201d\u2757\ufe0f",
    "entities": {
        "annotations": [
            {
                "start": 17,
                "end": 21,
                "probability": 0.9983,
                "type": "Person",
                "normalized_text": "Obama"
            },
            {
                "start": 58,
                "end": 62,
                "probability": 0.9988,
                "type": "Person",
                "normalized_text": "Obama"
            },
            {
                "start": 99,
                "end": 104,
                "probability": 0.9599,
                "type": "Person",
                "normalized_text": "Olivia"
            }
        ],
        "mentions": [
            {
                "start": 1,
                "end": 15,
                "username": "_egotistical_",
                "id": "2507295473"
            }
        ]
    },
    "source": "Twitter for iPhone",
    "in_reply_to_user_id": 2507295473
}