{
    "created_at": "2014-12-02 18:15:23+00:00",
    "id": 539845299791859712,
    "text": "@jackhealyNYT @nytimes There aren't any former New Orleans cops in Ferguson, are there? #henryglover",
    "entities": {
        "mentions": [
            {
                "start": 0,
                "end": 13,
                "username": "jackhealyNYT",
                "id": "373791638"
            },
            {
                "start": 14,
                "end": 22,
                "username": "nytimes",
                "id": "807095"
            }
        ],
        "hashtags": [
            {
                "start": 88,
                "end": 100,
                "tag": "henryglover"
            }
        ],
        "annotations": [
            {
                "start": 47,
                "end": 57,
                "probability": 0.6802,
                "type": "Place",
                "normalized_text": "New Orleans"
            },
            {
                "start": 67,
                "end": 74,
                "probability": 0.7082,
                "type": "Place",
                "normalized_text": "Ferguson"
            }
        ]
    },
    "source": "Twitter for Android",
    "in_reply_to_user_id": 373791638
}