{
    "created_at": "2014-12-07 08:22:00+00:00",
    "id": 541507907553341440,
    "text": "@MrDoodyHead @VisionPoet how can you have a protest if you leave when someone tells you?",
    "entities": {
        "mentions": [
            {
                "start": 0,
                "end": 12,
                "username": "MrDoodyHead",
                "id": "25877888"
            },
            {
                "start": 13,
                "end": 24,
                "username": "VisionPoet",
                "id": "18297022"
            }
        ]
    },
    "source": "Twitter for Android",
    "in_reply_to_user_id": 25877888
}