{
    "created_at": "2015-01-02 22:58:29+00:00",
    "id": 551150568165900290,
    "text": "\u201c@GMA: Donna Douglas, known for role as Elly May Clampett on \"The Beverly Hillbillies,\" dies. http://t.co/YPyKVbJgf6 http://t.co/mJxUPqlCYD\u201d",
    "entities": {
        "urls": [
            {
                "start": 94,
                "end": 116,
                "url": "http://t.co/YPyKVbJgf6",
                "expanded_url": "http://abcn.ws/1wLcp7s",
                "display_url": "abcn.ws/1wLcp7s"
            },
            {
                "start": 117,
                "end": 139,
                "url": "http://t.co/mJxUPqlCYD",
                "expanded_url": "https://twitter.com/ABC/status/551123464640536576/photo/1",
                "display_url": "pic.twitter.com/mJxUPqlCYD"
            }
        ],
        "annotations": [
            {
                "start": 7,
                "end": 19,
                "probability": 0.9964,
                "type": "Person",
                "normalized_text": "Donna Douglas"
            },
            {
                "start": 40,
                "end": 56,
                "probability": 0.8456,
                "type": "Person",
                "normalized_text": "Elly May Clampett"
            },
            {
                "start": 62,
                "end": 84,
                "probability": 0.9199,
                "type": "Other",
                "normalized_text": "The Beverly Hillbillies"
            }
        ],
        "mentions": [
            {
                "start": 1,
                "end": 5,
                "username": "GMA",
                "id": "22650211"
            }
        ]
    },
    "source": "Twitter for iPhone",
    "in_reply_to_user_id": 22650211
}