{
    "created_at": "2015-01-05 03:47:46+00:00",
    "id": 551948141654990848,
    "text": "\u201c@KarenCivil: President's Daughter Malia Obama Spotted Wearing A Pro Era T-Shirt http://t.co/aiCnaQb049 http://t.co/9VUm6O8uxW\u201d geekin",
    "entities": {
        "annotations": [
            {
                "start": 35,
                "end": 45,
                "probability": 0.9528,
                "type": "Person",
                "normalized_text": "Malia Obama"
            }
        ],
        "mentions": [
            {
                "start": 1,
                "end": 12,
                "username": "KarenCivil",
                "id": "16490974"
            }
        ],
        "urls": [
            {
                "start": 81,
                "end": 103,
                "url": "http://t.co/aiCnaQb049",
                "expanded_url": "http://bit.ly/1zNhyhD",
                "display_url": "bit.ly/1zNhyhD",
                "status": 200,
                "title": "Site Suspended - This site has stepped out for a bit",
                "unwound_url": "http://p3nlhclust404.shr.prod.phx3.secureserver.net/SharedContent/redirect_0.html"
            },
            {
                "start": 104,
                "end": 126,
                "url": "http://t.co/9VUm6O8uxW",
                "expanded_url": "https://twitter.com/KarenCivil/status/551942365901250560/photo/1",
                "display_url": "pic.twitter.com/9VUm6O8uxW"
            }
        ]
    },
    "source": "Twitter for iPhone",
    "in_reply_to_user_id": 16490974
}