{
    "created_at": "2015-01-05 03:26:37+00:00",
    "id": 551942819758505985,
    "text": "\"@KarenCivil President's Daughter Malia Obama Spotted Wearing A Pro Era T-Shirt http://t.co/fhP0VrUehZ\" congrats @joeyBADASS",
    "entities": {
        "annotations": [
            {
                "start": 34,
                "end": 44,
                "probability": 0.9559,
                "type": "Person",
                "normalized_text": "Malia Obama"
            }
        ],
        "mentions": [
            {
                "start": 1,
                "end": 12,
                "username": "KarenCivil",
                "id": "16490974"
            },
            {
                "start": 113,
                "end": 124,
                "username": "joeyBADASS",
                "id": "190074321"
            }
        ],
        "urls": [
            {
                "start": 80,
                "end": 102,
                "url": "http://t.co/fhP0VrUehZ",
                "expanded_url": "http://bit.ly/1zNhyhD",
                "display_url": "bit.ly/1zNhyhD",
                "status": 200,
                "title": "Site Suspended - This site has stepped out for a bit",
                "unwound_url": "http://p3nlhclust404.shr.prod.phx3.secureserver.net/SharedContent/redirect_0.html"
            }
        ]
    },
    "source": "Twitter Web Client",
    "in_reply_to_user_id": 16490974
}