{
    "created_at": "2015-01-05 04:20:47+00:00",
    "id": 551956450252435456,
    "text": "@KarenCivil who fuckin cares\ud83d\ude26\ud83d\ude26\ud83d\ude26\ud83d\ude26\ud83d\ude26\ud83d\ude26\ud83d\ude26\ud83d\ude26\ud83d\ude26\ud83d\ude26\ud83d\ude26",
    "entities": {
        "mentions": [
            {
                "start": 0,
                "end": 11,
                "username": "KarenCivil",
                "id": "16490974"
            }
        ]
    },
    "source": "Twitter for iPhone",
    "in_reply_to_user_id": 16490974
}