{
    "created_at": "2015-01-07 13:08:10+00:00",
    "id": 552813949427544064,
    "text": "@hassanbasmer Muslims are being persecuted for their religion? In Pakistan, Nigeria or Paris? @DaliaChai @cnnbrk #CharlieHebdo",
    "entities": {
        "hashtags": [
            {
                "start": 113,
                "end": 126,
                "tag": "CharlieHebdo"
            }
        ],
        "mentions": [
            {
                "start": 0,
                "end": 13,
                "username": "hassanbasmer",
                "id": "567039350"
            },
            {
                "start": 94,
                "end": 104,
                "username": "DaliaChai",
                "id": "2707815410"
            },
            {
                "start": 105,
                "end": 112,
                "username": "cnnbrk",
                "id": "428333"
            }
        ],
        "annotations": [
            {
                "start": 66,
                "end": 73,
                "probability": 0.9946,
                "type": "Place",
                "normalized_text": "Pakistan"
            },
            {
                "start": 76,
                "end": 82,
                "probability": 0.9213,
                "type": "Place",
                "normalized_text": "Nigeria"
            },
            {
                "start": 87,
                "end": 91,
                "probability": 0.992,
                "type": "Place",
                "normalized_text": "Paris"
            }
        ]
    },
    "source": "Twitter for iPhone",
    "in_reply_to_user_id": 567039350
}