{
    "created_at": "2015-01-07 12:40:20+00:00",
    "id": 552806943392145408,
    "text": "@cnnbrk Islamic terror. Empowered by media that makes excuses for it. Can't blame the Jews 4 this CNN. THIS is Islam",
    "entities": {
        "mentions": [
            {
                "start": 0,
                "end": 7,
                "username": "cnnbrk",
                "id": "428333"
            }
        ],
        "annotations": [
            {
                "start": 98,
                "end": 100,
                "probability": 0.9445,
                "type": "Organization",
                "normalized_text": "CNN"
            },
            {
                "start": 111,
                "end": 115,
                "probability": 0.4111,
                "type": "Person",
                "normalized_text": "Islam"
            }
        ]
    },
    "source": "Twitter for iPhone",
    "in_reply_to_user_id": 428333
}