{
    "created_at": "2015-01-12 17:31:56+00:00",
    "id": 554692267299328000,
    "text": "OMG RT @NBCPhiladelphia: TRAGIC: Nearly 70 people died at a funeral after drinking contaminated beer: http://t.co/W1fhMGReub",
    "entities": {
        "mentions": [
            {
                "start": 7,
                "end": 23,
                "username": "NBCPhiladelphia",
                "id": "15755669"
            }
        ],
        "urls": [
            {
                "start": 102,
                "end": 124,
                "url": "http://t.co/W1fhMGReub",
                "expanded_url": "http://on.nbc10.com/rtfBCKj",
                "display_url": "on.nbc10.com/rtfBCKj"
            }
        ]
    },
    "source": "Twitter for iPhone",
    "in_reply_to_user_id": 15755669
}