{
    "created_at": "2015-01-12 21:19:50+00:00",
    "id": 554749618412871680,
    "text": "\u201c@RT_com: Saudi cleric proclaims snowman-building 'anti-Islamic'\u201d. True! No snow in Middle East when Islam was born? Build Sandman instead!",
    "entities": {
        "mentions": [
            {
                "start": 1,
                "end": 8,
                "username": "RT_com",
                "id": "64643056"
            }
        ],
        "annotations": [
            {
                "start": 10,
                "end": 14,
                "probability": 0.6352,
                "type": "Place",
                "normalized_text": "Saudi"
            },
            {
                "start": 101,
                "end": 105,
                "probability": 0.3406,
                "type": "Person",
                "normalized_text": "Islam"
            }
        ]
    },
    "source": "Twitter for iPad",
    "in_reply_to_user_id": 64643056
}