{
    "created_at": "2015-01-28 02:36:41+00:00",
    "id": 560265172829601792,
    "text": "@carlokuhrt @DebiMenze @act4america @BreitbartNews spoken like someone who has no clue what sharia law is",
    "entities": {
        "mentions": [
            {
                "start": 12,
                "end": 22,
                "username": "DebiMenze",
                "id": "2314360662"
            },
            {
                "start": 23,
                "end": 35,
                "username": "act4america",
                "id": "3162043071"
            },
            {
                "start": 36,
                "end": 50,
                "username": "BreitbartNews",
                "id": "457984599"
            }
        ]
    },
    "source": "Twitter for iPhone",
    "in_reply_to_user_id": 2206606894
}