{
    "created_at": "2015-01-29 03:23:58+00:00",
    "id": 560639462070157312,
    "text": "@act4america @AllenEllis14 @BreitbartNews Well they better stop now. I can't believe TX of all states succumbed to this. DON\"T MESS W TX!!",
    "entities": {
        "annotations": [
            {
                "start": 85,
                "end": 86,
                "probability": 0.7417,
                "type": "Place",
                "normalized_text": "TX"
            },
            {
                "start": 134,
                "end": 135,
                "probability": 0.6151,
                "type": "Place",
                "normalized_text": "TX"
            }
        ],
        "mentions": [
            {
                "start": 0,
                "end": 12,
                "username": "act4america",
                "id": "3162043071"
            },
            {
                "start": 13,
                "end": 26,
                "username": "AllenEllis14",
                "id": "55004670"
            },
            {
                "start": 27,
                "end": 41,
                "username": "BreitbartNews",
                "id": "457984599"
            }
        ]
    },
    "source": "Twitter Web Client",
    "in_reply_to_user_id": 168541923
}