{
    "created_at": "2015-01-29 10:50:42+00:00",
    "id": 560751884404011009,
    "text": "@Squarespace @TheJeffBridges Punkneck's need Yur help with the money to make some music videos  https://t.co/7loHVRosMJ",
    "entities": {
        "mentions": [
            {
                "start": 0,
                "end": 12,
                "username": "squarespace",
                "id": "14319981"
            },
            {
                "start": 13,
                "end": 28,
                "username": "TheJeffBridges",
                "id": "304089779"
            }
        ],
        "urls": [
            {
                "start": 96,
                "end": 119,
                "url": "https://t.co/7loHVRosMJ",
                "expanded_url": "https://www.kickstarter.com/projects/punknecks/the-punknecks-filmstars",
                "display_url": "kickstarter.com/projects/punkn\u2026",
                "status": 200,
                "unwound_url": "https://www.kickstarter.com/projects/punknecks/the-punknecks-filmstars"
            }
        ]
    },
    "source": "Twitter for iPhone",
    "in_reply_to_user_id": 14319981
}