{
    "created_at": "2015-01-30 18:19:25+00:00",
    "id": 561227198099517440,
    "text": "@mamarocks54 @Squarespace @TheJeffBridges Sleeping is not my problem, LOL I sleep way 2 much but have been awake a lot this week due to Drs",
    "entities": {
        "mentions": [
            {
                "start": 0,
                "end": 12,
                "username": "mamarocks54",
                "id": "351148925"
            },
            {
                "start": 13,
                "end": 25,
                "username": "squarespace",
                "id": "14319981"
            },
            {
                "start": 26,
                "end": 41,
                "username": "TheJeffBridges",
                "id": "304089779"
            }
        ]
    },
    "source": "TweetDeck",
    "in_reply_to_user_id": 351148925
}