{
    "created_at": "2015-01-31 02:40:07+00:00",
    "id": 561353201820393474,
    "text": "@Squarespace @TheJeffBridges That man has been truly blessed with by far the best head of hair.",
    "entities": {
        "mentions": [
            {
                "start": 0,
                "end": 12,
                "username": "squarespace",
                "id": "14319981"
            },
            {
                "start": 13,
                "end": 28,
                "username": "TheJeffBridges",
                "id": "304089779"
            }
        ]
    },
    "source": "Twitter Web Client",
    "in_reply_to_user_id": 14319981
}