{
    "created_at": "2015-02-01 03:26:32+00:00",
    "id": 561727272986488832,
    "text": "@Squarespace @TheJeffBridges",
    "entities": {
        "mentions": [
            {
                "start": 0,
                "end": 12,
                "username": "squarespace",
                "id": "14319981"
            },
            {
                "start": 13,
                "end": 28,
                "username": "TheJeffBridges",
                "id": "304089779"
            }
        ]
    },
    "source": "Twitter for Android",
    "in_reply_to_user_id": 14319981
}