{
    "created_at": "2015-02-01 04:11:16+00:00",
    "id": 561738527537635328,
    "text": "@Squarespace @TheJeffBridges is this similar to the concept of ASMR?",
    "entities": {
        "mentions": [
            {
                "start": 0,
                "end": 12,
                "username": "squarespace",
                "id": "14319981"
            },
            {
                "start": 13,
                "end": 28,
                "username": "TheJeffBridges",
                "id": "304089779"
            }
        ],
        "annotations": [
            {
                "start": 63,
                "end": 66,
                "probability": 0.3068,
                "type": "Product",
                "normalized_text": "ASMR"
            }
        ]
    },
    "source": "Twitter for iPhone",
    "in_reply_to_user_id": 14319981
}