{
    "created_at": "2015-02-01 21:08:20+00:00",
    "id": 561994481424023552,
    "text": "@Squarespace @TheJeffBridges JB is so wonderfully weird!",
    "entities": {
        "mentions": [
            {
                "start": 0,
                "end": 12,
                "username": "squarespace",
                "id": "14319981"
            },
            {
                "start": 13,
                "end": 28,
                "username": "TheJeffBridges",
                "id": "304089779"
            }
        ]
    },
    "source": "Twitter Web Client",
    "in_reply_to_user_id": 14319981
}