{
    "created_at": "2015-02-02 00:00:21+00:00",
    "id": 562037769409921024,
    "text": "@Squarespace @TheJeffBridges Jeff Bridges is an idiot liberal.",
    "entities": {
        "annotations": [
            {
                "start": 29,
                "end": 40,
                "probability": 0.9847,
                "type": "Person",
                "normalized_text": "Jeff Bridges"
            }
        ],
        "mentions": [
            {
                "start": 0,
                "end": 12,
                "username": "squarespace",
                "id": "14319981"
            },
            {
                "start": 13,
                "end": 28,
                "username": "TheJeffBridges",
                "id": "304089779"
            }
        ]
    },
    "source": "Twitter Web Client",
    "in_reply_to_user_id": 14319981
}