{
    "created_at": "2015-02-02 03:48:51+00:00",
    "id": 562095277159354368,
    "text": "@Squarespace @TheJeffBridges yeah, cause that gravelly voice is just soooo comforting....lol",
    "entities": {
        "mentions": [
            {
                "start": 0,
                "end": 12,
                "username": "squarespace",
                "id": "14319981"
            },
            {
                "start": 13,
                "end": 28,
                "username": "TheJeffBridges",
                "id": "304089779"
            }
        ]
    },
    "source": "Twitter Web Client",
    "in_reply_to_user_id": 14319981
}