{
    "created_at": "2015-02-02 15:27:43+00:00",
    "id": 562271149904904192,
    "text": "@Squarespace @TheJeffBridges I listened to this this morning, and it actually work me up! The kids are so lively!",
    "entities": {
        "mentions": [
            {
                "start": 0,
                "end": 12,
                "username": "squarespace",
                "id": "14319981"
            },
            {
                "start": 13,
                "end": 28,
                "username": "TheJeffBridges",
                "id": "304089779"
            }
        ]
    },
    "source": "Twitter Web Client",
    "in_reply_to_user_id": 14319981
}