{
    "created_at": "2015-02-24 01:07:40+00:00",
    "id": 570027244246028288,
    "text": "@JamieDornan_org Yep. He's already said multiple times he's contracted for the next 2 movies, if they get made.",
    "entities": {
        "mentions": [
            {
                "start": 0,
                "end": 16,
                "username": "JamieDornan_org",
                "id": "279575920"
            }
        ]
    },
    "source": "Twitter Web Client",
    "in_reply_to_user_id": 279575920
}