{
    "created_at": "2015-03-07 04:53:27+00:00",
    "id": 574070332954308608,
    "text": "@ABC Social Isolation is a strong torture technique for young victims, North Korea uses this modality in schools as well, weird faculty.",
    "entities": {
        "mentions": [
            {
                "start": 0,
                "end": 4,
                "username": "ABC",
                "id": "28785486"
            }
        ],
        "annotations": [
            {
                "start": 71,
                "end": 81,
                "probability": 0.9462,
                "type": "Place",
                "normalized_text": "North Korea"
            }
        ]
    },
    "source": "Twitter Web Client",
    "in_reply_to_user_id": 28785486
}