{
    "created_at": "2015-03-07 04:23:24+00:00",
    "id": 574062768896212992,
    "text": "Oregon community helps mother after boy punished for being tardy due to vehicle problems: http://t.co/Vb3ksprLx8 http://t.co/X33gsTU4kj",
    "entities": {
        "annotations": [
            {
                "start": 0,
                "end": 5,
                "probability": 0.7817,
                "type": "Place",
                "normalized_text": "Oregon"
            }
        ],
        "urls": [
            {
                "start": 90,
                "end": 112,
                "url": "http://t.co/Vb3ksprLx8",
                "expanded_url": "http://abcn.ws/1G8RSAq",
                "display_url": "abcn.ws/1G8RSAq"
            },
            {
                "start": 113,
                "end": 135,
                "url": "http://t.co/X33gsTU4kj",
                "expanded_url": "https://twitter.com/ABC/status/574062768896212992/photo/1",
                "display_url": "pic.twitter.com/X33gsTU4kj"
            }
        ]
    },
    "source": "SocialFlow",
    "in_reply_to_user_id": null
}