{
    "created_at": "2015-06-17 05:40:11+00:00",
    "id": 611045655495118851,
    "text": "@cnni you say it like its a bad thing... no one ever went to KFC just for the chicken, its the luxurious coating they go for. YUM.",
    "entities": {
        "mentions": [
            {
                "start": 0,
                "end": 5,
                "username": "cnni",
                "id": "2097571"
            }
        ],
        "annotations": [
            {
                "start": 61,
                "end": 63,
                "probability": 0.6577,
                "type": "Organization",
                "normalized_text": "KFC"
            }
        ]
    },
    "source": "Twitter Web Client",
    "in_reply_to_user_id": 2097571
}