{
    "created_at": "2015-06-21 02:29:52+00:00",
    "id": 612447312942489601,
    "text": "@tchopStL @NotJackKemp They did this for Wee-Bay too.",
    "entities": {
        "mentions": [
            {
                "start": 0,
                "end": 9,
                "username": "tchopstl",
                "id": "3218894223"
            },
            {
                "start": 10,
                "end": 22,
                "username": "NotJackKemp",
                "id": "407929406"
            }
        ],
        "annotations": [
            {
                "start": 41,
                "end": 47,
                "probability": 0.4062,
                "type": "Person",
                "normalized_text": "Wee-Bay"
            }
        ]
    },
    "source": "Twitter for iPhone",
    "in_reply_to_user_id": 9112032
}