{
    "created_at": "2015-06-21 02:07:19+00:00",
    "id": 612441635742330880,
    "text": "@tchopStL @jonswaine isn't that an interrogation technique?",
    "entities": {
        "mentions": [
            {
                "start": 0,
                "end": 9,
                "username": "tchopstl",
                "id": "3218894223"
            },
            {
                "start": 10,
                "end": 20,
                "username": "jonswaine",
                "id": "19817778"
            }
        ]
    },
    "source": "Twitter for iPhone",
    "in_reply_to_user_id": 9112032
}