{
    "created_at": "2015-06-22 16:54:07+00:00",
    "id": 613027195527798784,
    "text": "@CNNPolitics @RepMiaLove Smart Idea NOW tell your Party President cand's #TedCruz &amp; #MikeHuckabee to be smart about the #ConfederateFlag",
    "entities": {
        "mentions": [
            {
                "start": 0,
                "end": 12,
                "username": "CNNPolitics",
                "id": "13850422"
            }
        ],
        "hashtags": [
            {
                "start": 73,
                "end": 81,
                "tag": "TedCruz"
            },
            {
                "start": 88,
                "end": 101,
                "tag": "MikeHuckabee"
            },
            {
                "start": 124,
                "end": 140,
                "tag": "ConfederateFlag"
            }
        ]
    },
    "source": "Twitter Web Client",
    "in_reply_to_user_id": 13850422
}