{
    "created_at": "2015-06-27 00:40:49+00:00",
    "id": 614594195479752704,
    "text": "White House lit in rainbow colors after today's historic Supreme Court ruling #SCOTUSMarriage http://t.co/OSG8lHQ7AF",
    "entities": {
        "annotations": [
            {
                "start": 0,
                "end": 10,
                "probability": 0.7068,
                "type": "Place",
                "normalized_text": "White House"
            },
            {
                "start": 57,
                "end": 69,
                "probability": 0.4554,
                "type": "Organization",
                "normalized_text": "Supreme Court"
            }
        ],
        "hashtags": [
            {
                "start": 78,
                "end": 93,
                "tag": "SCOTUSMarriage"
            }
        ],
        "urls": [
            {
                "start": 94,
                "end": 116,
                "url": "http://t.co/OSG8lHQ7AF",
                "expanded_url": "https://twitter.com/NBCNightlyNews/status/614594195479752704/photo/1",
                "display_url": "pic.twitter.com/OSG8lHQ7AF"
            }
        ]
    },
    "source": "TweetDeck",
    "in_reply_to_user_id": null
}