{
    "created_at": "2015-06-27 05:24:42+00:00",
    "id": 614665638854823936,
    "text": "@NickKristof @jaleelwhite our 4 fathers would be disgusted of this.",
    "entities": {
        "mentions": [
            {
                "start": 0,
                "end": 12,
                "username": "NickKristof",
                "id": "17004618"
            },
            {
                "start": 13,
                "end": 25,
                "username": "jaleelwhite",
                "id": "48624947"
            }
        ]
    },
    "source": "Twitter for Android",
    "in_reply_to_user_id": 17004618
}