{
    "created_at": "2015-06-27 04:44:06+00:00",
    "id": 614655418904801280,
    "text": "@CNNWire @CNN @WhiteHouse unbelievable pathetic what about all people smh",
    "entities": {
        "mentions": [
            {
                "start": 0,
                "end": 8,
                "username": "cnnwire",
                "id": "783001052434067457"
            },
            {
                "start": 9,
                "end": 13,
                "username": "CNN",
                "id": "759251"
            },
            {
                "start": 14,
                "end": 25,
                "username": "WhiteHouse",
                "id": "1323730225067339784"
            }
        ]
    },
    "source": "Twitter for Android",
    "in_reply_to_user_id": 844364659
}