{
    "created_at": "2015-06-27 03:37:52+00:00",
    "id": 614638751847981056,
    "text": "@CNNWire @NikkiSixx @WhiteHouse Love this!! #LoveWins",
    "entities": {
        "hashtags": [
            {
                "start": 44,
                "end": 53,
                "tag": "LoveWins"
            }
        ],
        "mentions": [
            {
                "start": 0,
                "end": 8,
                "username": "cnnwire",
                "id": "783001052434067457"
            },
            {
                "start": 9,
                "end": 19,
                "username": "NikkiSixx",
                "id": "122216533"
            },
            {
                "start": 20,
                "end": 31,
                "username": "WhiteHouse",
                "id": "1323730225067339784"
            }
        ]
    },
    "source": "Twitter for Android",
    "in_reply_to_user_id": 844364659
}