{
    "created_at": "2015-06-27 02:16:31+00:00",
    "id": 614618277302661120,
    "text": "@NickKristof http://t.co/OQhxPKBIGk",
    "entities": {
        "mentions": [
            {
                "start": 0,
                "end": 12,
                "username": "NickKristof",
                "id": "17004618"
            }
        ],
        "urls": [
            {
                "start": 13,
                "end": 35,
                "url": "http://t.co/OQhxPKBIGk",
                "expanded_url": "https://twitter.com/b57305702/status/614618277302661120/photo/1",
                "display_url": "pic.twitter.com/OQhxPKBIGk"
            }
        ]
    },
    "source": "Twitter Web Client",
    "in_reply_to_user_id": 17004618
}