{
    "created_at": "2015-06-27 02:39:37+00:00",
    "id": 614624093002973184,
    "text": "@nickkristof @nytimes Americans are racisit nd illuminatist dey are d coming of d devil,what justifies samesex marriage?Love,2 hell with dat",
    "entities": {
        "mentions": [
            {
                "start": 0,
                "end": 12,
                "username": "NickKristof",
                "id": "17004618"
            },
            {
                "start": 13,
                "end": 21,
                "username": "nytimes",
                "id": "807095"
            }
        ]
    },
    "source": "Mobile Web (M2)",
    "in_reply_to_user_id": 17004618
}