{
    "created_at": "2015-06-27 01:39:39+00:00",
    "id": 614608999648858112,
    "text": "@AP #OlympusHasFallen! Less #Government not more... Stupid...",
    "entities": {
        "mentions": [
            {
                "start": 0,
                "end": 3,
                "username": "AP",
                "id": "51241574"
            }
        ],
        "hashtags": [
            {
                "start": 4,
                "end": 21,
                "tag": "OlympusHasFallen"
            },
            {
                "start": 28,
                "end": 39,
                "tag": "Government"
            }
        ]
    },
    "source": "Twitter Web Client",
    "in_reply_to_user_id": 51241574
}