{
    "created_at": "2015-06-27 01:58:44+00:00",
    "id": 614613804563824640,
    "text": "@CNNWire @CNN @WhiteHouse Wow! I love it",
    "entities": {
        "mentions": [
            {
                "start": 0,
                "end": 8,
                "username": "cnnwire",
                "id": "783001052434067457"
            },
            {
                "start": 9,
                "end": 13,
                "username": "CNN",
                "id": "759251"
            },
            {
                "start": 14,
                "end": 25,
                "username": "WhiteHouse",
                "id": "1323730225067339784"
            }
        ]
    },
    "source": "Twitter Web Client",
    "in_reply_to_user_id": 844364659
}