{
    "created_at": "2015-06-27 03:55:17+00:00",
    "id": 614643134174117888,
    "text": "@NickKristof @jacquereid Is God wrong-----and America right\n\nBible scriptures http://t.co/HDdt0NCPqt",
    "entities": {
        "annotations": [
            {
                "start": 28,
                "end": 30,
                "probability": 0.8349,
                "type": "Other",
                "normalized_text": "God"
            },
            {
                "start": 46,
                "end": 52,
                "probability": 0.9479,
                "type": "Place",
                "normalized_text": "America"
            }
        ],
        "mentions": [
            {
                "start": 0,
                "end": 12,
                "username": "NickKristof",
                "id": "17004618"
            },
            {
                "start": 13,
                "end": 24,
                "username": "jacquereid",
                "id": "22416023"
            }
        ],
        "urls": [
            {
                "start": 78,
                "end": 100,
                "url": "http://t.co/HDdt0NCPqt",
                "expanded_url": "http://s1.zetaboards.com/Express_Yourself/topic/2509323/1/",
                "display_url": "s1.zetaboards.com/Express_Yourse\u2026"
            }
        ]
    },
    "source": "Twitter Web Client",
    "in_reply_to_user_id": 17004618
}