{
    "created_at": "2015-06-28 03:29:28+00:00",
    "id": 614999025595625473,
    "text": "@CNNWire @CNN @WhiteHouse I guess the prophecy is coming true after all i.e The west will fall and the east will rise.",
    "entities": {
        "mentions": [
            {
                "start": 0,
                "end": 8,
                "username": "cnnwire",
                "id": "783001052434067457"
            },
            {
                "start": 9,
                "end": 13,
                "username": "CNN",
                "id": "759251"
            },
            {
                "start": 14,
                "end": 25,
                "username": "WhiteHouse",
                "id": "1323730225067339784"
            }
        ]
    },
    "source": "Twitter for iPhone",
    "in_reply_to_user_id": 844364659
}