{
    "created_at": "2015-06-27 22:28:30+00:00",
    "id": 614923285709619204,
    "text": "@CNNWire @CNN @WhiteHouse be careful of But Plug attacks!! http://t.co/aSrMzqmkjB",
    "entities": {
        "mentions": [
            {
                "start": 0,
                "end": 8,
                "username": "cnnwire",
                "id": "783001052434067457"
            },
            {
                "start": 9,
                "end": 13,
                "username": "CNN",
                "id": "759251"
            },
            {
                "start": 14,
                "end": 25,
                "username": "WhiteHouse",
                "id": "1323730225067339784"
            }
        ],
        "urls": [
            {
                "start": 59,
                "end": 81,
                "url": "http://t.co/aSrMzqmkjB",
                "expanded_url": "https://twitter.com/ClassyLuke/status/614923285709619204/photo/1",
                "display_url": "pic.twitter.com/aSrMzqmkjB"
            }
        ]
    },
    "source": "Twitter for Android",
    "in_reply_to_user_id": 844364659
}