{
    "created_at": "2015-07-02 14:07:08+00:00",
    "id": 616609050957058049,
    "text": "@mashable why is it this reminds us of #Titanic?",
    "entities": {
        "mentions": [
            {
                "start": 0,
                "end": 9,
                "username": "mashable",
                "id": "972651"
            }
        ],
        "hashtags": [
            {
                "start": 39,
                "end": 47,
                "tag": "Titanic"
            }
        ]
    },
    "source": "Twitter Web Client",
    "in_reply_to_user_id": 972651
}