{
    "created_at": "2015-07-14 15:04:58+00:00",
    "id": 620972258933276673,
    "text": "@ThelIluminati @Victoria1_lee @CNN (y)",
    "entities": {
        "mentions": [
            {
                "start": 0,
                "end": 14,
                "username": "ThelIluminati",
                "id": "143257853"
            },
            {
                "start": 30,
                "end": 34,
                "username": "CNN",
                "id": "759251"
            }
        ]
    },
    "source": "Twitter for Android",
    "in_reply_to_user_id": 143257853
}