{
    "created_at": "2015-08-16 17:21:37+00:00",
    "id": 632965446636056576,
    "text": "\u201c@KhaledBeydoun: Trayvon Martin at Space Camp in Florida.  #BlackLivesMatter http://t.co/o6IHXhO6XR\u201d TV news never would have used this one",
    "entities": {
        "annotations": [
            {
                "start": 17,
                "end": 30,
                "probability": 0.9154,
                "type": "Person",
                "normalized_text": "Trayvon Martin"
            },
            {
                "start": 35,
                "end": 44,
                "probability": 0.4714,
                "type": "Place",
                "normalized_text": "Space Camp"
            },
            {
                "start": 49,
                "end": 55,
                "probability": 0.9815,
                "type": "Place",
                "normalized_text": "Florida"
            }
        ],
        "hashtags": [
            {
                "start": 59,
                "end": 76,
                "tag": "BlackLivesMatter"
            }
        ],
        "mentions": [
            {
                "start": 1,
                "end": 15,
                "username": "KhaledBeydoun",
                "id": "2163076560"
            }
        ],
        "urls": [
            {
                "start": 77,
                "end": 99,
                "url": "http://t.co/o6IHXhO6XR",
                "expanded_url": "https://twitter.com/KhaledBeydoun/status/632377165477191680/photo/1",
                "display_url": "pic.twitter.com/o6IHXhO6XR"
            }
        ]
    },
    "source": "Twitter for iPad",
    "in_reply_to_user_id": 2163076560
}