{
    "created_at": "2015-08-19 11:21:52+00:00",
    "id": 633962076327804929,
    "text": "@CNNPolitics @HillaryClinton @realDonaldTrump lies..will chew up those 6 points..and the rest http://t.co/n2ZmZi9rPk",
    "entities": {
        "mentions": [
            {
                "start": 0,
                "end": 12,
                "username": "CNNPolitics",
                "id": "13850422"
            },
            {
                "start": 13,
                "end": 28,
                "username": "HillaryClinton",
                "id": "1339835893"
            },
            {
                "start": 29,
                "end": 45,
                "username": "realDonaldTrump",
                "id": "25073877"
            }
        ],
        "urls": [
            {
                "start": 94,
                "end": 116,
                "url": "http://t.co/n2ZmZi9rPk",
                "expanded_url": "https://twitter.com/Karentalk/status/633962076327804929/photo/1",
                "display_url": "pic.twitter.com/n2ZmZi9rPk"
            },
            {
                "start": 94,
                "end": 116,
                "url": "http://t.co/n2ZmZi9rPk",
                "expanded_url": "https://twitter.com/Karentalk/status/633962076327804929/photo/1",
                "display_url": "pic.twitter.com/n2ZmZi9rPk"
            },
            {
                "start": 94,
                "end": 116,
                "url": "http://t.co/n2ZmZi9rPk",
                "expanded_url": "https://twitter.com/Karentalk/status/633962076327804929/photo/1",
                "display_url": "pic.twitter.com/n2ZmZi9rPk"
            },
            {
                "start": 94,
                "end": 116,
                "url": "http://t.co/n2ZmZi9rPk",
                "expanded_url": "https://twitter.com/Karentalk/status/633962076327804929/photo/1",
                "display_url": "pic.twitter.com/n2ZmZi9rPk"
            }
        ]
    },
    "source": "Twitter Web Client",
    "in_reply_to_user_id": 13850422
}