{
    "created_at": "2015-08-19 12:55:41+00:00",
    "id": 633985689206583300,
    "text": "@CNNPolitics @cnnbrk @HillaryClinton @realDonaldTrump Go Trump\ud83c\uddfa\ud83c\uddf8\ud83c\uddfa\ud83c\uddf8\ud83c\uddfa\ud83c\uddf8",
    "entities": {
        "annotations": [
            {
                "start": 57,
                "end": 61,
                "probability": 0.9944,
                "type": "Person",
                "normalized_text": "Trump"
            }
        ],
        "mentions": [
            {
                "start": 0,
                "end": 12,
                "username": "CNNPolitics",
                "id": "13850422"
            },
            {
                "start": 13,
                "end": 20,
                "username": "cnnbrk",
                "id": "428333"
            },
            {
                "start": 21,
                "end": 36,
                "username": "HillaryClinton",
                "id": "1339835893"
            },
            {
                "start": 37,
                "end": 53,
                "username": "realDonaldTrump",
                "id": "25073877"
            }
        ]
    },
    "source": "Twitter for iPhone",
    "in_reply_to_user_id": 13850422
}