{
    "created_at": "2015-08-19 11:59:26+00:00",
    "id": 633971531618643969,
    "text": "@sea329 @CNNPolitics The libs will turn a blind eye to server-gate. They have to get back to the latest episode of the Kardashians.",
    "entities": {
        "mentions": [
            {
                "start": 0,
                "end": 7,
                "username": "sea329",
                "id": "60811364"
            },
            {
                "start": 8,
                "end": 20,
                "username": "CNNPolitics",
                "id": "13850422"
            }
        ]
    },
    "source": "Twitter Web Client",
    "in_reply_to_user_id": 60811364
}