{
    "created_at": "2015-08-19 12:14:41+00:00",
    "id": 633975368236535809,
    "text": "@CNNPolitics @cnnbrk @HillaryClinton @realDonaldTrump. Bs i don't believe that. CNN where's the proof??",
    "entities": {
        "mentions": [
            {
                "start": 0,
                "end": 12,
                "username": "CNNPolitics",
                "id": "13850422"
            },
            {
                "start": 13,
                "end": 20,
                "username": "cnnbrk",
                "id": "428333"
            },
            {
                "start": 21,
                "end": 36,
                "username": "HillaryClinton",
                "id": "1339835893"
            },
            {
                "start": 37,
                "end": 53,
                "username": "realDonaldTrump",
                "id": "25073877"
            }
        ],
        "annotations": [
            {
                "start": 80,
                "end": 82,
                "probability": 0.941,
                "type": "Organization",
                "normalized_text": "CNN"
            }
        ]
    },
    "source": "Twitter for Android",
    "in_reply_to_user_id": 13850422
}