{
    "created_at": "2015-08-19 15:23:55+00:00",
    "id": 634022992268230656,
    "text": "@CNNPolitics @HillaryClinton @realDonaldTrump So we like lying more than stupidity?",
    "entities": {
        "mentions": [
            {
                "start": 0,
                "end": 12,
                "username": "CNNPolitics",
                "id": "13850422"
            },
            {
                "start": 13,
                "end": 28,
                "username": "HillaryClinton",
                "id": "1339835893"
            },
            {
                "start": 29,
                "end": 45,
                "username": "realDonaldTrump",
                "id": "25073877"
            }
        ]
    },
    "source": "Twitter Web Client",
    "in_reply_to_user_id": 13850422
}