{
    "created_at": "2015-08-30 22:26:21+00:00",
    "id": 638115565173780480,
    "text": "RT @TheValleyReport: Woman stabs boyfriend for not liking Instagram selfie fast\u00a0enough https://t.co/bOjemiwlEG http://t.co/fPzQIvBFqW",
    "entities": {
        "annotations": [
            {
                "start": 58,
                "end": 66,
                "probability": 0.8446,
                "type": "Product",
                "normalized_text": "Instagram"
            }
        ],
        "urls": [
            {
                "start": 87,
                "end": 110,
                "url": "https://t.co/bOjemiwlEG",
                "expanded_url": "https://daveweasel.wordpress.com/2015/08/30/woman-stabs-boyfriend-for-not-liking-instagram-selfie-fast-enough",
                "display_url": "daveweasel.wordpress.com/2015/08/30/wom\u2026"
            },
            {
                "start": 111,
                "end": 133,
                "url": "http://t.co/fPzQIvBFqW",
                "expanded_url": "https://twitter.com/TheValleyReport/status/637868242560638980/photo/1",
                "display_url": "pic.twitter.com/fPzQIvBFqW"
            }
        ],
        "mentions": [
            {
                "start": 3,
                "end": 19,
                "username": "TheValleyReport",
                "id": "3369234799"
            }
        ]
    },
    "source": "Tweetbot for i\u039fS",
    "in_reply_to_user_id": 3369234799
}