{
    "created_at": "2015-08-31 00:07:59+00:00",
    "id": 638141143004409857,
    "text": "@TheValleyReport @DaveWeasel WTF",
    "entities": {
        "mentions": [
            {
                "start": 0,
                "end": 16,
                "username": "TheValleyReport",
                "id": "3369234799"
            },
            {
                "start": 17,
                "end": 28,
                "username": "DaveWeasel",
                "id": "574023889"
            }
        ]
    },
    "source": "Twitter for iPhone",
    "in_reply_to_user_id": 3369234799
}