{
    "created_at": "2015-09-01 07:44:35+00:00",
    "id": 638618440291381248,
    "text": "@TheValleyReport @JoshMichalski \nI've stabbed my wife for less",
    "entities": {
        "mentions": [
            {
                "start": 0,
                "end": 16,
                "username": "TheValleyReport",
                "id": "3369234799"
            },
            {
                "start": 17,
                "end": 31,
                "username": "JoshMichalski",
                "id": "886593452"
            }
        ]
    },
    "source": "Twitter for iPhone",
    "in_reply_to_user_id": 3369234799
}