{
    "created_at": "2015-09-01 13:24:41+00:00",
    "id": 638704028990500869,
    "text": "@TheValleyReport @_KP24 @MUJosey keep playing",
    "entities": {
        "mentions": [
            {
                "start": 0,
                "end": 16,
                "username": "TheValleyReport",
                "id": "3369234799"
            },
            {
                "start": 17,
                "end": 23,
                "username": "_kp24",
                "id": "2670014575"
            }
        ]
    },
    "source": "Twitter for iPhone",
    "in_reply_to_user_id": 3369234799
}