{
    "created_at": "2015-09-02 14:20:57+00:00",
    "id": 639080576440385536,
    "text": "@TheValleyReport @THEJRB14",
    "entities": {
        "mentions": [
            {
                "start": 0,
                "end": 16,
                "username": "TheValleyReport",
                "id": "3369234799"
            },
            {
                "start": 17,
                "end": 26,
                "username": "THEJRB14",
                "id": "1258572559"
            }
        ]
    },
    "source": "Twitter for Android",
    "in_reply_to_user_id": 3369234799
}