{
    "created_at": "2015-09-03 04:59:45+00:00",
    "id": 639301733303259136,
    "text": "@TheValleyReport @DaveWeasel omg over 3000 retweets I'm so worried about today's society...",
    "entities": {
        "mentions": [
            {
                "start": 0,
                "end": 16,
                "username": "TheValleyReport",
                "id": "3369234799"
            },
            {
                "start": 17,
                "end": 28,
                "username": "DaveWeasel",
                "id": "574023889"
            }
        ]
    },
    "source": "Twitter for iPhone",
    "in_reply_to_user_id": 3369234799
}