{
    "created_at": "2015-09-10 14:58:32+00:00",
    "id": 641989138271465472,
    "text": "@Stonewall_77 @steph93065 @peady63 @CarmineZozzora @BlissTabitha @MaydnUSA @LibertyBell1000  @tedcruz Public schools are just brainwashing",
    "entities": {
        "mentions": [
            {
                "start": 14,
                "end": 25,
                "username": "steph93065",
                "id": "1360406988576985089"
            },
            {
                "start": 26,
                "end": 34,
                "username": "peady63",
                "id": "3012706790"
            },
            {
                "start": 35,
                "end": 50,
                "username": "CarmineZozzora",
                "id": "2167674121"
            },
            {
                "start": 51,
                "end": 64,
                "username": "BlissTabitha",
                "id": "999453985"
            },
            {
                "start": 65,
                "end": 74,
                "username": "MaydNusa",
                "id": "1394785061703016450"
            },
            {
                "start": 75,
                "end": 91,
                "username": "LibertyBell1000",
                "id": "2449650492"
            },
            {
                "start": 93,
                "end": 101,
                "username": "tedcruz",
                "id": "23022687"
            }
        ]
    },
    "source": "Twitter for Android",
    "in_reply_to_user_id": 885733974
}