{
    "created_at": "2015-09-10 23:08:43+00:00",
    "id": 642112497256939520,
    "text": "@johannalapp @Stonewall_77 Nice catch, Johanna. I had to scroll up &amp; look again. It was shy one 'e'.",
    "entities": {
        "mentions": [
            {
                "start": 0,
                "end": 12,
                "username": "johannalapp",
                "id": "91452466"
            }
        ],
        "annotations": [
            {
                "start": 39,
                "end": 45,
                "probability": 0.9728,
                "type": "Person",
                "normalized_text": "Johanna"
            }
        ]
    },
    "source": "Twitter for Android",
    "in_reply_to_user_id": 91452466
}