{
    "created_at": "2015-09-14 09:08:45+00:00",
    "id": 643350663758544896,
    "text": "@LibertyUSA1776 @EnochWasRight_  EU countries government taken in by refuges - many of us weren't!  Now for the bloodshed!",
    "entities": {
        "mentions": [
            {
                "start": 0,
                "end": 15,
                "username": "LibertyUSA1776",
                "id": "3300205033"
            },
            {
                "start": 16,
                "end": 31,
                "username": "EnochWasRight_",
                "id": "3580984589"
            }
        ]
    },
    "source": "Twitter Web Client",
    "in_reply_to_user_id": 3300205033
}