{
    "created_at": "2015-09-14 12:08:31+00:00",
    "id": 643395901273169920,
    "text": "@LibertyUSA1776 @bcwilliams92  The German civil war begins while the UN is getting ready to rescue. Setting stage for  Global Government.",
    "entities": {
        "annotations": [
            {
                "start": 69,
                "end": 70,
                "probability": 0.4034,
                "type": "Organization",
                "normalized_text": "UN"
            }
        ],
        "mentions": [
            {
                "start": 0,
                "end": 15,
                "username": "LibertyUSA1776",
                "id": "3300205033"
            },
            {
                "start": 16,
                "end": 29,
                "username": "bcwilliams92",
                "id": "182265955"
            }
        ]
    },
    "source": "Twitter for Android",
    "in_reply_to_user_id": 3300205033
}