{
    "created_at": "2015-10-02 20:43:07+00:00",
    "id": 650048388839424001,
    "text": "@nytimes I don't get all that squeak! So Pope can meet gay people, but can't meet Kim Davis? I smell hypocrisy or stupidity here.",
    "entities": {
        "annotations": [
            {
                "start": 41,
                "end": 44,
                "probability": 0.8419,
                "type": "Person",
                "normalized_text": "Pope"
            },
            {
                "start": 82,
                "end": 90,
                "probability": 0.9969,
                "type": "Person",
                "normalized_text": "Kim Davis"
            }
        ],
        "mentions": [
            {
                "start": 0,
                "end": 8,
                "username": "nytimes",
                "id": "807095"
            }
        ]
    },
    "source": "Twitter Web Client",
    "in_reply_to_user_id": 807095
}