{
    "created_at": "2015-10-05 18:25:52+00:00",
    "id": 651101009582886912,
    "text": "@TheValleyReport @Cawfeel well shit...",
    "entities": {
        "mentions": [
            {
                "start": 0,
                "end": 16,
                "username": "TheValleyReport",
                "id": "3369234799"
            },
            {
                "start": 17,
                "end": 25,
                "username": "Cawfeel",
                "id": "3415230028"
            }
        ]
    },
    "source": "Twitter for Android",
    "in_reply_to_user_id": 3369234799
}