{
    "created_at": "2015-10-11 17:00:38+00:00",
    "id": 653253887156051968,
    "text": ".@CNN stop making everything about the Republicans. This story is about @HillaryClinton @BernieSanders show their pictures! #Bernie2016",
    "entities": {
        "mentions": [
            {
                "start": 1,
                "end": 5,
                "username": "CNN",
                "id": "759251"
            },
            {
                "start": 72,
                "end": 87,
                "username": "HillaryClinton",
                "id": "1339835893"
            },
            {
                "start": 88,
                "end": 102,
                "username": "BernieSanders",
                "id": "216776631"
            }
        ],
        "hashtags": [
            {
                "start": 124,
                "end": 135,
                "tag": "Bernie2016"
            }
        ],
        "annotations": [
            {
                "start": 39,
                "end": 49,
                "probability": 0.8107,
                "type": "Organization",
                "normalized_text": "Republicans"
            }
        ]
    },
    "source": "Twitter for iPhone",
    "in_reply_to_user_id": 759251
}