{
    "created_at": "2015-10-12 03:49:32+00:00",
    "id": 653417188448079872,
    "text": "@CNN @HillaryClinton @BernieSanders Just wait until more people know him. Just wait.",
    "entities": {
        "mentions": [
            {
                "start": 0,
                "end": 4,
                "username": "CNN",
                "id": "759251"
            },
            {
                "start": 5,
                "end": 20,
                "username": "HillaryClinton",
                "id": "1339835893"
            },
            {
                "start": 21,
                "end": 35,
                "username": "BernieSanders",
                "id": "216776631"
            }
        ]
    },
    "source": "Twitter for Android",
    "in_reply_to_user_id": 759251
}