{
    "created_at": "2015-10-28 21:34:38+00:00",
    "id": 659483435057205248,
    "text": "@FiNeSSeHaVeN so you telling me I can get 4 legs instead of 2 lol @kfc Colonel Sanders cooking Griffin chicken \ud83d\ude02\ud83d\ude02\ud83d\ude02 @sarcastic_soul_",
    "entities": {
        "mentions": [
            {
                "start": 0,
                "end": 13,
                "username": "FinesseHaveN",
                "id": "4838383249"
            },
            {
                "start": 66,
                "end": 70,
                "username": "kfc",
                "id": "15392391"
            },
            {
                "start": 115,
                "end": 131,
                "username": "sarcastic_soul_",
                "id": "303975005"
            }
        ],
        "annotations": [
            {
                "start": 71,
                "end": 85,
                "probability": 0.8595,
                "type": "Person",
                "normalized_text": "Colonel Sanders"
            },
            {
                "start": 95,
                "end": 101,
                "probability": 0.8094,
                "type": "Person",
                "normalized_text": "Griffin"
            }
        ]
    },
    "source": "Twitter for Android",
    "in_reply_to_user_id": 2304239234
}