{
    "created_at": "2015-10-29 00:37:47+00:00",
    "id": 659529525693313024,
    "text": "@FiNeSSeHaVeN @heyitskaylah wow that's gross",
    "entities": {
        "mentions": [
            {
                "start": 0,
                "end": 13,
                "username": "FinesseHaveN",
                "id": "4838383249"
            },
            {
                "start": 14,
                "end": 27,
                "username": "HeyItsKaylah",
                "id": "1105525677686644736"
            }
        ]
    },
    "source": "Twitter for iPhone",
    "in_reply_to_user_id": 2304239234
}