{
    "created_at": "2015-10-30 18:33:25+00:00",
    "id": 660162609086271488,
    "text": "@Daniyalali90 @FiNeSSeHaVeN @Syedahmed664 bro you're so funny why can't I be like you please teach me your ways",
    "entities": {
        "mentions": [
            {
                "start": 0,
                "end": 13,
                "username": "Daniyalali90",
                "id": "3165684534"
            },
            {
                "start": 14,
                "end": 27,
                "username": "FinesseHaveN",
                "id": "4838383249"
            },
            {
                "start": 28,
                "end": 41,
                "username": "Syedahmed664",
                "id": "3022894268"
            }
        ]
    },
    "source": "Twitter for iPhone",
    "in_reply_to_user_id": 3165684534
}