{
    "created_at": "2015-11-01 22:09:59+00:00",
    "id": 660941885163315200,
    "text": "@FiNeSSeHaVeN @kfc \ud83d\udc48 is sueing three chinese companies. Supposedly it's not True.",
    "entities": {
        "mentions": [
            {
                "start": 0,
                "end": 13,
                "username": "FinesseHaveN",
                "id": "4838383249"
            },
            {
                "start": 14,
                "end": 18,
                "username": "kfc",
                "id": "15392391"
            }
        ]
    },
    "source": "Twitter for Android",
    "in_reply_to_user_id": 2304239234
}