{
    "created_at": "2015-11-02 05:47:35+00:00",
    "id": 661057042812153856,
    "text": "@FiNeSSeHaVeN @Di11on_ look what you just ate.",
    "entities": {
        "mentions": [
            {
                "start": 0,
                "end": 13,
                "username": "FinesseHaveN",
                "id": "4838383249"
            },
            {
                "start": 14,
                "end": 22,
                "username": "Di11on_",
                "id": "997738706"
            }
        ]
    },
    "source": "Twitter for iPhone",
    "in_reply_to_user_id": 2304239234
}