{
    "created_at": "2015-11-04 12:46:28+00:00",
    "id": 661887235961155584,
    "text": "@reallykamiku  OMG RT @Mullane45: Holy shit. Rupert Murdoch just killed National Geographic. https://t.co/mPQW1N1nPI\u201d",
    "entities": {
        "annotations": [
            {
                "start": 45,
                "end": 58,
                "probability": 0.9968,
                "type": "Person",
                "normalized_text": "Rupert Murdoch"
            },
            {
                "start": 72,
                "end": 90,
                "probability": 0.6934,
                "type": "Organization",
                "normalized_text": "National Geographic"
            }
        ],
        "mentions": [
            {
                "start": 0,
                "end": 13,
                "username": "reallykamiku",
                "id": "393425486"
            },
            {
                "start": 22,
                "end": 32,
                "username": "Mullane45",
                "id": "20250241"
            }
        ],
        "urls": [
            {
                "start": 93,
                "end": 116,
                "url": "https://t.co/mPQW1N1nPI",
                "expanded_url": "http://reverbpress.com/business/rupert-murdoch-national-geographic-layoffs/",
                "display_url": "reverbpress.com/business/ruper\u2026"
            }
        ]
    },
    "source": "Twitter for iPhone",
    "in_reply_to_user_id": 20250241
}