{
    "created_at": "2015-11-04 21:54:27+00:00",
    "id": 662025138259558400,
    "text": "@Mullane45 @ChuckWendig who could see this coming? (Besides me.)",
    "entities": {
        "mentions": [
            {
                "start": 0,
                "end": 10,
                "username": "Mullane45",
                "id": "20250241"
            },
            {
                "start": 11,
                "end": 23,
                "username": "ChuckWendig",
                "id": "26029878"
            }
        ]
    },
    "source": "Twitter for Android",
    "in_reply_to_user_id": 20250241
}