{
    "created_at": "2015-11-05 03:23:00+00:00",
    "id": 662107818925912064,
    "text": "@Mullane45 @FioraAeterna I don't get it, I thought they sold the magazine and TV and that it's the remaining part that's cutting jobs.",
    "entities": {
        "mentions": [
            {
                "start": 0,
                "end": 10,
                "username": "Mullane45",
                "id": "20250241"
            },
            {
                "start": 11,
                "end": 24,
                "username": "FioraAeterna",
                "id": "2468699718"
            }
        ]
    },
    "source": "Twitter Web Client",
    "in_reply_to_user_id": 20250241
}