{
    "created_at": "2015-11-16 01:56:08+00:00",
    "id": 666072224659542016,
    "text": "@DRUDGE_REPORT @JohnRiversToo Call out the Louisiana  guard and seal your borders. Raise the stars and bars and dare the bastard to take it.",
    "entities": {
        "mentions": [
            {
                "start": 0,
                "end": 14,
                "username": "DRUDGE_REPORT",
                "id": "14887069"
            },
            {
                "start": 15,
                "end": 29,
                "username": "JohnRiversToo",
                "id": "2812314881"
            }
        ],
        "annotations": [
            {
                "start": 43,
                "end": 51,
                "probability": 0.3576,
                "type": "Place",
                "normalized_text": "Louisiana"
            }
        ]
    },
    "source": "Twitter for Android",
    "in_reply_to_user_id": 14669951
}