{
    "created_at": "2015-11-16 01:53:31+00:00",
    "id": 666071566371852288,
    "text": "@DRUDGE_REPORT That's what I'm talking about!!  Even Jendal doesn't know.!!",
    "entities": {
        "mentions": [
            {
                "start": 0,
                "end": 14,
                "username": "DRUDGE_REPORT",
                "id": "14887069"
            }
        ],
        "annotations": [
            {
                "start": 53,
                "end": 58,
                "probability": 0.5066,
                "type": "Person",
                "normalized_text": "Jendal"
            }
        ]
    },
    "source": "Twitter Web Client",
    "in_reply_to_user_id": 14669951
}