{
    "created_at": "2015-11-16 03:13:42+00:00",
    "id": 666091745956892672,
    "text": "@DRUDGE_REPORT No \"refugees\". #ReturnToSender",
    "entities": {
        "hashtags": [
            {
                "start": 30,
                "end": 45,
                "tag": "ReturnToSender"
            }
        ],
        "mentions": [
            {
                "start": 0,
                "end": 14,
                "username": "DRUDGE_REPORT",
                "id": "14887069"
            }
        ]
    },
    "source": "Twitter Web Client",
    "in_reply_to_user_id": 14669951
}