{
    "created_at": "2015-11-18 02:53:28+00:00",
    "id": 666811432797872128,
    "text": "@DLoesch Get the1st Div out of Ft Riley and surrounded Mizzu with concertina wire.  Put the refugees there.  It is a safe place after all.",
    "entities": {
        "mentions": [
            {
                "start": 0,
                "end": 8,
                "username": "DLoesch",
                "id": "7702542"
            }
        ],
        "annotations": [
            {
                "start": 31,
                "end": 38,
                "probability": 0.486,
                "type": "Person",
                "normalized_text": "Ft Riley"
            },
            {
                "start": 55,
                "end": 59,
                "probability": 0.7733,
                "type": "Person",
                "normalized_text": "Mizzu"
            }
        ]
    },
    "source": "Twitter for Windows",
    "in_reply_to_user_id": 7702542
}