{
    "created_at": "2015-11-24 21:46:47+00:00",
    "id": 669270964878766080,
    "text": "@HistoricalPics @PaulGales1 sigh",
    "entities": {
        "mentions": [
            {
                "start": 0,
                "end": 15,
                "username": "HistoricalPics",
                "id": "1598644159"
            },
            {
                "start": 16,
                "end": 27,
                "username": "PaulGales1",
                "id": "1483263078"
            }
        ]
    },
    "source": "Twitter for iPhone",
    "in_reply_to_user_id": 1598644159
}