{
    "created_at": "2015-11-25 03:42:26+00:00",
    "id": 669360468591517697,
    "text": "@HistoricalPics @Markgatiss I'd buy that issue.",
    "entities": {
        "mentions": [
            {
                "start": 0,
                "end": 15,
                "username": "HistoricalPics",
                "id": "1598644159"
            },
            {
                "start": 16,
                "end": 27,
                "username": "Markgatiss",
                "id": "164242095"
            }
        ]
    },
    "source": "Twitter for Android",
    "in_reply_to_user_id": 1598644159
}