{
    "created_at": "2015-11-25 00:34:07+00:00",
    "id": 669313077448429568,
    "text": "@HistoricalPics It was a decent magazine before @rupertmurdoch  took over! The man ruins everything he touches :(",
    "entities": {
        "mentions": [
            {
                "start": 0,
                "end": 15,
                "username": "HistoricalPics",
                "id": "1598644159"
            },
            {
                "start": 48,
                "end": 62,
                "username": "rupertmurdoch",
                "id": "451586190"
            }
        ]
    },
    "source": "Twitter Web Client",
    "in_reply_to_user_id": 1598644159
}