{
    "created_at": "2015-11-25 17:56:44+00:00",
    "id": 669575458267119617,
    "text": "@daisynism You should help make up quotes by @realDonaldTrump use #DonaldTrumpWouldSayToGetElected",
    "entities": {
        "hashtags": [
            {
                "start": 66,
                "end": 98,
                "tag": "DonaldTrumpWouldSayToGetElected"
            }
        ],
        "mentions": [
            {
                "start": 45,
                "end": 61,
                "username": "realDonaldTrump",
                "id": "25073877"
            }
        ]
    },
    "source": "Twitter Web Client",
    "in_reply_to_user_id": 2743049739
}