{
    "created_at": "2015-11-25 20:53:50+00:00",
    "id": 669620027029606400,
    "text": "@snopes @LaurakBuzz I have never even heard of this before... I don't see how anyone would believe it.",
    "entities": {
        "mentions": [
            {
                "start": 0,
                "end": 7,
                "username": "snopes",
                "id": "14294848"
            },
            {
                "start": 8,
                "end": 19,
                "username": "LaurakBuzz",
                "id": "509274630"
            }
        ]
    },
    "source": "Twitter Web Client",
    "in_reply_to_user_id": 14294848
}