{
    "created_at": "2015-12-03 16:57:13+00:00",
    "id": 672459584301207553,
    "text": "@Dbargen @RebootLiberty Cause Obama has really bad aim.",
    "entities": {
        "mentions": [
            {
                "start": 0,
                "end": 8,
                "username": "Dbargen",
                "id": "23195603"
            },
            {
                "start": 9,
                "end": 23,
                "username": "RebootLiberty",
                "id": "2321322426"
            }
        ],
        "annotations": [
            {
                "start": 30,
                "end": 34,
                "probability": 0.9964,
                "type": "Person",
                "normalized_text": "Obama"
            }
        ]
    },
    "source": "Twitter for Android",
    "in_reply_to_user_id": 23195603
}