{
    "created_at": "2015-12-03 16:58:37+00:00",
    "id": 672459936740343808,
    "text": "@Dbargen @RebootLiberty @ColorMeRed why is the media saying 350 mass shooting this year?",
    "entities": {
        "mentions": [
            {
                "start": 0,
                "end": 8,
                "username": "Dbargen",
                "id": "23195603"
            },
            {
                "start": 9,
                "end": 23,
                "username": "RebootLiberty",
                "id": "2321322426"
            },
            {
                "start": 24,
                "end": 35,
                "username": "ColorMeRed",
                "id": "17233536"
            }
        ]
    },
    "source": "Tweetbot for i\u039fS",
    "in_reply_to_user_id": 23195603
}