{
    "created_at": "2015-12-03 23:04:27+00:00",
    "id": 672552003612991491,
    "text": "@Coloradogun worse, most irrelevant statistic on Twitter today.",
    "entities": {
        "mentions": [
            {
                "start": 0,
                "end": 12,
                "username": "Coloradogun",
                "id": "24486612"
            }
        ],
        "annotations": [
            {
                "start": 49,
                "end": 55,
                "probability": 0.6372,
                "type": "Product",
                "normalized_text": "Twitter"
            }
        ]
    },
    "source": "Twitter for iPhone",
    "in_reply_to_user_id": 24486612
}