{
    "created_at": "2015-12-04 03:55:55+00:00",
    "id": 672625350606725120,
    "text": "Perhaps Murdoch watched The Secret Life of Walter Mitty (2013), @HistoricalPics ?",
    "entities": {
        "annotations": [
            {
                "start": 8,
                "end": 14,
                "probability": 0.8809,
                "type": "Person",
                "normalized_text": "Murdoch"
            },
            {
                "start": 24,
                "end": 54,
                "probability": 0.6646,
                "type": "Other",
                "normalized_text": "The Secret Life of Walter Mitty"
            }
        ],
        "mentions": [
            {
                "start": 64,
                "end": 79,
                "username": "HistoricalPics",
                "id": "1598644159"
            }
        ]
    },
    "source": "Twitter Web Client",
    "in_reply_to_user_id": 1598644159
}