{
    "created_at": "2015-12-04 22:47:18+00:00",
    "id": 672910075766267905,
    "text": "@ABC WTH?! These guys are outrageous, describing FBI agent \"as if he could be a plant in a mosque?\" Very Incendiary language #SanBernadino",
    "entities": {
        "hashtags": [
            {
                "start": 125,
                "end": 138,
                "tag": "SanBernadino"
            }
        ],
        "mentions": [
            {
                "start": 0,
                "end": 4,
                "username": "ABC",
                "id": "28785486"
            }
        ],
        "annotations": [
            {
                "start": 49,
                "end": 51,
                "probability": 0.9532,
                "type": "Organization",
                "normalized_text": "FBI"
            }
        ]
    },
    "source": "Twitter Web Client",
    "in_reply_to_user_id": 28785486
}