{
    "created_at": "2015-12-05 13:34:11+00:00",
    "id": 673133267726544896,
    "text": "@peddoc63 after yesterday's appartment debacle, seems authorities are doing everything possible to foil an investigation?",
    "entities": {
        "mentions": [
            {
                "start": 0,
                "end": 9,
                "username": "peddoc63",
                "id": "893041820824997888"
            }
        ]
    },
    "source": "Twitter for Android",
    "in_reply_to_user_id": 1379288282
}