{
    "created_at": "2015-12-08 14:10:22+00:00",
    "id": 674229534888185856,
    "text": "Who said it: Donald Trump or Adolf Hitler? https://t.co/TeNQGqlsDO https://t.co/14mift70xs",
    "entities": {
        "urls": [
            {
                "start": 43,
                "end": 66,
                "url": "https://t.co/TeNQGqlsDO",
                "expanded_url": "http://www.telegraph.co.uk/news/worldnews/donald-trump/12038640/Who-said-it-Donald-Trump-or-Adolf-Hitler.html",
                "display_url": "telegraph.co.uk/news/worldnews\u2026"
            },
            {
                "start": 67,
                "end": 90,
                "url": "https://t.co/14mift70xs",
                "expanded_url": "https://twitter.com/Telegraph/status/674229534888185856/photo/1",
                "display_url": "pic.twitter.com/14mift70xs"
            }
        ],
        "annotations": [
            {
                "start": 13,
                "end": 24,
                "probability": 0.995,
                "type": "Person",
                "normalized_text": "Donald Trump"
            },
            {
                "start": 29,
                "end": 40,
                "probability": 0.9919,
                "type": "Person",
                "normalized_text": "Adolf Hitler"
            }
        ]
    },
    "source": "Echobox",
    "in_reply_to_user_id": null
}