{
    "created_at": "2015-12-08 14:30:15+00:00",
    "id": 674234537853984768,
    "text": "@Telegraph I fear for the world if Trump becomes the next president. I thought Kanye and Kim were dangerous but this guy is mad.",
    "entities": {
        "mentions": [
            {
                "start": 0,
                "end": 10,
                "username": "Telegraph",
                "id": "16343974"
            }
        ],
        "annotations": [
            {
                "start": 35,
                "end": 39,
                "probability": 0.9997,
                "type": "Person",
                "normalized_text": "Trump"
            },
            {
                "start": 79,
                "end": 83,
                "probability": 0.9995,
                "type": "Person",
                "normalized_text": "Kanye"
            },
            {
                "start": 89,
                "end": 91,
                "probability": 0.9987,
                "type": "Person",
                "normalized_text": "Kim"
            }
        ]
    },
    "source": "Twitter Web Client",
    "in_reply_to_user_id": 16343974
}