{
    "created_at": "2016-01-17 04:16:15+00:00",
    "id": 688575537279856640,
    "text": "@puppet5 @Lil_Eazy_Ana_42 @jamfan40 does that make it better?",
    "entities": {
        "mentions": [
            {
                "start": 0,
                "end": 8,
                "username": "puppet5",
                "id": "82628572"
            },
            {
                "start": 9,
                "end": 25,
                "username": "Lil_Eazy_Ana_42",
                "id": "170886667"
            },
            {
                "start": 26,
                "end": 35,
                "username": "jamfan40",
                "id": "295390785"
            }
        ]
    },
    "source": "Twitter for iPhone",
    "in_reply_to_user_id": 82628572
}