{
    "created_at": "2016-02-01 20:11:43+00:00",
    "id": 694251806738657280,
    "text": "@TheValleyReport @dragonstephanie thank you for your patience :)",
    "entities": {
        "mentions": [
            {
                "start": 0,
                "end": 16,
                "username": "TheValleyReport",
                "id": "3369234799"
            },
            {
                "start": 17,
                "end": 33,
                "username": "dragonstephanie",
                "id": "522626379"
            }
        ]
    },
    "source": "Twitter Web Client",
    "in_reply_to_user_id": 3369234799
}