{
    "created_at": "2016-03-01 22:51:38+00:00",
    "id": 704801297334190080,
    "text": "@realDonaldTrump you have the money, your the great builder, why haven't you built it already ?\nCruz appropriated $ to build",
    "entities": {
        "annotations": [
            {
                "start": 96,
                "end": 99,
                "probability": 0.8431,
                "type": "Person",
                "normalized_text": "Cruz"
            }
        ],
        "mentions": [
            {
                "start": 0,
                "end": 16,
                "username": "realDonaldTrump",
                "id": "25073877"
            }
        ]
    },
    "source": "Twitter for iPhone",
    "in_reply_to_user_id": 25073877
}